-- MySQL dump 10.13  Distrib 8.0.23, for Win64 (x86_64)
--
-- Host: localhost    Database: project
-- ------------------------------------------------------
-- Server version	8.0.23

/*!40101 SET @OLD_CHARACTER_SET_CLIENT=@@CHARACTER_SET_CLIENT */;
/*!40101 SET @OLD_CHARACTER_SET_RESULTS=@@CHARACTER_SET_RESULTS */;
/*!40101 SET @OLD_COLLATION_CONNECTION=@@COLLATION_CONNECTION */;
/*!50503 SET NAMES utf8 */;
/*!40103 SET @OLD_TIME_ZONE=@@TIME_ZONE */;
/*!40103 SET TIME_ZONE='+00:00' */;
/*!40014 SET @OLD_UNIQUE_CHECKS=@@UNIQUE_CHECKS, UNIQUE_CHECKS=0 */;
/*!40014 SET @OLD_FOREIGN_KEY_CHECKS=@@FOREIGN_KEY_CHECKS, FOREIGN_KEY_CHECKS=0 */;
/*!40101 SET @OLD_SQL_MODE=@@SQL_MODE, SQL_MODE='NO_AUTO_VALUE_ON_ZERO' */;
/*!40111 SET @OLD_SQL_NOTES=@@SQL_NOTES, SQL_NOTES=0 */;

--
-- Table structure for table `accountassets`
--

DROP TABLE IF EXISTS `accountassets`;
/*!40101 SET @saved_cs_client     = @@character_set_client */;
/*!50503 SET character_set_client = utf8mb4 */;
CREATE TABLE `accountassets` (
  `Asset_ID` int NOT NULL,
  `A_ID` int NOT NULL,
  `amount` int DEFAULT NULL,
  PRIMARY KEY (`Asset_ID`,`A_ID`),
  KEY `A_ID` (`A_ID`),
  CONSTRAINT `accountassets_ibfk_1` FOREIGN KEY (`A_ID`) REFERENCES `investment_account` (`A_ID`) ON UPDATE CASCADE,
  CONSTRAINT `accountassets_ibfk_2` FOREIGN KEY (`Asset_ID`) REFERENCES `assets` (`Asset_ID`) ON UPDATE CASCADE
) ENGINE=InnoDB DEFAULT CHARSET=utf8mb4 COLLATE=utf8mb4_0900_ai_ci;
/*!40101 SET character_set_client = @saved_cs_client */;

--
-- Dumping data for table `accountassets`
--

LOCK TABLES `accountassets` WRITE;
/*!40000 ALTER TABLE `accountassets` DISABLE KEYS */;
INSERT INTO `accountassets` VALUES (1,2490,23),(1,2491,56),(1,2503,14),(1,2504,52),(1,2506,85),(1,2510,88),(1,2520,74),(1,2521,66),(1,2539,85),(1,2541,90),(1,2543,82),(1,2554,76),(1,2556,1),(1,2561,65),(1,2563,92),(1,2566,88),(1,2573,17),(1,2577,69),(1,2597,10),(1,2599,51),(2,2489,39),(2,2495,52),(2,2498,30),(2,2500,6),(2,2502,94),(2,2512,30),(2,2514,22),(2,2519,43),(2,2523,4),(2,2524,28),(2,2528,80),(2,2533,100),(2,2535,36),(2,2537,24),(2,2538,81),(2,2540,63),(2,2544,18),(2,2549,30),(2,2555,59),(2,2557,24),(2,2565,78),(2,2568,66),(2,2571,3),(2,2588,10),(2,2589,8),(2,2591,22),(2,2594,79),(3,2492,19),(3,2496,62),(3,2497,81),(3,2499,59),(3,2507,18),(3,2511,6),(3,2526,66),(3,2532,43),(3,2534,60),(3,2552,18),(3,2553,54),(3,2558,20),(3,2562,33),(3,2567,19),(3,2574,88),(3,2578,67),(3,2579,55),(3,2580,29),(3,2583,7),(3,2596,27),(3,2598,38),(4,2488,51),(4,2493,4),(4,2501,59),(4,2508,23),(4,2509,89),(4,2515,4),(4,2517,55),(4,2527,74),(4,2531,32),(4,2542,12),(4,2545,70),(4,2547,35),(4,2551,37),(4,2560,65),(4,2564,71),(4,2570,55),(4,2572,64),(4,2576,50),(4,2585,9),(4,2590,3),(4,2593,56),(5,2494,53),(5,2505,87),(5,2513,52),(5,2516,68),(5,2518,61),(5,2522,45),(5,2525,24),(5,2529,35),(5,2530,29),(5,2536,28),(5,2546,89),(5,2548,53),(5,2550,54),(5,2559,98),(5,2569,88),(5,2575,16),(5,2581,69),(5,2582,29),(5,2584,4),(5,2586,18),(5,2587,30),(5,2592,34),(5,2595,21),(6,2492,29),(6,2496,8),(6,2497,98),(6,2498,59),(6,2500,38),(6,2502,50),(6,2504,7),(6,2506,100),(6,2515,92),(6,2528,14),(6,2532,65),(6,2551,78),(6,2558,13),(6,2559,28),(6,2564,88),(6,2568,57),(6,2571,69),(6,2572,31),(6,2573,23),(6,2576,50),(6,2580,78),(6,2581,33),(6,2587,23),(6,2590,37),(6,2599,70),(7,2490,65),(7,2495,44),(7,2510,35),(7,2512,50),(7,2514,16),(7,2518,22),(7,2519,97),(7,2520,87),(7,2526,23),(7,2534,48),(7,2538,43),(7,2539,84),(7,2541,8),(7,2542,67),(7,2544,57),(7,2549,40),(7,2560,24),(7,2567,76),(7,2570,72),(7,2579,2),(7,2583,1),(7,2586,89),(7,2588,24),(7,2595,53),(8,2489,11),(8,2491,92),(8,2516,71),(8,2517,41),(8,2531,6),(8,2537,58),(8,2545,6),(8,2552,79),(8,2562,95),(8,2563,53),(8,2569,51),(8,2591,59),(8,2593,31),(9,2493,48),(9,2494,82),(9,2499,77),(9,2505,70),(9,2507,15),(9,2513,6),(9,2521,27),(9,2523,100),(9,2524,68),(9,2525,3),(9,2527,84),(9,2529,57),(9,2530,41),(9,2535,17),(9,2536,49),(9,2540,80),(9,2543,15),(9,2546,96),(9,2547,36),(9,2553,56),(9,2555,66),(9,2556,55),(9,2561,39),(9,2565,41),(9,2566,68),(9,2574,49),(9,2575,58),(9,2578,93),(9,2582,45),(9,2584,27),(9,2585,60),(9,2589,83),(10,2488,85),(10,2501,91),(10,2503,12),(10,2508,15),(10,2509,66),(10,2511,52),(10,2522,91),(10,2533,68),(10,2548,38),(10,2550,19),(10,2554,40),(10,2557,28),(10,2577,68),(10,2592,82),(10,2594,5),(10,2596,43),(10,2597,49),(10,2598,14),(11,2500,19),(11,2501,3),(11,2511,65),(11,2514,93),(11,2518,8),(11,2519,79),(11,2520,46),(11,2526,78),(11,2529,11),(11,2536,27),(11,2537,37),(11,2547,73),(11,2550,7),(11,2563,14),(11,2564,63),(11,2592,57),(11,2594,80),(11,2599,47),(12,2488,81),(12,2495,96),(12,2496,34),(12,2498,45),(12,2502,74),(12,2505,49),(12,2509,66),(12,2517,34),(12,2527,34),(12,2532,35),(12,2549,13),(12,2553,35),(12,2554,29),(12,2574,15),(12,2577,28),(12,2581,35),(12,2584,99),(12,2590,9),(12,2595,85),(12,2598,43),(13,2492,95),(13,2494,73),(13,2499,75),(13,2506,78),(13,2508,46),(13,2510,72),(13,2513,80),(13,2515,32),(13,2524,39),(13,2528,47),(13,2530,88),(13,2533,70),(13,2538,24),(13,2546,39),(13,2548,99),(13,2558,64),(13,2560,72),(13,2561,2),(13,2576,51),(13,2582,13),(13,2583,56),(13,2585,62),(13,2587,66),(14,2489,52),(14,2497,28),(14,2507,51),(14,2512,58),(14,2542,98),(14,2544,60),(14,2551,49),(14,2555,55),(14,2559,36),(14,2566,29),(14,2567,2),(14,2569,15),(14,2570,36),(14,2571,89),(14,2579,81),(14,2586,17),(14,2588,46),(14,2591,87),(14,2593,8),(15,2490,79973),(15,2491,80041),(15,2493,83621),(15,2503,76528),(15,2504,68833),(15,2516,2877),(15,2521,39755),(15,2522,82754),(15,2523,61140),(15,2525,31867),(15,2531,11889),(15,2534,54755),(15,2535,96559),(15,2539,45869),(15,2540,40339),(15,2541,79241),(15,2543,10595),(15,2545,57423),(15,2552,75333),(15,2556,89469),(15,2557,47404),(15,2562,72135),(15,2565,58494),(15,2568,22428),(15,2572,93268),(15,2573,97280),(15,2575,99838),(15,2578,93421),(15,2580,27372),(15,2589,12822),(15,2596,15517),(15,2597,62897);
/*!40000 ALTER TABLE `accountassets` ENABLE KEYS */;
UNLOCK TABLES;

--
-- Table structure for table `accounts`
--

DROP TABLE IF EXISTS `accounts`;
/*!40101 SET @saved_cs_client     = @@character_set_client */;
/*!50503 SET character_set_client = utf8mb4 */;
CREATE TABLE `accounts` (
  `A_ID` int NOT NULL,
  `C_ID` int DEFAULT NULL,
  PRIMARY KEY (`A_ID`),
  KEY `C_ID` (`C_ID`),
  CONSTRAINT `accounts_ibfk_1` FOREIGN KEY (`C_ID`) REFERENCES `customer` (`C_ID`) ON UPDATE CASCADE
) ENGINE=InnoDB DEFAULT CHARSET=utf8mb4 COLLATE=utf8mb4_0900_ai_ci;
/*!40101 SET character_set_client = @saved_cs_client */;

--
-- Dumping data for table `accounts`
--

LOCK TABLES `accounts` WRITE;
/*!40000 ALTER TABLE `accounts` DISABLE KEYS */;
INSERT INTO `accounts` VALUES (283,13500),(1109,13500),(2218,13500),(867,13501),(913,13501),(2176,13501),(838,13502),(1253,13502),(1767,13502),(2494,13502),(785,13503),(445,13504),(1861,13504),(1573,13505),(15,13506),(1138,13506),(484,13507),(1541,13507),(1852,13507),(602,13508),(1123,13509),(241,13510),(1453,13510),(316,13511),(1538,13511),(2254,13511),(764,13512),(1111,13512),(277,13513),(2093,13513),(813,13514),(1222,13514),(1825,13515),(730,13516),(1533,13516),(2122,13516),(777,13517),(1686,13517),(929,13518),(1829,13518),(1112,13519),(2219,13519),(780,13520),(1326,13520),(2186,13520),(564,13521),(1282,13521),(2347,13521),(9,13522),(1161,13522),(1762,13522),(292,13523),(1068,13523),(2371,13523),(661,13524),(1545,13524),(2344,13524),(317,13525),(1179,13525),(1787,13525),(2561,13525),(716,13526),(1944,13526),(166,13527),(1497,13527),(2326,13528),(260,13529),(1624,13529),(2398,13529),(590,13530),(1989,13530),(1387,13531),(2381,13531),(541,13532),(1690,13532),(2096,13532),(893,13533),(1395,13533),(2495,13533),(953,13534),(609,13536),(1641,13536),(620,13537),(1094,13537),(197,13538),(1961,13538),(768,13539),(1790,13539),(67,13540),(1481,13540),(2078,13540),(2541,13540),(99,13541),(1197,13541),(1832,13541),(5,13542),(1712,13542),(2145,13542),(1797,13543),(185,13544),(1606,13544),(2207,13544),(286,13545),(1743,13545),(162,13546),(1415,13546),(1937,13546),(54,13547),(2119,13548),(619,13549),(1913,13549),(441,13550),(1106,13550),(2435,13550),(123,13551),(1141,13551),(2160,13551),(577,13552),(2490,13552),(833,13553),(2027,13553),(140,13554),(1264,13554),(708,13555),(1243,13555),(755,13556),(998,13556),(1867,13556),(1297,13557),(1728,13558),(594,13559),(978,13559),(502,13560),(1151,13560),(765,13561),(1571,13561),(186,13562),(1658,13562),(1986,13562),(138,13563),(363,13564),(976,13564),(795,13565),(1099,13565),(2481,13565),(510,13566),(1948,13566),(506,13567),(2457,13567),(558,13568),(2293,13568),(526,13569),(1721,13569),(2193,13569),(131,13570),(960,13570),(2231,13570),(2594,13570),(518,13571),(432,13572),(1958,13572),(703,13573),(1615,13573),(1977,13573),(251,13574),(1487,13574),(237,13575),(2373,13575),(2555,13575),(901,13576),(745,13577),(903,13577),(2509,13577),(1645,13578),(2307,13578),(240,13579),(2303,13579),(839,13580),(1009,13580),(2199,13580),(448,13581),(1333,13581),(889,13582),(1369,13582),(2300,13582),(313,13583),(1465,13583),(2275,13583),(1629,13584),(2327,13584),(804,13585),(1105,13585),(2324,13585),(409,13587),(271,13588),(1266,13588),(2592,13588),(1414,13589),(2250,13589),(444,13590),(1005,13590),(298,13591),(930,13591),(2163,13591),(461,13592),(1460,13592),(1922,13592),(371,13593),(1625,13593),(167,13594),(1389,13594),(1792,13594),(1328,13595),(2246,13595),(1734,13596),(1842,13596),(1445,13597),(819,13598),(1383,13598),(181,13599),(1352,13599),(2260,13599),(1049,13600),(2212,13600),(575,13601),(2432,13601),(96,13602),(1051,13602),(1899,13602),(746,13603),(1122,13603),(1823,13603),(595,13604),(1578,13604),(2388,13604),(348,13605),(1240,13605),(2179,13605),(384,13606),(1435,13606),(2322,13606),(591,13607),(1020,13607),(2372,13607),(841,13608),(1274,13608),(2134,13608),(553,13609),(1590,13609),(1740,13609),(827,13610),(1491,13610),(2431,13610),(200,13611),(1021,13611),(392,13612),(365,13613),(1927,13613),(876,13614),(1730,13614),(1980,13614),(229,13615),(1766,13615),(511,13616),(1462,13616),(2419,13616),(658,13617),(1056,13617),(2001,13617),(1255,13619),(2155,13619),(1149,13620),(2484,13620),(522,13621),(1969,13621),(102,13622),(924,13622),(2451,13622),(302,13623),(1754,13623),(299,13624),(288,13625),(1304,13625),(1744,13625),(788,13626),(1631,13626),(2353,13626),(297,13627),(1058,13627),(2296,13627),(696,13628),(1981,13628),(2543,13628),(885,13629),(1703,13629),(805,13630),(2331,13630),(1534,13631),(2384,13631),(59,13632),(1135,13632),(2105,13632),(20,13633),(1350,13633),(1777,13633),(182,13634),(1195,13634),(2369,13634),(173,13635),(1461,13635),(1854,13635),(657,13636),(934,13636),(2084,13636),(28,13637),(1618,13637),(694,13638),(1529,13638),(2221,13638),(2539,13638),(402,13639),(1167,13639),(1793,13639),(1474,13640),(349,13641),(1185,13641),(2317,13641),(763,13642),(1131,13642),(269,13643),(1067,13643),(547,13644),(1815,13644),(2599,13644),(685,13645),(1043,13645),(1891,13645),(628,13646),(980,13646),(1893,13646),(551,13647),(1371,13647),(1876,13647),(362,13648),(1566,13648),(2010,13648),(769,13649),(1136,13649),(27,13650),(1562,13650),(1884,13650),(2589,13650),(671,13651),(1247,13651),(2476,13651),(786,13652),(1692,13652),(2167,13652),(480,13653),(984,13653),(1190,13654),(2020,13654),(2542,13654),(279,13655),(1015,13655),(1983,13655),(361,13656),(1218,13656),(2472,13656),(516,13657),(1752,13657),(2574,13657),(6,13658),(1588,13658),(615,13659),(958,13659),(2354,13659),(44,13660),(1213,13660),(683,13661),(1418,13661),(2180,13661),(202,13662),(1397,13662),(1833,13662),(578,13663),(2008,13663),(389,13664),(1537,13664),(596,13665),(1196,13665),(281,13666),(1670,13666),(1827,13666),(92,13667),(1737,13667),(1963,13667),(433,13668),(1706,13668),(2287,13668),(505,13669),(1183,13669),(1933,13669),(622,13670),(1060,13670),(1739,13670),(621,13671),(1550,13671),(898,13672),(1478,13672),(2441,13672),(301,13673),(1634,13673),(2194,13673),(113,13674),(1251,13674),(2325,13674),(383,13675),(1108,13675),(467,13676),(1464,13676),(2377,13676),(436,13677),(1427,13677),(1769,13677),(8,13678),(1517,13678),(2104,13678),(2513,13678),(188,13679),(1217,13679),(1855,13679),(10,13680),(982,13680),(1804,13680),(2031,13681),(338,13682),(1239,13682),(2314,13682),(686,13683),(1118,13683),(1023,13684),(1946,13684),(2550,13684),(731,13685),(1524,13685),(1906,13685),(652,13686),(1420,13686),(32,13687),(1355,13687),(2066,13687),(688,13688),(1052,13688),(2249,13688),(443,13689),(1522,13689),(713,13690),(1441,13690),(2482,13690),(649,13691),(961,13691),(191,13692),(1257,13692),(2019,13692),(431,13693),(1305,13693),(2223,13693),(766,13694),(1626,13694),(2072,13694),(1672,13696),(2306,13696),(739,13697),(1025,13697),(2112,13697),(309,13698),(1452,13698),(2284,13698),(1515,13699),(704,13700),(1436,13700),(2168,13700),(376,13701),(2177,13701),(584,13702),(1208,13702),(215,13703),(1449,13703),(2446,13703),(1,13704),(2165,13704),(560,13705),(1277,13705),(2220,13705),(642,13706),(1372,13706),(896,13707),(1702,13707),(1953,13707),(122,13708),(1097,13708),(2320,13708),(194,13709),(1078,13709),(1860,13709),(497,13710),(2181,13710),(617,13711),(1835,13711),(2319,13712),(214,13713),(1840,13713),(1127,13714),(2095,13714),(851,13715),(1580,13715),(1761,13715),(2537,13715),(153,13716),(1440,13716),(2470,13716),(477,13717),(1741,13717),(762,13718),(1490,13718),(756,13719),(597,13720),(771,13721),(1685,13721),(2142,13721),(2564,13721),(259,13722),(2430,13722),(175,13723),(310,13724),(1714,13724),(354,13725),(1674,13725),(2243,13725),(529,13726),(1651,13726),(593,13727),(1310,13727),(2130,13727),(176,13728),(1003,13728),(2206,13728),(1569,13729),(1338,13730),(2146,13730),(128,13731),(2269,13731),(759,13732),(1129,13732),(312,13733),(1100,13733),(2228,13733),(485,13734),(1022,13734),(2071,13734),(1563,13735),(462,13736),(1298,13736),(1996,13736),(2563,13736),(536,13737),(1649,13737),(2519,13737),(736,13738),(2464,13738),(2536,13738),(843,13739),(1735,13739),(722,13740),(1076,13740),(572,13741),(1724,13741),(2376,13741),(63,13742),(1248,13742),(2394,13742),(245,13743),(1469,13743),(2182,13743),(883,13744),(938,13744),(2585,13744),(757,13745),(1367,13745),(1753,13745),(482,13746),(1421,13746),(2251,13746),(568,13747),(1602,13747),(2198,13747),(332,13748),(1200,13748),(1955,13748),(417,13749),(1661,13749),(1757,13749),(43,13750),(2098,13750),(232,13751),(941,13751),(2273,13751),(247,13752),(1727,13752),(2016,13752),(1525,13753),(179,13754),(1071,13754),(2449,13754),(323,13755),(129,13756),(1084,13756),(1888,13756),(520,13757),(1231,13757),(674,13758),(1040,13758),(2240,13758),(1263,13759),(101,13760),(1639,13760),(2362,13760),(800,13761),(2588,13761),(589,13762),(1345,13762),(2048,13762),(220,13763),(1722,13763),(1794,13763),(11,13764),(1193,13764),(1984,13764),(359,13765),(2183,13765),(81,13766),(1285,13766),(2295,13766),(322,13767),(1258,13767),(1967,13767),(489,13768),(2486,13768),(1410,13769),(2123,13769),(400,13770),(1531,13770),(1938,13770),(588,13771),(1377,13771),(2313,13771),(82,13772),(1431,13772),(2012,13772),(514,13773),(1280,13773),(1931,13773),(772,13774),(406,13775),(1362,13775),(451,13776),(1054,13776),(416,13777),(1558,13777),(231,13778),(1539,13778),(1905,13778),(86,13779),(1582,13779),(2101,13779),(2560,13779),(274,13780),(1919,13780),(2253,13781),(1402,13782),(1915,13782),(692,13783),(72,13784),(1300,13784),(2215,13784),(284,13785),(1116,13785),(1885,13785),(216,13786),(940,13786),(1745,13786),(1384,13787),(427,13788),(1002,13788),(1778,13788),(413,13789),(1505,13789),(1772,13789),(540,13790),(1381,13790),(1802,13790),(94,13791),(1007,13792),(1880,13792),(1434,13793),(2340,13793),(483,13795),(922,13795),(1817,13795),(1163,13796),(2139,13796),(133,13797),(1932,13797),(291,13798),(2348,13798),(2508,13798),(343,13799),(1520,13799),(2417,13799),(884,13800),(1254,13800),(2108,13800),(576,13801),(1585,13801),(2049,13801),(508,13802),(1595,13802),(2077,13802),(1273,13803),(779,13804),(1514,13804),(2090,13804),(636,13805),(1012,13805),(664,13806),(939,13806),(2002,13806),(527,13807),(1394,13807),(337,13808),(1500,13808),(2062,13808),(276,13809),(1758,13809),(2598,13809),(142,13810),(1612,13810),(1902,13810),(50,13811),(968,13811),(1965,13811),(438,13812),(1575,13812),(2064,13812),(2548,13812),(151,13813),(1484,13813),(105,13814),(949,13814),(1935,13814),(1401,13815),(1831,13815),(38,13816),(1611,13816),(2515,13816),(2057,13817),(868,13818),(2434,13818),(631,13819),(900,13819),(491,13820),(2248,13820),(663,13821),(2195,13821),(250,13822),(1130,13822),(1957,13822),(613,13823),(1510,13823),(2263,13823),(330,13824),(1209,13824),(1844,13824),(816,13825),(972,13825),(2361,13825),(1072,13826),(894,13827),(1207,13827),(2091,13827),(645,13828),(1017,13828),(2232,13828),(255,13829),(1681,13829),(2450,13829),(523,13830),(1205,13830),(814,13831),(1143,13831),(1998,13831),(702,13832),(1203,13832),(2471,13832),(531,13833),(1388,13833),(207,13834),(1065,13834),(2169,13834),(165,13835),(1125,13835),(1544,13836),(1975,13836),(152,13837),(1732,13837),(2082,13837),(611,13838),(1321,13838),(879,13839),(1379,13839),(1172,13840),(1978,13840),(456,13841),(1168,13841),(2156,13841),(294,13842),(1438,13842),(2310,13842),(699,13843),(2234,13843),(91,13844),(1320,13844),(2210,13844),(2579,13844),(712,13845),(1356,13845),(1995,13845),(364,13846),(1603,13846),(2401,13846),(37,13847),(1341,13847),(2573,13847),(1655,13848),(1908,13848),(1192,13849),(862,13850),(1037,13850),(2201,13850),(97,13851),(1433,13851),(2530,13851),(206,13852),(2375,13853),(720,13854),(735,13855),(1307,13855),(1971,13855),(70,13856),(1400,13856),(2035,13856),(2534,13856),(977,13857),(2226,13857),(84,13858),(1096,13858),(2003,13858),(13,13859),(426,13860),(1070,13860),(2456,13860),(496,13861),(1092,13861),(770,13862),(1286,13862),(2406,13862),(601,13863),(1330,13863),(2247,13863),(390,13864),(931,13864),(1663,13865),(909,13866),(2039,13866),(675,13867),(919,13867),(2261,13867),(1308,13868),(880,13869),(1521,13869),(2338,13869),(7,13870),(1234,13870),(2489,13870),(566,13871),(1939,13871),(83,13872),(1424,13872),(2187,13872),(157,13873),(1708,13873),(265,13874),(1171,13874),(98,13875),(1137,13875),(1964,13875),(1339,13876),(2006,13877),(375,13878),(925,13878),(2068,13878),(16,13879),(2510,13879),(411,13880),(1074,13880),(1774,13880),(546,13881),(1175,13881),(2403,13881),(525,13882),(1034,13882),(1837,13882),(178,13883),(1694,13883),(2126,13883),(428,13884),(1665,13884),(2040,13884),(1315,13885),(1925,13885),(357,13886),(2521,13886),(778,13887),(1393,13887),(2553,13887),(600,13888),(1107,13888),(1872,13888),(230,13889),(1599,13889),(2083,13889),(2522,13889),(825,13890),(1471,13890),(873,13891),(1423,13891),(1877,13891),(2110,13892),(2582,13892),(610,13893),(1609,13893),(1850,13893),(783,13894),(1407,13894),(2204,13894),(273,13895),(1406,13895),(1897,13895),(62,13896),(1807,13896),(740,13897),(1581,13897),(2330,13897),(2552,13897),(565,13898),(1062,13898),(2052,13898),(492,13899),(1236,13899),(2211,13899),(1342,13900),(2004,13900),(100,13901),(1316,13901),(1760,13901),(452,13902),(1508,13902),(2258,13902),(114,13903),(706,13904),(1782,13904),(1470,13905),(1985,13905),(401,13906),(1858,13906),(377,13907),(1029,13907),(2268,13907),(404,13908),(1583,13908),(2334,13908),(399,13909),(1080,13909),(732,13910),(1673,13910),(2392,13910),(355,13911),(920,13911),(110,13912),(2440,13912),(1528,13913),(2465,13913),(30,13914),(1594,13914),(2437,13914),(1512,13915),(1834,13915),(2504,13915),(1535,13916),(2318,13916),(1949,13917),(1331,13918),(2291,13918),(603,13919),(1848,13919),(847,13920),(1540,13920),(2305,13920),(141,13921),(2352,13921),(446,13922),(1463,13922),(1866,13922),(532,13923),(1173,13923),(2086,13923),(56,13924),(1044,13924),(2174,13924),(23,13925),(1144,13925),(1846,13925),(295,13926),(928,13926),(2129,13926),(159,13927),(1617,13927),(1799,13927),(321,13928),(1493,13928),(2391,13928),(1930,13929),(494,13930),(1036,13930),(1856,13930),(65,13931),(1608,13931),(2189,13931),(195,13932),(1613,13932),(1249,13933),(2236,13933),(201,13934),(2368,13934),(196,13936),(1146,13936),(1779,13936),(60,13937),(1547,13937),(2141,13937),(2492,13937),(261,13938),(2480,13938),(887,13939),(1303,13939),(2203,13939),(2525,13939),(821,13940),(1004,13940),(2554,13940),(132,13941),(1142,13941),(2270,13941),(29,13942),(1458,13942),(1936,13942),(395,13943),(1319,13943),(569,13944),(1430,13944),(1909,13944),(2578,13944),(434,13945),(1671,13945),(2113,13945),(614,13946),(1536,13946),(2429,13946),(554,13947),(1473,13947),(2050,13947),(1480,13948),(2409,13948),(837,13949),(1413,13949),(1763,13949),(580,13950),(1404,13950),(1994,13950),(842,13951),(1318,13951),(1796,13951),(2551,13951),(654,13952),(1189,13952),(2458,13952),(380,13953),(1684,13953),(2428,13953),(163,13954),(1033,13954),(2021,13954),(824,13955),(1201,13955),(2397,13955),(866,13956),(2106,13956),(40,13957),(2423,13957),(892,13958),(1610,13958),(1966,13958),(149,13959),(1561,13959),(2172,13959),(324,13960),(1991,13960),(640,13961),(1194,13961),(2144,13961),(17,13962),(935,13962),(2042,13962),(328,13963),(1439,13963),(2038,13963),(218,13964),(1499,13964),(2051,13964),(811,13965),(1322,13965),(115,13966),(1237,13966),(616,13967),(1718,13967),(791,13968),(1219,13968),(2356,13968),(2505,13968),(57,13969),(2328,13969),(334,13970),(1057,13970),(2569,13970),(333,13971),(1378,13971),(1990,13971),(429,13972),(937,13972),(2383,13972),(1726,13973),(2015,13973),(64,13974),(2099,13974),(358,13975),(1042,13975),(2453,13975),(315,13976),(1530,13976),(2046,13976),(256,13977),(1783,13977),(440,13978),(1447,13978),(2524,13978),(385,13979),(2360,13979),(190,13980),(1477,13980),(2235,13980),(19,13981),(1429,13981),(539,13982),(1162,13982),(80,13983),(1223,13983),(790,13984),(1343,13984),(2395,13984),(979,13985),(550,13986),(1079,13986),(877,13987),(1549,13987),(2370,13987),(168,13988),(1632,13988),(1750,13988),(471,13989),(2323,13989),(840,13990),(1165,13990),(473,13991),(1454,13991),(268,13992),(1187,13992),(2036,13992),(627,13993),(2225,13993),(711,13994),(1642,13994),(1878,13994),(465,13995),(1442,13995),(2422,13995),(311,13996),(1045,13996),(1976,13996),(810,13997),(886,13998),(1519,13998),(1839,13998),(871,13999),(983,13999),(71,14000),(1113,14000),(2030,14000),(2496,14000),(388,14001),(1245,14001),(1920,14001),(524,14002),(1081,14002),(1756,14002),(208,14003),(915,14003),(490,14004),(1710,14004),(2017,14004),(633,14005),(992,14005),(2117,14005),(792,14006),(2444,14006),(557,14007),(1155,14007),(2245,14007),(378,14008),(1210,14008),(2118,14008),(545,14009),(917,14009),(1863,14009),(236,14010),(1340,14010),(2301,14010),(555,14011),(996,14011),(2085,14011),(223,14012),(1992,14012),(2503,14012),(2365,14013),(1668,14014),(902,14015),(2516,14015),(1128,14016),(1874,14016),(1212,14017),(2214,14017),(2567,14017),(586,14018),(1771,14018),(2517,14018),(224,14019),(1699,14019),(2158,14019),(854,14020),(1475,14020),(2065,14020),(1657,14021),(488,14022),(2267,14022),(849,14023),(914,14023),(303,14024),(1093,14024),(2056,14024),(761,14025),(460,14026),(1373,14026),(1809,14026),(781,14027),(1169,14027),(1890,14027),(289,14028),(1323,14028),(2346,14028),(834,14029),(1324,14029),(598,14030),(353,14031),(1518,14031),(2308,14031),(109,14032),(1055,14032),(2277,14032),(164,14033),(1302,14033),(2024,14033),(817,14034),(1104,14034),(608,14035),(1819,14035),(734,14036),(1489,14036),(2154,14036),(1426,14037),(1786,14037),(189,14038),(1359,14038),(1803,14038),(106,14039),(994,14039),(1894,14039),(79,14040),(1591,14040),(2363,14040),(158,14041),(1335,14041),(2135,14041),(963,14042),(2535,14042),(304,14043),(1314,14043),(2121,14043),(697,14044),(2427,14044),(169,14045),(1180,14045),(2315,14045),(199,14046),(1202,14046),(407,14047),(927,14047),(479,14048),(1296,14048),(2420,14048),(760,14049),(1026,14049),(2097,14049),(249,14050),(1457,14050),(612,14051),(987,14051),(2485,14051),(775,14052),(1176,14052),(2459,14052),(807,14053),(1543,14053),(1865,14053),(352,14054),(1261,14054),(1755,14054),(1281,14055),(2285,14055),(888,14056),(1422,14056),(2262,14056),(478,14057),(1358,14057),(1942,14057),(829,14058),(1396,14059),(1987,14059),(373,14060),(1102,14060),(1738,14060),(2546,14060),(52,14061),(999,14061),(2378,14061),(499,14062),(1637,14062),(454,14063),(1432,14063),(2274,14063),(637,14064),(2390,14065),(2488,14065),(420,14066),(1301,14066),(1780,14066),(2584,14066),(754,14067),(1711,14067),(2276,14067),(430,14068),(1259,14068),(2367,14068),(667,14069),(1013,14069),(2043,14069),(107,14070),(1077,14070),(1124,14071),(1828,14071),(677,14072),(1695,14072),(2230,14072),(773,14073),(1411,14073),(2067,14073),(823,14074),(1019,14074),(2055,14074),(818,14075),(1174,14075),(2281,14075),(543,14076),(1719,14076),(2333,14076),(68,14077),(1812,14077),(45,14078),(990,14078),(665,14079),(995,14079),(2184,14079),(34,14080),(670,14081),(997,14081),(1805,14081),(73,14082),(1923,14082),(2467,14083),(750,14084),(965,14084),(2283,14084),(12,14085),(1849,14085),(2591,14085),(425,14086),(1564,14086),(2337,14086),(1527,14087),(1101,14088),(2436,14088),(2290,14089),(509,14090),(1705,14090),(1822,14090),(2491,14090),(797,14091),(487,14092),(2060,14092),(503,14093),(1039,14093),(2025,14093),(459,14094),(1346,14094),(2288,14094),(865,14095),(974,14095),(820,14096),(1014,14096),(1826,14096),(414,14097),(1311,14097),(656,14098),(1653,14098),(1226,14099),(2120,14099),(439,14100),(1204,14100),(1746,14100),(26,14101),(262,14102),(1664,14102),(2278,14102),(95,14103),(1235,14103),(796,14104),(1063,14104),(2032,14104),(861,14105),(1614,14105),(1907,14105),(238,14106),(1098,14106),(2041,14106),(2493,14106),(1666,14108),(2074,14108),(809,14109),(1559,14109),(2192,14109),(856,14110),(1050,14110),(793,14111),(1647,14111),(2411,14111),(647,14112),(1182,14112),(1765,14112),(784,14113),(2213,14113),(248,14114),(2233,14114),(626,14115),(2329,14115),(450,14116),(1272,14116),(1988,14116),(381,14117),(1565,14117),(2271,14117),(899,14118),(1556,14118),(2280,14118),(486,14119),(210,14120),(2094,14120),(1374,14121),(552,14122),(2289,14122),(47,14123),(1139,14123),(2332,14123),(2565,14123),(160,14124),(1552,14124),(2255,14124),(156,14125),(2244,14125),(1398,14126),(2076,14126),(78,14127),(1351,14127),(1800,14127),(2506,14127),(507,14128),(1622,14128),(2023,14128),(257,14129),(1227,14129),(2170,14129),(393,14130),(1479,14131),(624,14132),(1246,14133),(870,14134),(418,14135),(951,14135),(1791,14135),(587,14136),(1353,14136),(1954,14136),(336,14137),(955,14137),(2191,14137),(2576,14137),(263,14138),(1959,14138),(2502,14138),(1443,14139),(235,14140),(135,14141),(966,14141),(2265,14141),(585,14142),(1448,14142),(2279,14142),(812,14143),(943,14143),(643,14144),(1601,14144),(2421,14144),(2587,14144),(108,14145),(1088,14145),(2264,14145),(662,14146),(1000,14146),(1059,14147),(2224,14147),(1409,14148),(2389,14148),(632,14149),(1134,14149),(2061,14149),(1704,14150),(2205,14150),(2529,14150),(679,14151),(1103,14151),(2500,14151),(2475,14152),(75,14153),(1662,14153),(1329,14154),(2266,14154),(2596,14154),(410,14155),(1683,14155),(2351,14155),(396,14156),(1365,14156),(1871,14156),(2531,14156),(1567,14157),(548,14158),(1507,14158),(319,14159),(969,14159),(2107,14159),(776,14160),(1437,14160),(717,14161),(1633,14161),(2175,14161),(1736,14162),(2237,14162),(204,14163),(1156,14163),(2014,14163),(278,14164),(1244,14164),(2478,14164),(366,14165),(2162,14165),(495,14166),(944,14166),(35,14167),(1283,14167),(2282,14167),(855,14168),(1256,14168),(570,14169),(1982,14169),(458,14170),(1485,14170),(1951,14170),(651,14171),(1403,14171),(1572,14172),(227,14173),(2033,14173),(803,14174),(2339,14174),(344,14175),(1271,14175),(2359,14175),(747,14176),(2188,14176),(3,14177),(1659,14177),(2469,14177),(875,14178),(1882,14178),(515,14179),(1164,14179),(2053,14179),(367,14180),(1687,14180),(2462,14180),(2523,14180),(2364,14181),(2501,14181),(556,14182),(1813,14182),(287,14183),(1952,14183),(592,14184),(923,14184),(2345,14184),(655,14185),(933,14185),(2460,14185),(453,14186),(1456,14186),(693,14187),(1709,14187),(1838,14187),(864,14188),(1008,14188),(493,14189),(860,14190),(1627,14190),(2159,14190),(581,14191),(1416,14192),(2426,14192),(48,14193),(1325,14193),(2011,14193),(193,14194),(1605,14194),(308,14195),(1619,14195),(2580,14195),(1047,14196),(895,14197),(1597,14197),(2474,14197),(470,14198),(1751,14198),(2102,14199),(177,14200),(1504,14200),(1929,14200),(743,14201),(2408,14201),(2562,14201),(326,14202),(1140,14202),(2058,14202),(327,14203),(1679,14203),(161,14204),(1542,14204),(340,14205),(1557,14205),(134,14206),(2455,14206),(66,14207),(1636,14207),(2190,14207),(225,14208),(1638,14208),(1979,14208),(351,14209),(1238,14209),(2341,14209),(213,14210),(1428,14210),(2150,14210),(2034,14211),(2566,14211),(561,14212),(1928,14212),(549,14213),(1596,14213),(2013,14213),(472,14214),(1781,14214),(848,14215),(1502,14215),(1747,14215),(466,14216),(905,14216),(412,14217),(1513,14217),(1862,14217),(678,14218),(1417,14218),(187,14219),(975,14219),(2227,14219),(1560,14220),(49,14221),(942,14221),(2178,14221),(504,14222),(1150,14222),(650,14223),(1211,14223),(305,14224),(1425,14224),(1972,14224),(282,14225),(1554,14225),(1806,14225),(897,14226),(1700,14226),(2487,14226),(2590,14226),(528,14227),(2466,14227),(832,14228),(1795,14228),(124,14229),(1725,14229),(2045,14229),(669,14230),(1370,14230),(1836,14230),(394,14231),(1643,14231),(2238,14231),(145,14232),(1010,14232),(1914,14232),(93,14233),(1419,14233),(2081,14233),(172,14234),(512,14235),(1178,14235),(1785,14235),(1133,14236),(2138,14236),(143,14237),(1720,14237),(2575,14237),(205,14238),(1589,14238),(307,14239),(1066,14239),(1801,14239),(689,14240),(2416,14240),(718,14241),(2433,14241),(1229,14242),(659,14243),(959,14243),(314,14244),(1472,14244),(1820,14244),(567,14245),(1883,14245),(782,14246),(1466,14246),(2393,14246),(148,14247),(1650,14247),(221,14248),(1349,14248),(2022,14248),(36,14249),(1623,14249),(705,14250),(1317,14250),(341,14251),(1660,14251),(320,14252),(1733,14252),(634,14253),(1115,14253),(369,14254),(1678,14254),(1824,14254),(1241,14255),(710,14256),(1941,14256),(290,14257),(243,14258),(1630,14258),(2089,14258),(1526,14259),(1916,14259),(537,14260),(1269,14260),(2483,14260),(217,14261),(2037,14261),(33,14262),(2304,14262),(69,14263),(698,14264),(1061,14264),(2410,14264),(753,14265),(1501,14265),(815,14266),(918,14266),(2452,14266),(1232,14267),(835,14268),(1284,14268),(2350,14268),(415,14269),(1186,14269),(2479,14269),(1446,14270),(2059,14270),(422,14271),(1363,14271),(639,14272),(1576,14272),(2124,14272),(744,14273),(1496,14273),(1947,14273),(721,14274),(1024,14274),(1048,14275),(2477,14275),(737,14276),(1451,14276),(2092,14276),(1568,14277),(360,14278),(1551,14278),(1830,14278),(748,14279),(1579,14279),(2185,14279),(1455,14280),(1851,14280),(1382,14281),(252,14282),(908,14282),(1749,14282),(787,14283),(2007,14283),(481,14284),(1132,14284),(2054,14284),(87,14285),(1859,14285),(1288,14286),(2335,14286),(130,14287),(1918,14287),(2514,14287),(858,14288),(85,14289),(1482,14289),(2009,14289),(423,14290),(1707,14290),(2157,14290),(852,14291),(1701,14291),(2115,14291),(742,14292),(1391,14292),(1773,14292),(653,14293),(1290,14293),(2208,14293),(890,14294),(1224,14294),(55,14295),(1717,14295),(881,14296),(1278,14296),(2309,14296),(127,14297),(1467,14297),(405,14298),(1652,14298),(723,14299),(1604,14299),(828,14300),(1924,14300),(641,14301),(2321,14301),(853,14302),(1486,14302),(2298,14302),(14,14303),(1693,14303),(1945,14303),(844,14304),(1242,14304),(1715,14305),(644,14306),(2202,14306),(563,14307),(1386,14307),(2358,14307),(125,14308),(1032,14308),(2336,14308),(2547,14308),(203,14309),(1309,14309),(2272,14309),(695,14310),(1312,14310),(1912,14310),(464,14311),(2294,14311),(475,14312),(1697,14312),(1887,14312),(2532,14312),(350,14313),(1731,14313),(2171,14313),(463,14314),(988,14314),(1816,14314),(1857,14315),(1548,14316),(1904,14316),(419,14317),(1147,14317),(1843,14317),(751,14318),(1027,14318),(1911,14318),(77,14319),(1640,14319),(2593,14319),(2100,14320),(638,14321),(1030,14321),(1148,14322),(1956,14322),(76,14323),(1577,14323),(774,14324),(1260,14324),(2143,14324),(2557,14324),(469,14325),(1444,14325),(1968,14325),(391,14326),(687,14327),(911,14327),(2229,14327),(198,14328),(1366,14328),(1808,14328),(170,14329),(1018,14329),(435,14330),(1119,14330),(118,14331),(1110,14331),(2000,14331),(285,14332),(1917,14332),(372,14333),(1509,14333),(1896,14333),(46,14334),(962,14334),(331,14335),(1086,14335),(1818,14335),(222,14336),(1011,14336),(2415,14336),(562,14337),(1287,14337),(2399,14337),(2577,14337),(1656,14338),(1999,14338),(89,14339),(1215,14339),(24,14340),(1498,14340),(869,14342),(1276,14342),(2148,14342),(850,14343),(1275,14343),(468,14344),(1495,14344),(244,14345),(1368,14345),(1770,14345),(2349,14346),(1598,14347),(2404,14347),(421,14348),(1698,14348),(1886,14348),(300,14349),(1225,14349),(1788,14349),(347,14350),(1361,14350),(1970,14350),(58,14351),(1313,14351),(798,14352),(1120,14352),(2222,14352),(749,14353),(1648,14353),(2454,14353),(618,14354),(1587,14354),(513,14355),(1592,14355),(2073,14355),(154,14356),(945,14356),(1742,14356),(519,14357),(1082,14357),(2559,14357),(253,14358),(1600,14358),(2136,14358),(242,14359),(1053,14359),(1974,14359),(806,14360),(345,14361),(1347,14361),(1230,14362),(666,14363),(916,14363),(2286,14363),(673,14364),(973,14364),(1900,14364),(368,14365),(1279,14365),(2292,14365),(859,14366),(1028,14366),(139,14367),(1220,14367),(2153,14367),(872,14368),(1853,14368),(42,14369),(738,14370),(112,14371),(2044,14371),(676,14372),(1306,14372),(2103,14372),(707,14373),(2069,14373),(2,14374),(1158,14374),(382,14375),(1191,14375),(2544,14375),(424,14376),(1145,14376),(219,14377),(111,14378),(1450,14378),(2209,14378),(701,14379),(1291,14379),(700,14380),(1170,14380),(41,14381),(1294,14381),(2151,14381),(2595,14381),(192,14382),(1199,14382),(1943,14382),(714,14383),(1214,14383),(2412,14383),(724,14384),(1511,14384),(1926,14384),(715,14385),(1354,14385),(1901,14385),(1688,14386),(1962,14386),(2568,14386),(386,14388),(904,14388),(2259,14388),(18,14389),(964,14389),(530,14390),(1628,14390),(2400,14390),(325,14391),(1089,14391),(1881,14391),(680,14392),(2438,14392),(574,14393),(1038,14393),(2380,14393),(767,14394),(1064,14394),(571,14395),(1586,14396),(2088,14396),(2572,14396),(682,14397),(1696,14397),(1748,14397),(209,14398),(1532,14398),(126,14399),(1117,14399),(1764,14399),(117,14400),(2386,14400),(845,14401),(1293,14401),(2424,14401),(874,14402),(950,14402),(1289,14403),(1811,14403),(370,14404),(1153,14404),(2109,14404),(1265,14405),(2299,14405),(144,14406),(1607,14406),(335,14407),(2512,14407),(39,14409),(1635,14409),(1776,14409),(474,14410),(275,14411),(986,14411),(691,14412),(1206,14412),(2256,14412),(61,14413),(956,14413),(2533,14413),(725,14414),(1669,14415),(1879,14415),(583,14416),(1085,14416),(2443,14416),(339,14417),(926,14417),(2342,14417),(1390,14418),(2311,14418),(272,14419),(1380,14419),(2070,14419),(1090,14420),(2111,14420),(171,14421),(1166,14421),(1960,14421),(2540,14421),(1198,14422),(2152,14422),(233,14423),(967,14423),(2413,14423),(239,14424),(1332,14424),(2385,14424),(789,14425),(1270,14425),(4,14426),(948,14426),(2257,14426),(2570,14426),(1934,14427),(1188,14428),(681,14429),(989,14429),(2127,14429),(2497,14429),(455,14430),(1555,14430),(2018,14430),(2571,14430),(476,14431),(906,14431),(2028,14431),(863,14432),(1046,14432),(2131,14432),(387,14433),(993,14433),(2252,14433),(442,14434),(184,14435),(1644,14435),(733,14436),(1181,14436),(2132,14436),(2545,14436),(758,14437),(907,14437),(1814,14437),(2538,14437),(582,14438),(946,14438),(605,14439),(1682,14439),(1821,14439),(408,14440),(1083,14440),(2405,14440),(228,14441),(1841,14441),(719,14442),(1405,14442),(2063,14442),(668,14443),(1847,14443),(306,14444),(1337,14444),(2448,14444),(2586,14444),(498,14445),(1654,14445),(2382,14445),(234,14446),(1160,14446),(136,14447),(1228,14447),(2379,14447),(690,14448),(1327,14448),(2402,14448),(397,14449),(1121,14449),(599,14450),(1412,14450),(1868,14450),(25,14451),(970,14451),(2079,14451),(121,14452),(1376,14452),(212,14453),(1691,14453),(2075,14453),(2526,14453),(116,14454),(1087,14454),(2312,14454),(2511,14454),(822,14455),(2114,14455),(53,14456),(1584,14456),(1997,14456),(90,14457),(1503,14457),(1892,14457),(799,14458),(1292,14458),(1864,14458),(1459,14459),(2166,14459),(457,14460),(985,14460),(379,14461),(971,14461),(2463,14461),(501,14462),(1713,14462),(2200,14462),(264,14463),(1364,14463),(1798,14463),(1716,14464),(2316,14464),(729,14465),(1546,14465),(437,14466),(1616,14466),(1910,14466),(447,14467),(1553,14467),(2418,14467),(147,14468),(1344,14468),(2128,14468),(280,14469),(1152,14469),(2597,14469),(1069,14470),(1898,14470),(449,14471),(1775,14471),(573,14472),(1523,14472),(2116,14472),(246,14473),(1759,14473),(103,14474),(1114,14474),(2414,14474),(625,14475),(1476,14475),(794,14476),(1993,14476),(646,14477),(1784,14477),(31,14478),(1091,14478),(2242,14478),(88,14479),(1516,14479),(1873,14479),(728,14480),(1680,14480),(2197,14480),(2581,14480),(882,14481),(1385,14481),(2425,14481),(846,14482),(1574,14482),(1875,14482),(709,14483),(1035,14483),(2468,14483),(146,14484),(2137,14484),(538,14485),(1494,14485),(1216,14486),(1889,14486),(1126,14487),(2407,14487),(258,14488),(1729,14488),(2216,14488),(752,14489),(1973,14489),(2507,14489),(329,14490),(1593,14490),(606,14491),(981,14491),(741,14492),(1646,14492),(1570,14493),(500,14494),(1375,14494),(2080,14494),(120,14495),(921,14495),(2239,14495),(830,14496),(932,14496),(630,14497),(266,14498),(1095,14498),(2217,14498),(296,14499),(2445,14499),(660,14500),(1667,14500),(51,14501),(1073,14501),(2558,14501),(318,14502),(1262,14502),(1845,14502),(270,14503),(2518,14503),(254,14504),(1299,14504),(267,14505),(912,14505),(2026,14505),(802,14506),(1267,14506),(2140,14506),(342,14507),(1157,14507),(1870,14507),(910,14508),(1810,14508),(2520,14508),(623,14509),(1221,14509),(180,14510),(952,14510),(2173,14510),(684,14511),(1677,14511),(635,14512),(1348,14512),(137,14513),(991,14513),(2297,14513),(801,14514),(2241,14514),(726,14515),(2087,14515),(2499,14515),(74,14516),(1006,14516),(2147,14516),(604,14517),(2029,14517),(579,14518),(150,14519),(1336,14519),(2164,14519),(2583,14519),(534,14520),(1250,14520),(346,14521),(535,14522),(1676,14522),(2125,14522),(521,14523),(1031,14523),(2461,14523),(2527,14523),(648,14524),(1016,14524),(1903,14524),(1001,14525),(2357,14525),(21,14526),(936,14526),(2439,14526),(1357,14527),(542,14528),(954,14528),(2396,14528),(293,14529),(2447,14529),(398,14530),(1159,14530),(544,14531),(1360,14531),(2047,14531),(356,14532),(1620,14532),(808,14533),(1483,14533),(1789,14533),(1334,14534),(1950,14534),(607,14535),(1488,14535),(2343,14535),(826,14536),(1621,14536),(2196,14536),(857,14537),(1506,14537),(1940,14538),(831,14539),(1252,14539),(2387,14539),(2549,14539),(104,14540),(1689,14540),(403,14541),(957,14541),(2355,14541),(672,14542),(2302,14542),(2528,14542),(629,14543),(1468,14543),(1869,14543),(2556,14543),(727,14544),(1295,14544),(2366,14544),(119,14545),(1268,14545),(183,14546),(1233,14546),(1768,14546),(174,14547),(1408,14547),(533,14548),(1399,14548),(2473,14548),(836,14549),(1184,14549),(878,14550),(1041,14550),(2374,14550),(517,14551),(1075,14551),(2161,14551),(1492,14552),(374,14553),(1723,14553),(2442,14553),(559,14554),(947,14554),(2133,14554),(155,14555),(2149,14555),(2498,14555),(891,14556),(1392,14556),(2005,14556),(211,14557),(1154,14557),(1921,14557),(22,14558),(1675,14558),(226,14559),(1177,14559),(1895,14559);
/*!40000 ALTER TABLE `accounts` ENABLE KEYS */;
UNLOCK TABLES;

--
-- Table structure for table `assets`
--

DROP TABLE IF EXISTS `assets`;
/*!40101 SET @saved_cs_client     = @@character_set_client */;
/*!50503 SET character_set_client = utf8mb4 */;
CREATE TABLE `assets` (
  `Asset_ID` int NOT NULL,
  `A_Code` varchar(10) DEFAULT NULL,
  `A_Name` varchar(40) DEFAULT NULL,
  `Price` decimal(15,2) DEFAULT NULL,
  PRIMARY KEY (`Asset_ID`)
) ENGINE=InnoDB DEFAULT CHARSET=utf8mb4 COLLATE=utf8mb4_0900_ai_ci;
/*!40101 SET character_set_client = @saved_cs_client */;

--
-- Dumping data for table `assets`
--

LOCK TABLES `assets` WRITE;
/*!40000 ALTER TABLE `assets` DISABLE KEYS */;
INSERT INTO `assets` VALUES (1,'TPRAS','Tüpraş-Türkiye Petrol Rafinerileri A.Ş.',96.60),(2,'KCHOL','Koç Holding A.Ş.',18.89),(3,'TCELL','Turkcell İletişim Hizmetleri A.Ş.',15.17),(4,'TTKOM','Turk Telekominasyon A.Ş.',6.67),(5,'BIMAS','Bim Birleşik Mağazalar A.Ş.',64.70),(6,'CCOLA','Coca Cola İçecek A.Ş.',82.95),(7,'THYAO','Turk Hava Yolları A.O.',12.99),(8,'VESTL','Vestel Elektronik Sanayi ve Ticaret A.Ş.',29.10),(9,'PGSUS','Pegasus Hava Taşımacılığı A.Ş.',81.35),(10,'ULKER','Ülker Bisküvi Sanayi A.Ş.',22.46),(11,'GC1!','Altın Vadelileri',15083.50),(12,'SI1!','Gümüş Vadelileri',226.30),(13,'NG1!','Doğal Gaz Vadelileri',24.36),(14,'CL1!','Hafif Ham Petrol Vadelileri',534.55),(15,'USD','Dollar',8.20);
/*!40000 ALTER TABLE `assets` ENABLE KEYS */;
UNLOCK TABLES;

--
-- Table structure for table `checking_account`
--

DROP TABLE IF EXISTS `checking_account`;
/*!40101 SET @saved_cs_client     = @@character_set_client */;
/*!50503 SET character_set_client = utf8mb4 */;
CREATE TABLE `checking_account` (
  `A_ID` int NOT NULL,
  `Currency` enum('USD','TL') DEFAULT NULL,
  `Balance` decimal(15,2) DEFAULT NULL,
  PRIMARY KEY (`A_ID`),
  CONSTRAINT `checking_account_ibfk_1` FOREIGN KEY (`A_ID`) REFERENCES `accounts` (`A_ID`) ON UPDATE CASCADE
) ENGINE=InnoDB DEFAULT CHARSET=utf8mb4 COLLATE=utf8mb4_0900_ai_ci;
/*!40101 SET character_set_client = @saved_cs_client */;

--
-- Dumping data for table `checking_account`
--

LOCK TABLES `checking_account` WRITE;
/*!40000 ALTER TABLE `checking_account` DISABLE KEYS */;
INSERT INTO `checking_account` VALUES (1,'TL',512995.00),(2,'TL',944471.00),(3,'TL',388639.00),(4,'TL',951446.00),(5,'TL',406375.00),(6,'TL',245306.00),(7,'TL',160174.00),(8,'TL',360573.00),(9,'TL',815869.00),(10,'TL',665819.00),(11,'TL',674710.00),(12,'TL',482872.00),(13,'TL',526936.00),(14,'TL',348243.00),(15,'TL',527506.00),(16,'TL',36398.00),(17,'TL',316702.00),(18,'TL',884500.00),(19,'TL',76261.00),(20,'TL',532007.00),(21,'TL',91584.00),(22,'TL',45633.00),(23,'TL',820022.00),(24,'TL',998955.00),(25,'TL',35227.00),(26,'TL',952273.00),(27,'TL',121836.00),(28,'TL',796614.00),(29,'TL',280550.00),(30,'TL',28323.00),(31,'TL',221110.00),(32,'TL',478048.00),(33,'TL',773067.00),(34,'TL',678695.00),(35,'TL',838063.00),(36,'TL',597928.00),(37,'TL',802182.00),(38,'TL',136805.00),(39,'TL',185371.00),(40,'TL',690285.00),(41,'TL',143006.00),(42,'TL',338669.00),(43,'TL',871051.00),(44,'TL',380842.00),(45,'TL',873296.00),(46,'TL',997825.00),(47,'TL',1803.00),(48,'TL',744203.00),(49,'TL',708433.00),(50,'TL',278937.00),(51,'TL',777510.00),(52,'TL',567901.00),(53,'TL',131961.00),(54,'TL',597821.00),(55,'TL',5248.00),(56,'TL',143342.00),(57,'TL',689973.00),(58,'TL',111779.00),(59,'TL',255151.00),(60,'TL',567913.00),(61,'TL',564753.00),(62,'TL',406468.00),(63,'TL',830624.00),(64,'TL',313070.00),(65,'TL',946367.00),(66,'TL',734230.00),(67,'TL',331885.00),(68,'TL',989928.00),(69,'TL',780496.00),(70,'TL',913620.00),(71,'TL',354476.00),(72,'TL',826929.00),(73,'TL',186594.00),(74,'TL',661064.00),(75,'TL',783355.00),(76,'TL',363393.00),(77,'TL',212545.00),(78,'TL',692918.00),(79,'TL',218367.00),(80,'TL',258282.00),(81,'TL',620308.00),(82,'TL',409850.00),(83,'TL',298327.00),(84,'TL',915248.00),(85,'TL',81614.00),(86,'TL',355357.00),(87,'TL',78660.00),(88,'TL',833059.00),(89,'TL',503580.00),(90,'TL',926344.00),(91,'TL',161482.00),(92,'TL',204751.00),(93,'TL',201205.00),(94,'TL',6085.00),(95,'TL',977198.00),(96,'TL',309353.00),(97,'TL',287007.00),(98,'TL',288519.00),(99,'TL',473134.00),(100,'TL',666806.00),(101,'TL',957650.00),(102,'TL',67717.00),(103,'TL',477439.00),(104,'TL',759681.00),(105,'TL',323209.00),(106,'TL',177486.00),(107,'TL',175400.00),(108,'TL',364590.00),(109,'TL',46816.00),(110,'TL',583451.00),(111,'TL',460552.00),(112,'TL',181664.00),(113,'TL',340736.00),(114,'TL',853617.00),(115,'TL',404365.00),(116,'TL',502243.00),(117,'TL',799483.00),(118,'TL',363256.00),(119,'TL',726027.00),(120,'TL',112927.00),(121,'TL',141435.00),(122,'TL',626130.00),(123,'TL',937762.00),(124,'TL',498409.00),(125,'TL',177444.00),(126,'TL',586427.00),(127,'TL',791315.00),(128,'TL',675983.00),(129,'TL',228288.00),(130,'TL',54423.00),(131,'TL',757709.00),(132,'TL',671422.00),(133,'TL',772352.00),(134,'TL',723773.00),(135,'TL',535036.00),(136,'TL',728899.00),(137,'TL',320772.00),(138,'TL',369447.00),(139,'TL',998023.00),(140,'TL',836890.00),(141,'TL',389338.00),(142,'TL',892739.00),(143,'TL',578287.00),(144,'TL',47511.00),(145,'TL',964754.00),(146,'TL',853384.00),(147,'TL',795649.00),(148,'TL',368488.00),(149,'TL',47452.00),(150,'TL',8717.00),(151,'TL',548575.00),(152,'TL',714981.00),(153,'TL',693965.00),(154,'TL',165925.00),(155,'TL',815737.00),(156,'TL',522722.00),(157,'TL',478924.00),(158,'TL',345854.00),(159,'TL',620918.00),(160,'TL',144465.00),(161,'TL',450080.00),(162,'TL',855420.00),(163,'TL',469891.00),(164,'TL',78453.00),(165,'TL',459317.00),(166,'TL',370619.00),(167,'TL',980631.00),(168,'TL',410687.00),(169,'TL',218435.00),(170,'TL',543188.00),(171,'TL',97132.00),(172,'TL',591958.00),(173,'TL',550570.00),(174,'TL',961424.00),(175,'TL',102338.00),(176,'TL',816188.00),(177,'TL',86411.00),(178,'TL',519258.00),(179,'TL',627090.00),(180,'TL',818317.00),(181,'TL',88978.00),(182,'TL',377564.00),(183,'TL',989739.00),(184,'TL',868038.00),(185,'TL',181516.00),(186,'TL',737843.00),(187,'TL',494976.00),(188,'TL',99895.00),(189,'TL',500141.00),(190,'TL',590777.00),(191,'TL',770660.00),(192,'TL',90792.00),(193,'TL',196207.00),(194,'TL',450797.00),(195,'TL',827847.00),(196,'TL',772716.00),(197,'TL',272905.00),(198,'TL',842686.00),(199,'TL',291924.00),(200,'TL',351470.00),(201,'TL',456461.00),(202,'TL',967367.00),(203,'TL',171711.00),(204,'TL',891493.00),(205,'TL',174332.00),(206,'TL',541423.00),(207,'TL',608566.00),(208,'TL',622335.00),(209,'TL',741151.00),(210,'TL',278504.00),(211,'TL',278990.00),(212,'TL',824109.00),(213,'TL',537730.00),(214,'TL',860697.00),(215,'TL',511928.00),(216,'TL',357272.00),(217,'TL',309238.00),(218,'TL',534015.00),(219,'TL',725880.00),(220,'TL',516323.00),(221,'TL',705774.00),(222,'TL',654604.00),(223,'TL',491171.00),(224,'TL',907520.00),(225,'TL',841828.00),(226,'TL',610845.00),(227,'TL',379139.00),(228,'TL',477486.00),(229,'TL',960749.00),(230,'TL',551450.00),(231,'TL',772719.00),(232,'TL',652561.00),(233,'TL',256106.00),(234,'TL',260763.00),(235,'TL',981829.00),(236,'TL',788044.00),(237,'TL',523940.00),(238,'TL',339870.00),(239,'TL',332180.00),(240,'TL',771938.00),(241,'TL',598196.00),(242,'TL',575740.00),(243,'TL',377549.00),(244,'TL',679615.00),(245,'TL',456214.00),(246,'TL',10530.00),(247,'TL',23278.00),(248,'TL',833781.00),(249,'TL',471967.00),(250,'TL',759288.00),(251,'TL',142690.00),(252,'TL',488415.00),(253,'TL',541811.00),(254,'TL',66685.00),(255,'TL',218309.00),(256,'TL',625832.00),(257,'TL',710824.00),(258,'TL',442057.00),(259,'TL',646234.00),(260,'TL',32818.00),(261,'TL',487390.00),(262,'TL',966879.00),(263,'TL',604674.00),(264,'TL',904737.00),(265,'TL',249505.00),(266,'TL',29966.00),(267,'TL',806648.00),(268,'TL',715833.00),(269,'TL',18340.00),(270,'TL',813067.00),(271,'TL',32002.00),(272,'TL',989397.00),(273,'TL',402928.00),(274,'TL',823133.00),(275,'TL',65375.00),(276,'TL',903275.00),(277,'TL',704412.00),(278,'TL',647445.00),(279,'TL',554411.00),(280,'TL',374159.00),(281,'TL',9106.00),(282,'TL',893917.00),(283,'TL',346489.00),(284,'TL',378410.00),(285,'TL',596686.00),(286,'TL',971257.00),(287,'TL',62421.00),(288,'TL',787612.00),(289,'TL',143174.00),(290,'TL',962323.00),(291,'TL',22008.00),(292,'TL',923865.00),(293,'TL',7909.00),(294,'TL',348875.00),(295,'TL',149064.00),(296,'TL',372800.00),(297,'TL',359552.00),(298,'TL',757070.00),(299,'TL',152429.00),(300,'TL',331573.00),(301,'TL',18237.00),(302,'TL',210423.00),(303,'TL',104719.00),(304,'TL',914598.00),(305,'TL',669272.00),(306,'TL',600592.00),(307,'TL',521991.00),(308,'TL',391537.00),(309,'TL',538414.00),(310,'TL',216229.00),(311,'TL',185193.00),(312,'TL',290063.00),(313,'TL',709510.00),(314,'TL',206264.00),(315,'TL',238219.00),(316,'TL',660201.00),(317,'TL',12409.00),(318,'TL',796390.00),(319,'TL',547597.00),(320,'TL',567515.00),(321,'TL',812345.00),(322,'TL',926123.00),(323,'TL',915257.00),(324,'TL',59204.00),(325,'TL',91559.00),(326,'TL',728725.00),(327,'TL',498536.00),(328,'TL',430157.00),(329,'TL',929785.00),(330,'TL',937377.00),(331,'TL',710542.00),(332,'TL',605291.00),(333,'TL',862231.00),(334,'TL',868404.00),(335,'TL',949141.00),(336,'TL',849983.00),(337,'TL',622081.00),(338,'TL',105968.00),(339,'TL',734342.00),(340,'TL',822181.00),(341,'TL',459047.00),(342,'TL',392524.00),(343,'TL',221491.00),(344,'TL',187788.00),(345,'TL',566369.00),(346,'TL',515490.00),(347,'TL',601681.00),(348,'TL',635153.00),(349,'TL',145703.00),(350,'TL',172930.00),(351,'TL',600936.00),(352,'TL',145037.00),(353,'TL',292669.00),(354,'TL',899724.00),(355,'TL',146201.00),(356,'TL',799147.00),(357,'TL',195402.00),(358,'TL',140539.00),(359,'TL',278868.00),(360,'TL',243382.00),(361,'TL',104265.00),(362,'TL',467082.00),(363,'TL',565474.00),(364,'TL',161145.00),(365,'TL',152947.00),(366,'TL',754475.00),(367,'TL',580465.00),(368,'TL',757617.00),(369,'TL',389513.00),(370,'TL',855243.00),(371,'TL',517303.00),(372,'TL',307637.00),(373,'TL',310512.00),(374,'TL',939274.00),(375,'TL',621933.00),(376,'TL',277835.00),(377,'TL',782090.00),(378,'TL',204252.00),(379,'TL',936548.00),(380,'TL',397925.00),(381,'TL',479131.00),(382,'TL',103448.00),(383,'TL',791793.00),(384,'TL',326583.00),(385,'TL',876729.00),(386,'TL',586374.00),(387,'TL',591999.00),(388,'TL',234070.00),(389,'TL',387937.00),(390,'TL',102701.00),(391,'TL',700726.00),(392,'TL',706794.00),(393,'TL',457465.00),(394,'TL',280977.00),(395,'TL',652834.00),(396,'TL',868248.00),(397,'TL',293172.00),(398,'TL',261049.00),(399,'TL',494524.00),(400,'TL',506265.00),(401,'TL',445422.00),(402,'TL',632731.00),(403,'TL',784188.00),(404,'TL',298305.00),(405,'TL',629014.00),(406,'TL',813163.00),(407,'TL',674664.00),(408,'TL',934479.00),(409,'TL',23180.00),(410,'TL',481398.00),(411,'TL',541369.00),(412,'TL',52287.00),(413,'TL',782233.00),(414,'TL',381185.00),(415,'TL',821045.00),(416,'TL',417543.00),(417,'TL',642743.00),(418,'TL',401500.00),(419,'TL',82248.00),(420,'TL',712730.00),(421,'TL',322732.00),(422,'TL',349311.00),(423,'TL',861422.00),(424,'TL',627022.00),(425,'TL',874147.00),(426,'TL',240141.00),(427,'TL',467365.00),(428,'TL',681486.00),(429,'TL',271983.00),(430,'TL',249427.00),(431,'TL',782052.00),(432,'TL',368458.00),(433,'TL',301733.00),(434,'TL',691270.00),(435,'TL',67258.00),(436,'TL',735878.00),(437,'TL',241396.00),(438,'TL',521069.00),(439,'TL',924103.00),(440,'TL',505346.00),(441,'TL',925128.00),(442,'TL',894663.00),(443,'TL',846579.00),(444,'TL',176945.00),(445,'TL',522658.00),(446,'TL',258991.00),(447,'TL',260348.00),(448,'TL',344356.00),(449,'TL',771942.00),(450,'TL',297901.00),(451,'TL',544497.00),(452,'TL',620582.00),(453,'TL',462065.00),(454,'TL',811633.00),(455,'TL',296674.00),(456,'TL',157576.00),(457,'TL',679247.00),(458,'TL',269637.00),(459,'TL',20946.00),(460,'TL',732338.00),(461,'TL',700884.00),(462,'TL',343750.00),(463,'TL',492937.00),(464,'TL',767562.00),(465,'TL',450831.00),(466,'TL',202418.00),(467,'TL',288227.00),(468,'TL',456657.00),(469,'TL',113774.00),(470,'TL',726503.00),(471,'TL',347703.00),(472,'TL',370975.00),(473,'TL',847288.00),(474,'TL',93361.00),(475,'TL',997507.00),(476,'TL',541357.00),(477,'TL',527297.00),(478,'TL',368280.00),(479,'TL',541389.00),(480,'TL',26584.00),(481,'TL',115958.00),(482,'TL',840943.00),(483,'TL',399752.00),(484,'TL',408107.00),(485,'TL',550546.00),(486,'TL',849539.00),(487,'TL',782359.00),(488,'TL',483419.00),(489,'TL',17760.00),(490,'TL',746207.00),(491,'TL',50607.00),(492,'TL',669697.00),(493,'TL',99935.00),(494,'TL',474938.00),(495,'TL',250484.00),(496,'TL',274852.00),(497,'TL',557940.00),(498,'TL',956650.00),(499,'TL',778769.00),(500,'TL',844878.00),(501,'TL',450166.00),(502,'TL',106057.00),(503,'TL',782708.00),(504,'TL',254395.00),(505,'TL',877764.00),(506,'TL',841087.00),(507,'TL',687383.00),(508,'TL',71558.00),(509,'TL',893414.00),(510,'TL',887968.00),(511,'TL',195150.00),(512,'TL',998982.00),(513,'TL',14202.00),(514,'TL',533757.00),(515,'TL',207985.00),(516,'TL',869125.00),(517,'TL',338757.00),(518,'TL',732952.00),(519,'TL',386276.00),(520,'TL',755537.00),(521,'TL',484619.00),(522,'TL',135968.00),(523,'TL',476530.00),(524,'TL',250691.00),(525,'TL',433887.00),(526,'TL',674640.00),(527,'TL',115667.00),(528,'TL',856580.00),(529,'TL',903505.00),(530,'TL',313549.00),(531,'TL',551030.00),(532,'TL',736027.00),(533,'TL',41125.00),(534,'TL',455850.00),(535,'TL',602910.00),(536,'TL',780690.00),(537,'TL',88290.00),(538,'TL',278404.00),(539,'TL',240345.00),(540,'TL',65973.00),(541,'TL',149781.00),(542,'TL',963420.00),(543,'TL',341163.00),(544,'TL',283568.00),(545,'TL',361252.00),(546,'TL',392430.00),(547,'TL',563641.00),(548,'TL',669118.00),(549,'TL',556884.00),(550,'TL',373296.00),(551,'TL',769901.00),(552,'TL',275507.00),(553,'TL',4579.00),(554,'TL',882106.00),(555,'TL',110061.00),(556,'TL',181504.00),(557,'TL',898316.00),(558,'TL',119175.00),(559,'TL',701389.00),(560,'TL',371046.00),(561,'TL',75581.00),(562,'TL',402007.00),(563,'TL',818133.00),(564,'TL',570163.00),(565,'TL',862375.00),(566,'TL',47971.00),(567,'TL',645408.00),(568,'TL',286575.00),(569,'TL',39114.00),(570,'TL',435545.00),(571,'TL',944450.00),(572,'TL',661247.00),(573,'TL',667809.00),(574,'TL',375399.00),(575,'TL',426769.00),(576,'TL',511690.00),(577,'TL',924232.00),(578,'TL',771206.00),(579,'TL',241147.00),(580,'TL',123552.00),(581,'TL',138347.00),(582,'TL',304939.00),(583,'TL',740145.00),(584,'TL',930072.00),(585,'TL',962102.00),(586,'TL',542575.00),(587,'TL',611718.00),(588,'TL',208193.00),(589,'TL',955753.00),(590,'TL',423482.00),(591,'TL',536742.00),(592,'TL',315668.00),(593,'TL',912207.00),(594,'TL',570417.00),(595,'TL',764685.00),(596,'TL',795237.00),(597,'TL',923441.00),(598,'TL',236927.00),(599,'TL',387364.00),(600,'TL',879961.00),(601,'USD',533881.00),(602,'USD',995105.00),(603,'USD',634676.00),(604,'USD',548057.00),(605,'USD',322683.00),(606,'USD',459005.00),(607,'USD',216375.00),(608,'USD',296103.00),(609,'USD',910196.00),(610,'USD',437675.00),(611,'USD',590419.00),(612,'USD',226194.00),(613,'USD',693435.00),(614,'USD',916636.00),(615,'USD',51111.00),(616,'USD',875706.00),(617,'USD',581237.00),(618,'USD',177785.00),(619,'USD',699195.00),(620,'USD',457510.00),(621,'USD',621819.00),(622,'USD',185063.00),(623,'USD',681264.00),(624,'USD',824053.00),(625,'USD',693797.00),(626,'USD',86867.00),(627,'USD',567287.00),(628,'USD',520415.00),(629,'USD',366285.00),(630,'USD',316084.00),(631,'USD',372764.00),(632,'USD',749528.00),(633,'USD',624516.00),(634,'USD',304737.00),(635,'USD',525938.00),(636,'USD',936937.00),(637,'USD',404493.00),(638,'USD',272626.00),(639,'USD',30711.00),(640,'USD',853034.00),(641,'USD',783510.00),(642,'USD',897973.00),(643,'USD',182368.00),(644,'USD',927436.00),(645,'USD',232939.00),(646,'USD',932978.00),(647,'USD',455856.00),(648,'USD',473187.00),(649,'USD',555505.00),(650,'USD',988306.00),(651,'USD',605375.00),(652,'USD',27726.00),(653,'USD',1356.00),(654,'USD',777927.00),(655,'USD',589192.00),(656,'USD',913066.00),(657,'USD',585517.00),(658,'USD',89339.00),(659,'USD',665040.00),(660,'USD',419393.00),(661,'USD',813934.00),(662,'USD',624118.00),(663,'USD',889173.00),(664,'USD',724296.00),(665,'USD',866106.00),(666,'USD',639849.00),(667,'USD',296086.00),(668,'USD',774095.00),(669,'USD',779367.00),(670,'USD',16881.00),(671,'USD',236090.00),(672,'USD',874254.00),(673,'USD',333237.00),(674,'USD',971977.00),(675,'USD',704412.00),(676,'USD',662611.00),(677,'USD',141781.00),(678,'USD',145835.00),(679,'USD',8142.00),(680,'USD',472168.00),(681,'USD',927780.00),(682,'USD',202556.00),(683,'USD',786333.00),(684,'USD',829443.00),(685,'USD',74562.00),(686,'USD',396537.00),(687,'USD',223728.00),(688,'USD',979901.00),(689,'USD',329671.00),(690,'USD',785901.00),(691,'USD',280053.00),(692,'USD',883723.00),(693,'USD',969117.00),(694,'USD',901456.00),(695,'USD',894493.00),(696,'USD',83193.00),(697,'USD',821782.00),(698,'USD',716296.00),(699,'USD',418922.00),(700,'USD',207236.00),(701,'USD',300605.00),(702,'USD',703563.00),(703,'USD',983665.00),(704,'USD',649149.00),(705,'USD',990518.00),(706,'USD',618496.00),(707,'USD',105981.00),(708,'USD',130319.00),(709,'USD',402654.00),(710,'USD',395804.00),(711,'USD',614201.00),(712,'USD',445746.00),(713,'USD',220172.00),(714,'USD',214502.00),(715,'USD',879346.00),(716,'USD',676424.00),(717,'USD',733121.00),(718,'USD',349755.00),(719,'USD',421289.00),(720,'USD',549153.00),(721,'USD',188082.00),(722,'USD',904906.00),(723,'USD',187953.00),(724,'USD',426130.00),(725,'USD',462896.00),(726,'USD',896724.00),(727,'USD',193721.00),(728,'USD',614628.00),(729,'USD',817606.00),(730,'USD',453078.00),(731,'USD',747203.00),(732,'USD',301384.00),(733,'USD',469809.00),(734,'USD',74588.00),(735,'USD',198684.00),(736,'USD',436789.00),(737,'USD',395954.00),(738,'USD',10472.00),(739,'USD',994024.00),(740,'USD',320741.00),(741,'USD',69648.00),(742,'USD',803650.00),(743,'USD',834488.00),(744,'USD',475033.00),(745,'USD',813912.00),(746,'USD',971349.00),(747,'USD',910902.00),(748,'USD',626405.00),(749,'USD',66338.00),(750,'USD',604788.00),(751,'USD',505772.00),(752,'USD',269886.00),(753,'USD',134477.00),(754,'USD',395183.00),(755,'USD',738391.00),(756,'USD',333833.00),(757,'USD',953299.00),(758,'USD',223190.00),(759,'USD',865710.00),(760,'USD',926058.00),(761,'USD',947447.00),(762,'USD',985033.00),(763,'USD',345649.00),(764,'USD',4695.00),(765,'USD',348021.00),(766,'USD',770941.00),(767,'USD',819752.00),(768,'USD',87999.00),(769,'USD',216992.00),(770,'USD',860172.00),(771,'USD',278520.00),(772,'USD',793963.00),(773,'USD',991887.00),(774,'USD',251755.00),(775,'USD',935439.00),(776,'USD',83726.00),(777,'USD',579232.00),(778,'USD',611244.00),(779,'USD',754707.00),(780,'USD',571922.00),(781,'USD',897273.00),(782,'USD',581132.00),(783,'USD',152806.00),(784,'USD',162703.00),(785,'USD',296866.00),(786,'USD',376235.00),(787,'USD',125549.00),(788,'USD',571867.00),(789,'USD',473952.00),(790,'USD',465211.00),(791,'USD',939922.00),(792,'USD',3560.00),(793,'USD',327871.00),(794,'USD',925535.00),(795,'USD',573951.00),(796,'USD',364286.00),(797,'USD',716850.00),(798,'USD',751616.00),(799,'USD',288089.00),(800,'USD',917429.00),(801,'USD',215303.00),(802,'USD',994384.00),(803,'USD',67982.00),(804,'USD',208297.00),(805,'USD',787159.00),(806,'USD',115563.00),(807,'USD',191232.00),(808,'USD',422675.00),(809,'USD',755249.00),(810,'USD',350963.00),(811,'USD',839690.00),(812,'USD',81125.00),(813,'USD',568869.00),(814,'USD',194517.00),(815,'USD',504010.00),(816,'USD',116819.00),(817,'USD',649931.00),(818,'USD',338433.00),(819,'USD',908650.00),(820,'USD',936398.00),(821,'USD',32714.00),(822,'USD',534676.00),(823,'USD',323187.00),(824,'USD',21404.00),(825,'USD',603018.00),(826,'USD',879188.00),(827,'USD',419780.00),(828,'USD',992049.00),(829,'USD',489608.00),(830,'USD',962565.00),(831,'USD',286782.00),(832,'USD',825624.00),(833,'USD',564172.00),(834,'USD',179612.00),(835,'USD',814968.00),(836,'USD',98599.00),(837,'USD',65552.00),(838,'USD',245022.00),(839,'USD',435541.00),(840,'USD',704459.00),(841,'USD',79850.00),(842,'USD',623609.00),(843,'USD',108015.00),(844,'USD',488605.00),(845,'USD',980089.00),(846,'USD',150856.00),(847,'USD',531257.00),(848,'USD',637128.00),(849,'USD',957401.00),(850,'USD',593213.00),(851,'USD',782462.00),(852,'USD',458052.00),(853,'USD',460309.00),(854,'USD',277457.00),(855,'USD',976465.00),(856,'USD',401619.00),(857,'USD',699489.00),(858,'USD',204522.00),(859,'USD',81796.00),(860,'USD',780475.00),(861,'USD',372442.00),(862,'USD',255646.00),(863,'USD',730049.00),(864,'USD',671098.00),(865,'USD',415872.00),(866,'USD',197271.00),(867,'USD',711586.00),(868,'USD',904590.00),(869,'USD',903081.00),(870,'USD',196034.00),(871,'USD',863298.00),(872,'USD',887952.00),(873,'USD',169569.00),(874,'USD',466312.00),(875,'USD',223087.00),(876,'USD',236208.00),(877,'USD',872049.00),(878,'USD',490183.00),(879,'USD',650926.00),(880,'USD',841276.00),(881,'USD',964441.00),(882,'USD',973270.00),(883,'USD',597812.00),(884,'USD',55226.00),(885,'USD',508956.00),(886,'USD',329845.00),(887,'USD',341597.00),(888,'USD',123565.00),(889,'USD',831226.00),(890,'USD',26684.00),(891,'USD',802649.00),(892,'USD',868473.00),(893,'USD',775470.00),(894,'USD',557561.00),(895,'USD',2494.00),(896,'USD',892397.00),(897,'USD',719055.00),(898,'USD',168886.00),(899,'USD',335007.00);
/*!40000 ALTER TABLE `checking_account` ENABLE KEYS */;
UNLOCK TABLES;

--
-- Table structure for table `credit_account`
--

DROP TABLE IF EXISTS `credit_account`;
/*!40101 SET @saved_cs_client     = @@character_set_client */;
/*!50503 SET character_set_client = utf8mb4 */;
CREATE TABLE `credit_account` (
  `A_ID` int NOT NULL,
  `Lim` decimal(15,2) DEFAULT NULL,
  `Old_debt` decimal(15,2) DEFAULT NULL,
  `Interest_rate` double DEFAULT NULL,
  `Fee` decimal(5,2) DEFAULT NULL,
  PRIMARY KEY (`A_ID`),
  CONSTRAINT `credit_account_ibfk_1` FOREIGN KEY (`A_ID`) REFERENCES `accounts` (`A_ID`) ON UPDATE CASCADE
) ENGINE=InnoDB DEFAULT CHARSET=utf8mb4 COLLATE=utf8mb4_0900_ai_ci;
/*!40101 SET character_set_client = @saved_cs_client */;

--
-- Dumping data for table `credit_account`
--

LOCK TABLES `credit_account` WRITE;
/*!40000 ALTER TABLE `credit_account` DISABLE KEYS */;
INSERT INTO `credit_account` VALUES (900,18405.00,0.00,5,156.00),(901,61112.00,163042.00,6,215.00),(902,85855.00,0.00,3,116.00),(903,91535.00,0.00,5,157.00),(904,66171.00,0.00,4,146.00),(905,19119.00,51846.00,9,276.00),(906,13474.00,0.00,1,153.00),(907,9459.00,4741.00,9,247.00),(908,49868.00,141658.00,5,244.00),(909,16611.00,68775.00,6,276.00),(910,7010.00,13009.00,7,290.00),(911,76387.00,104972.00,6,236.00),(912,37393.00,0.00,4,153.00),(913,61145.00,0.00,5,150.00),(914,96525.00,0.00,2,114.00),(915,86241.00,332511.00,7,207.00),(916,65759.00,0.00,2,127.00),(917,18512.00,0.00,5,121.00),(918,67267.00,0.00,2,105.00),(919,82948.00,209827.00,7,266.00),(920,7905.00,0.00,1,111.00),(921,29727.00,34713.00,7,253.00),(922,88090.00,0.00,1,140.00),(923,77957.00,55550.00,5,216.00),(924,81290.00,0.00,2,174.00),(925,19999.00,0.00,3,143.00),(926,55584.00,139816.00,6,238.00),(927,59728.00,250345.00,6,297.00),(928,92544.00,95974.00,5,253.00),(929,85357.00,0.00,1,174.00),(930,2334.00,11604.00,5,264.00),(931,91687.00,23529.00,6,291.00),(932,24631.00,62724.00,5,290.00),(933,74365.00,0.00,5,150.00),(934,221.00,0.00,4,169.00),(935,9664.00,0.00,4,173.00),(936,50816.00,0.00,3,100.00),(937,4695.00,10176.00,5,288.00),(938,87842.00,25659.00,6,246.00),(939,85013.00,0.00,1,156.00),(940,3187.00,0.00,2,148.00),(941,67356.00,44817.00,5,206.00),(942,64881.00,315822.00,8,202.00),(943,15429.00,19712.00,8,200.00),(944,32562.00,28038.00,8,200.00),(945,74940.00,0.00,1,107.00),(946,25659.00,37070.00,8,272.00),(947,41875.00,0.00,5,106.00),(948,71322.00,0.00,5,136.00),(949,4529.00,0.00,4,130.00),(950,49133.00,190999.00,7,284.00),(951,67112.00,0.00,1,148.00),(952,51041.00,0.00,1,104.00),(953,70749.00,56550.00,9,238.00),(954,23209.00,0.00,4,143.00),(955,68973.00,0.00,1,146.00),(956,32734.00,0.00,3,158.00),(957,39940.00,82442.00,6,278.00),(958,57569.00,0.00,1,126.00),(959,59854.00,150543.00,5,270.00),(960,79147.00,0.00,5,163.00),(961,62540.00,20830.00,8,225.00),(962,31047.00,137638.00,7,220.00),(963,42781.00,18824.00,6,227.00),(964,35686.00,0.00,1,159.00),(965,57511.00,128463.00,8,232.00),(966,27142.00,94174.00,7,212.00),(967,54012.00,139825.00,7,207.00),(968,89452.00,229372.00,6,228.00),(969,29994.00,0.00,4,125.00),(970,34401.00,39011.00,5,271.00),(971,62256.00,44810.00,8,244.00),(972,44282.00,0.00,2,170.00),(973,41381.00,147901.00,5,211.00),(974,27144.00,0.00,1,116.00),(975,15435.00,0.00,3,107.00),(976,83776.00,3810.00,7,293.00),(977,79592.00,237562.00,7,257.00),(978,96450.00,434609.00,5,284.00),(979,87321.00,70331.00,6,253.00),(980,94017.00,0.00,1,110.00),(981,96590.00,339027.00,7,237.00),(982,71276.00,176106.00,5,293.00),(983,78423.00,228582.00,8,265.00),(984,83004.00,0.00,2,111.00),(985,90026.00,409270.00,5,203.00),(986,55296.00,2260.00,5,227.00),(987,68200.00,316360.00,8,250.00),(988,64779.00,154331.00,9,246.00),(989,6410.00,0.00,1,136.00),(990,6257.00,0.00,1,113.00),(991,98951.00,170438.00,7,271.00),(992,72830.00,293264.00,9,200.00),(993,34283.00,42273.00,8,250.00),(994,1579.00,5238.00,8,267.00),(995,95677.00,110188.00,5,218.00),(996,29517.00,0.00,1,122.00),(997,37653.00,132552.00,6,236.00),(998,66438.00,0.00,1,100.00),(999,90741.00,0.00,2,128.00),(1000,26153.00,113669.00,6,235.00),(1001,52262.00,112430.00,5,289.00),(1002,88698.00,91318.00,5,265.00),(1003,27365.00,0.00,1,149.00),(1004,61782.00,0.00,5,101.00),(1005,30296.00,125669.00,7,215.00),(1006,8863.00,0.00,1,111.00),(1007,61748.00,0.00,3,146.00),(1008,47809.00,0.00,1,105.00),(1009,72729.00,0.00,4,120.00),(1010,52574.00,204040.00,6,227.00),(1011,70067.00,0.00,3,141.00),(1012,10334.00,6669.00,5,241.00),(1013,32730.00,0.00,5,128.00),(1014,68228.00,0.00,3,170.00),(1015,93650.00,0.00,2,173.00),(1016,12359.00,18717.00,8,230.00),(1017,8454.00,0.00,5,172.00),(1018,42925.00,0.00,3,168.00),(1019,23283.00,0.00,1,141.00),(1020,74030.00,104020.00,6,269.00),(1021,68984.00,127997.00,9,291.00),(1022,96209.00,0.00,1,160.00),(1023,31917.00,112680.00,8,228.00),(1024,90619.00,152571.00,6,277.00),(1025,73347.00,0.00,2,104.00),(1026,93001.00,181229.00,7,241.00),(1027,13979.00,12392.00,8,213.00),(1028,35184.00,0.00,2,156.00),(1029,49233.00,0.00,4,133.00),(1030,74587.00,28223.00,6,231.00),(1031,79027.00,30487.00,6,204.00),(1032,85659.00,427580.00,9,210.00),(1033,95424.00,0.00,4,123.00),(1034,79722.00,86750.00,6,203.00),(1035,77662.00,109913.00,8,242.00),(1036,34610.00,75192.00,6,294.00),(1037,59932.00,0.00,5,125.00),(1038,16642.00,24816.00,8,229.00),(1039,8429.00,0.00,2,157.00),(1040,23939.00,106363.00,9,236.00),(1041,24438.00,31909.00,6,220.00),(1042,51189.00,232945.00,8,252.00),(1043,65854.00,0.00,2,155.00),(1044,96551.00,114754.00,5,261.00),(1045,94895.00,55077.00,7,295.00),(1046,96269.00,0.00,1,144.00),(1047,41802.00,0.00,1,164.00),(1048,72327.00,0.00,1,117.00),(1049,57990.00,0.00,1,154.00),(1050,23508.00,0.00,3,122.00),(1051,85048.00,403178.00,7,211.00),(1052,36692.00,70390.00,6,206.00),(1053,13656.00,0.00,4,173.00),(1054,69247.00,161993.00,6,268.00),(1055,57219.00,0.00,3,144.00),(1056,76664.00,0.00,2,161.00),(1057,34964.00,23077.00,8,205.00),(1058,73885.00,0.00,2,148.00),(1059,97215.00,0.00,1,100.00),(1060,11464.00,29433.00,9,288.00),(1061,38423.00,51721.00,8,226.00),(1062,76148.00,160321.00,7,279.00),(1063,20766.00,0.00,2,109.00),(1064,42607.00,196720.00,5,260.00),(1065,70100.00,0.00,5,123.00),(1066,81947.00,0.00,2,127.00),(1067,36938.00,132335.00,9,278.00),(1068,91846.00,284287.00,6,256.00),(1069,25979.00,93424.00,8,209.00),(1070,41312.00,0.00,5,150.00),(1071,59220.00,0.00,2,101.00),(1072,4433.00,0.00,2,134.00),(1073,28539.00,0.00,3,170.00),(1074,96239.00,58201.00,6,224.00),(1075,25263.00,75926.00,6,290.00),(1076,69852.00,65305.00,9,293.00),(1077,75836.00,83240.00,6,212.00),(1078,7347.00,0.00,4,163.00),(1079,16339.00,63721.00,6,231.00),(1080,52524.00,74884.00,9,242.00),(1081,64171.00,198919.00,8,247.00),(1082,27847.00,0.00,1,132.00),(1083,85338.00,0.00,2,156.00),(1084,30935.00,0.00,5,101.00),(1085,60978.00,166618.00,6,228.00),(1086,69624.00,338669.00,7,213.00),(1087,60360.00,245083.00,9,217.00),(1088,15225.00,46124.00,7,272.00),(1089,70611.00,0.00,4,156.00),(1090,98116.00,0.00,4,130.00),(1091,89913.00,0.00,2,143.00),(1092,50476.00,121802.00,5,207.00),(1093,92524.00,0.00,1,120.00),(1094,194.00,300.00,7,287.00),(1095,35282.00,163126.00,8,203.00),(1096,15777.00,22827.00,8,244.00),(1097,18626.00,81615.00,5,274.00),(1098,92389.00,0.00,5,111.00),(1099,95790.00,0.00,2,104.00),(1100,97590.00,0.00,5,171.00),(1101,54637.00,0.00,5,153.00),(1102,75595.00,0.00,1,163.00),(1103,73499.00,238263.00,5,226.00),(1104,50041.00,0.00,5,136.00),(1105,78856.00,0.00,5,148.00),(1106,96746.00,242715.00,6,293.00),(1107,45293.00,0.00,2,118.00),(1108,54440.00,0.00,3,123.00),(1109,71001.00,0.00,2,161.00),(1110,48011.00,0.00,1,107.00),(1111,12374.00,0.00,4,101.00),(1112,55702.00,104094.00,7,200.00),(1113,53637.00,29610.00,5,290.00),(1114,19683.00,92646.00,7,252.00),(1115,39838.00,0.00,3,112.00),(1116,84258.00,214600.00,7,201.00),(1117,89206.00,0.00,4,121.00),(1118,24207.00,12619.00,6,204.00),(1119,82331.00,303300.00,8,284.00),(1120,68662.00,0.00,3,130.00),(1121,66774.00,313616.00,8,228.00),(1122,25685.00,112145.00,9,286.00),(1123,15688.00,78347.00,8,230.00),(1124,6285.00,0.00,1,160.00),(1125,94360.00,294276.00,7,281.00),(1126,41728.00,0.00,5,145.00),(1127,59031.00,0.00,1,106.00),(1128,87325.00,22987.00,9,240.00),(1129,85073.00,261170.00,6,210.00),(1130,32651.00,0.00,2,143.00),(1131,76954.00,82326.00,7,238.00),(1132,60830.00,5897.00,7,227.00),(1133,88257.00,253652.00,5,226.00),(1134,56792.00,0.00,4,115.00),(1135,97233.00,0.00,2,116.00),(1136,90482.00,0.00,2,173.00),(1137,70483.00,247606.00,7,234.00),(1138,50120.00,0.00,4,161.00),(1139,65944.00,0.00,4,148.00),(1140,72649.00,0.00,1,136.00),(1141,95436.00,455707.00,7,258.00),(1142,83329.00,0.00,5,161.00),(1143,88886.00,68927.00,5,266.00),(1144,79483.00,69970.00,5,211.00),(1145,86647.00,397894.00,5,224.00),(1146,60245.00,0.00,3,111.00),(1147,75914.00,120620.00,9,238.00),(1148,45849.00,91436.00,6,290.00),(1149,82448.00,45764.00,7,290.00),(1150,47643.00,102900.00,5,264.00),(1151,13068.00,0.00,3,152.00),(1152,40423.00,88187.00,9,257.00),(1153,8721.00,0.00,5,135.00),(1154,68491.00,0.00,5,161.00),(1155,36320.00,0.00,5,113.00),(1156,48519.00,67900.00,7,243.00),(1157,1670.00,0.00,4,126.00),(1158,48118.00,0.00,5,162.00),(1159,70315.00,0.00,3,133.00),(1160,47025.00,0.00,2,124.00),(1161,10267.00,32316.00,9,221.00),(1162,75980.00,89421.00,8,228.00),(1163,25632.00,2773.00,6,249.00),(1164,70295.00,0.00,4,159.00),(1165,95987.00,158455.00,9,263.00),(1166,34447.00,0.00,3,129.00),(1167,18941.00,0.00,2,113.00),(1168,49929.00,64221.00,5,208.00),(1169,26053.00,0.00,1,135.00),(1170,50452.00,1522.00,5,297.00),(1171,91799.00,334933.00,9,233.00),(1172,61054.00,0.00,1,131.00),(1173,25674.00,0.00,3,135.00),(1174,45822.00,89574.00,5,236.00),(1175,55922.00,68103.00,5,243.00),(1176,23098.00,0.00,4,125.00),(1177,14597.00,0.00,1,145.00),(1178,97807.00,0.00,3,159.00),(1179,85440.00,299306.00,9,211.00),(1180,83950.00,317487.00,8,268.00),(1181,3803.00,12433.00,8,214.00),(1182,72547.00,0.00,2,154.00),(1183,9911.00,0.00,1,135.00),(1184,63032.00,0.00,3,149.00),(1185,69273.00,218919.00,7,201.00),(1186,61147.00,136821.00,5,252.00),(1187,35842.00,130490.00,7,206.00),(1188,40985.00,0.00,3,112.00),(1189,51504.00,0.00,2,104.00),(1190,30517.00,0.00,5,148.00),(1191,38979.00,0.00,1,117.00),(1192,61502.00,206711.00,5,225.00),(1193,51809.00,0.00,5,112.00),(1194,99310.00,0.00,5,135.00),(1195,24829.00,0.00,4,158.00),(1196,54331.00,41980.00,6,218.00),(1197,9415.00,0.00,2,173.00),(1198,63033.00,32604.00,7,212.00),(1199,50650.00,217215.00,7,294.00),(1200,97503.00,0.00,3,101.00),(1201,47014.00,0.00,5,143.00),(1202,21823.00,25974.00,9,280.00),(1203,38607.00,0.00,3,149.00),(1204,11593.00,0.00,2,164.00),(1205,66631.00,11661.00,7,222.00),(1206,9383.00,0.00,1,172.00),(1207,86808.00,0.00,3,154.00),(1208,19129.00,0.00,3,139.00),(1209,62547.00,33932.00,9,262.00),(1210,82231.00,350418.00,6,246.00),(1211,2634.00,7156.00,7,245.00),(1212,8220.00,33488.00,8,234.00),(1213,93508.00,324166.00,9,215.00),(1214,4666.00,9212.00,9,290.00),(1215,41061.00,27715.00,6,204.00),(1216,11077.00,49925.00,6,283.00),(1217,22567.00,0.00,5,164.00),(1218,56772.00,222858.00,8,266.00),(1219,29614.00,0.00,3,107.00),(1220,45275.00,0.00,4,119.00),(1221,89619.00,0.00,3,146.00),(1222,290.00,923.00,7,206.00),(1223,1129.00,4885.00,8,291.00),(1224,68477.00,301512.00,7,283.00),(1225,29092.00,51996.00,6,252.00),(1226,60322.00,0.00,3,119.00),(1227,35682.00,0.00,3,138.00),(1228,65754.00,248360.00,5,207.00),(1229,83213.00,0.00,1,118.00),(1230,19620.00,44769.00,5,213.00),(1231,33847.00,0.00,2,174.00),(1232,22757.00,0.00,2,155.00),(1233,89890.00,352730.00,6,242.00),(1234,76595.00,186672.00,9,263.00),(1235,4864.00,21436.00,9,222.00),(1236,37672.00,114866.00,5,218.00),(1237,43501.00,0.00,3,154.00),(1238,88206.00,0.00,2,111.00),(1239,55352.00,0.00,2,115.00),(1240,90244.00,370387.00,8,277.00),(1241,36731.00,10080.00,8,221.00),(1242,4526.00,0.00,3,158.00),(1243,6886.00,32217.00,6,279.00),(1244,17102.00,0.00,1,106.00),(1245,92085.00,0.00,5,134.00),(1246,3063.00,0.00,3,126.00),(1247,54034.00,198747.00,8,235.00),(1248,39198.00,0.00,3,125.00),(1249,82833.00,0.00,1,165.00),(1250,47800.00,174389.00,9,267.00),(1251,98412.00,366910.00,8,244.00),(1252,49388.00,48750.00,8,252.00),(1253,24869.00,44687.00,8,229.00),(1254,30441.00,0.00,4,170.00),(1255,58830.00,0.00,4,166.00),(1256,95999.00,0.00,5,169.00),(1257,93325.00,348784.00,9,284.00),(1258,99487.00,0.00,5,119.00),(1259,62794.00,231619.00,9,246.00),(1260,91719.00,38181.00,9,280.00),(1261,80787.00,0.00,2,110.00),(1262,46555.00,88083.00,8,247.00),(1263,70443.00,116152.00,9,292.00),(1264,36167.00,0.00,3,167.00),(1265,67557.00,263958.00,8,220.00),(1266,98722.00,0.00,3,147.00),(1267,68395.00,329527.00,8,224.00),(1268,65281.00,0.00,2,143.00),(1269,18651.00,21547.00,9,265.00),(1270,60711.00,0.00,5,113.00),(1271,98055.00,176518.00,7,201.00),(1272,30935.00,149301.00,5,270.00),(1273,57085.00,140829.00,7,269.00),(1274,61390.00,252620.00,7,208.00),(1275,50593.00,228429.00,6,296.00),(1276,70178.00,131998.00,8,269.00),(1277,88480.00,0.00,4,130.00),(1278,85288.00,14941.00,5,259.00),(1279,69121.00,0.00,2,126.00),(1280,45078.00,0.00,2,105.00),(1281,68160.00,0.00,5,152.00),(1282,11777.00,5632.00,6,224.00),(1283,47508.00,0.00,2,119.00),(1284,21335.00,0.00,2,104.00),(1285,8606.00,0.00,4,112.00),(1286,42038.00,113935.00,5,219.00),(1287,4818.00,0.00,5,132.00),(1288,6689.00,2121.00,7,254.00),(1289,22548.00,93362.00,7,231.00),(1290,67121.00,35423.00,7,243.00),(1291,44563.00,211080.00,5,264.00),(1292,88580.00,366568.00,6,253.00),(1293,84913.00,160577.00,9,214.00),(1294,19138.00,0.00,5,170.00),(1295,78723.00,112056.00,9,216.00),(1296,94616.00,0.00,1,109.00),(1297,75508.00,0.00,5,104.00),(1298,52041.00,45281.00,8,295.00),(1299,7937.00,0.00,1,111.00),(1300,49109.00,81851.00,6,230.00),(1301,33514.00,0.00,5,132.00),(1302,18470.00,0.00,5,171.00),(1303,1314.00,0.00,5,123.00),(1304,14258.00,52943.00,9,295.00),(1305,14759.00,28986.00,8,211.00),(1306,44768.00,172300.00,7,295.00),(1307,11989.00,19149.00,8,264.00),(1308,85540.00,109123.00,7,223.00),(1309,93214.00,223702.00,7,298.00),(1310,57558.00,0.00,3,149.00),(1311,97845.00,0.00,2,132.00),(1312,57426.00,0.00,1,130.00),(1313,89264.00,0.00,5,171.00),(1314,82160.00,0.00,5,108.00),(1315,90747.00,9639.00,7,294.00),(1316,87760.00,203497.00,8,221.00),(1317,39070.00,54031.00,6,275.00),(1318,15638.00,62393.00,9,219.00),(1319,72205.00,170909.00,8,277.00),(1320,66974.00,0.00,3,167.00),(1321,41654.00,0.00,3,155.00),(1322,75435.00,219129.00,5,216.00),(1323,68519.00,0.00,3,125.00),(1324,41756.00,3193.00,8,248.00),(1325,33389.00,18970.00,8,292.00),(1326,38294.00,123038.00,8,287.00),(1327,74311.00,0.00,2,169.00),(1328,51889.00,249485.00,9,232.00),(1329,43126.00,54812.00,9,289.00),(1330,13582.00,60957.00,8,215.00),(1331,49719.00,41474.00,6,238.00),(1332,13655.00,0.00,1,127.00),(1333,75484.00,0.00,2,127.00),(1334,40133.00,40570.00,8,201.00),(1335,13632.00,13679.00,5,201.00),(1336,23571.00,87808.00,7,297.00),(1337,54644.00,0.00,4,163.00),(1338,56399.00,151211.00,6,292.00),(1339,72981.00,80427.00,5,205.00),(1340,62151.00,110886.00,8,297.00),(1341,36521.00,48404.00,8,272.00),(1342,69929.00,0.00,5,134.00),(1343,86416.00,76964.00,8,291.00),(1344,48972.00,0.00,3,122.00),(1345,63262.00,242078.00,5,257.00),(1346,44123.00,0.00,1,105.00),(1347,59639.00,209860.00,6,255.00),(1348,37547.00,0.00,3,163.00),(1349,90783.00,65499.00,7,278.00),(1350,27715.00,42043.00,7,250.00),(1351,9187.00,3292.00,7,252.00),(1352,41325.00,63166.00,7,290.00),(1353,67409.00,101599.00,9,273.00),(1354,75584.00,0.00,2,146.00),(1355,11651.00,39099.00,7,240.00),(1356,50594.00,177721.00,5,249.00),(1357,79675.00,234920.00,6,296.00),(1358,48254.00,169639.00,7,215.00),(1359,76118.00,262313.00,5,235.00),(1360,34156.00,0.00,2,138.00),(1361,9953.00,19240.00,8,237.00),(1362,31860.00,0.00,3,164.00),(1363,39047.00,161720.00,8,257.00),(1364,19342.00,12210.00,7,233.00),(1365,69812.00,0.00,4,107.00),(1366,90353.00,276413.00,8,289.00),(1367,82827.00,35969.00,7,280.00),(1368,9271.00,14142.00,9,298.00),(1369,82886.00,97902.00,9,237.00),(1370,47368.00,196412.00,7,242.00),(1371,21975.00,0.00,2,162.00),(1372,27205.00,18394.00,7,254.00),(1373,91500.00,84629.00,9,298.00),(1374,96472.00,0.00,3,128.00),(1375,84189.00,231275.00,6,287.00),(1376,74447.00,0.00,1,141.00),(1377,52437.00,0.00,2,137.00),(1378,55352.00,273558.00,8,228.00),(1379,37431.00,103189.00,7,259.00),(1380,50436.00,0.00,5,159.00),(1381,68947.00,83702.00,8,225.00),(1382,12084.00,0.00,4,156.00),(1383,78752.00,208351.00,7,224.00),(1384,11501.00,30946.00,8,271.00),(1385,78469.00,125085.00,6,222.00),(1386,59720.00,0.00,4,121.00),(1387,5742.00,5937.00,6,280.00),(1388,38229.00,44867.00,9,284.00),(1389,78541.00,301217.00,6,239.00),(1390,79225.00,0.00,3,130.00),(1391,37309.00,0.00,3,100.00),(1392,40460.00,0.00,5,153.00),(1393,26957.00,0.00,4,112.00),(1394,10185.00,0.00,3,147.00),(1395,36883.00,48948.00,9,281.00),(1396,53632.00,217799.00,6,247.00),(1397,96500.00,100624.00,6,229.00),(1398,43712.00,0.00,2,147.00),(1399,18231.00,0.00,3,129.00),(1400,70535.00,170267.00,8,232.00),(1401,99406.00,0.00,1,135.00),(1402,82657.00,0.00,1,100.00),(1403,81713.00,76175.00,6,220.00),(1404,8495.00,9045.00,6,235.00),(1405,22251.00,0.00,1,134.00),(1406,40452.00,0.00,3,114.00),(1407,37123.00,0.00,2,120.00),(1408,33581.00,0.00,2,131.00),(1409,28011.00,118659.00,9,252.00),(1410,91851.00,294315.00,9,275.00),(1411,18197.00,23129.00,7,291.00),(1412,50637.00,0.00,3,143.00),(1413,88837.00,0.00,3,152.00),(1414,46326.00,0.00,5,164.00),(1415,83383.00,350122.00,9,239.00),(1416,20779.00,0.00,2,149.00),(1417,10402.00,50884.00,7,210.00),(1418,88042.00,118231.00,9,292.00),(1419,27700.00,0.00,5,129.00),(1420,86451.00,188852.00,6,224.00),(1421,96706.00,286185.00,5,211.00),(1422,15073.00,0.00,1,142.00),(1423,1249.00,2407.00,9,253.00),(1424,68211.00,147599.00,9,214.00),(1425,82804.00,0.00,1,138.00),(1426,14953.00,0.00,4,110.00),(1427,41430.00,170341.00,8,233.00),(1428,47136.00,0.00,5,108.00),(1429,32193.00,65762.00,9,254.00),(1430,33649.00,0.00,4,148.00),(1431,77907.00,0.00,5,173.00),(1432,62053.00,69838.00,8,287.00),(1433,55424.00,239778.00,5,240.00),(1434,30695.00,0.00,1,163.00),(1435,62102.00,0.00,1,130.00),(1436,31774.00,137470.00,9,227.00),(1437,57025.00,210949.00,5,286.00),(1438,64501.00,60411.00,9,215.00),(1439,6235.00,5445.00,5,218.00),(1440,59083.00,194047.00,8,246.00),(1441,58910.00,0.00,2,137.00),(1442,18737.00,0.00,3,113.00),(1443,90912.00,0.00,2,102.00),(1444,85442.00,0.00,4,134.00),(1445,80193.00,174901.00,5,281.00),(1446,63216.00,124643.00,7,244.00),(1447,14771.00,60986.00,9,241.00),(1448,43200.00,0.00,4,129.00),(1449,75707.00,52807.00,5,221.00),(1450,40846.00,193327.00,7,253.00),(1451,14890.00,0.00,1,170.00),(1452,95566.00,462576.00,7,218.00),(1453,48490.00,0.00,5,113.00),(1454,85990.00,154698.00,7,255.00),(1455,82471.00,0.00,4,145.00),(1456,63666.00,261941.00,9,268.00),(1457,55127.00,0.00,2,171.00),(1458,8955.00,15064.00,6,257.00),(1459,34711.00,0.00,5,118.00),(1460,14729.00,15682.00,6,218.00),(1461,17076.00,67104.00,9,255.00),(1462,26381.00,118167.00,5,269.00),(1463,80849.00,0.00,5,106.00),(1464,25773.00,0.00,4,164.00),(1465,35972.00,10986.00,7,263.00),(1466,77908.00,356861.00,6,239.00),(1467,38048.00,120262.00,6,233.00),(1468,43119.00,0.00,1,139.00),(1469,86370.00,0.00,1,172.00),(1470,45795.00,0.00,1,126.00),(1471,11058.00,0.00,5,133.00),(1472,29634.00,132255.00,5,257.00),(1473,25540.00,0.00,3,152.00),(1474,86048.00,322977.00,7,291.00),(1475,48544.00,0.00,5,139.00),(1476,28838.00,43983.00,7,254.00),(1477,16619.00,46862.00,6,218.00),(1478,87148.00,0.00,4,142.00),(1479,28516.00,0.00,4,107.00),(1480,77802.00,234247.00,7,225.00),(1481,8832.00,5147.00,7,256.00),(1482,95579.00,0.00,3,157.00),(1483,5467.00,21638.00,6,244.00),(1484,69263.00,213867.00,6,244.00),(1485,56453.00,0.00,5,129.00),(1486,86177.00,0.00,5,124.00),(1487,72625.00,289733.00,9,215.00),(1488,97425.00,0.00,3,145.00),(1489,86793.00,0.00,4,128.00),(1490,9673.00,7964.00,5,229.00),(1491,54153.00,0.00,4,158.00),(1492,21664.00,0.00,3,111.00),(1493,46769.00,0.00,3,143.00),(1494,19834.00,97152.00,7,231.00),(1495,44191.00,0.00,1,135.00),(1496,47635.00,16114.00,5,290.00),(1497,67419.00,0.00,2,143.00),(1498,68273.00,0.00,1,128.00),(1499,52288.00,0.00,5,135.00),(1500,56292.00,25415.00,8,289.00),(1501,86271.00,0.00,3,161.00),(1502,56227.00,0.00,3,130.00),(1503,98100.00,120277.00,6,241.00),(1504,7873.00,23181.00,7,234.00),(1505,58552.00,164024.00,9,243.00),(1506,49538.00,161617.00,5,226.00),(1507,22125.00,0.00,1,157.00),(1508,10122.00,49216.00,7,241.00),(1509,69975.00,0.00,3,128.00),(1510,95560.00,97394.00,8,257.00),(1511,43838.00,0.00,1,121.00),(1512,67861.00,0.00,3,167.00),(1513,36196.00,24902.00,7,274.00),(1514,28883.00,0.00,3,136.00),(1515,3706.00,0.00,3,148.00),(1516,24470.00,0.00,1,167.00),(1517,37040.00,19866.00,7,216.00),(1518,16518.00,0.00,1,105.00),(1519,71437.00,0.00,2,156.00),(1520,64916.00,0.00,5,133.00),(1521,87179.00,0.00,5,121.00),(1522,72583.00,54485.00,7,271.00),(1523,89169.00,268226.00,7,248.00),(1524,74685.00,177505.00,7,210.00),(1525,89221.00,0.00,2,104.00),(1526,67565.00,0.00,2,118.00),(1527,45416.00,0.00,3,137.00),(1528,39310.00,0.00,5,114.00),(1529,49988.00,0.00,4,153.00),(1530,67865.00,0.00,2,103.00),(1531,43220.00,188814.00,8,201.00),(1532,25108.00,0.00,4,108.00),(1533,66294.00,0.00,3,117.00),(1534,67589.00,0.00,3,119.00),(1535,34296.00,114122.00,7,206.00),(1536,3386.00,15640.00,9,260.00),(1537,2611.00,0.00,5,101.00),(1538,16478.00,0.00,2,104.00),(1539,39844.00,121777.00,7,294.00),(1540,67512.00,0.00,4,154.00),(1541,89770.00,78477.00,8,222.00),(1542,5359.00,0.00,1,126.00),(1543,68284.00,216249.00,8,268.00),(1544,45128.00,217771.00,9,221.00),(1545,71206.00,18367.00,7,271.00),(1546,43654.00,145883.00,8,265.00),(1547,70338.00,2694.00,7,284.00),(1548,26226.00,0.00,5,140.00),(1549,11228.00,33678.00,6,263.00),(1550,52253.00,0.00,1,157.00),(1551,42670.00,0.00,5,125.00),(1552,11880.00,0.00,5,120.00),(1553,58434.00,288846.00,7,231.00),(1554,99454.00,0.00,4,135.00),(1555,2740.00,0.00,3,171.00),(1556,38139.00,0.00,3,104.00),(1557,26602.00,19424.00,7,261.00),(1558,27690.00,0.00,1,127.00),(1559,9560.00,0.00,3,137.00),(1560,44937.00,136537.00,5,209.00),(1561,15277.00,0.00,3,169.00),(1562,54410.00,0.00,5,142.00),(1563,97737.00,0.00,5,124.00),(1564,40792.00,149295.00,5,253.00),(1565,42738.00,0.00,1,140.00),(1566,81740.00,183227.00,9,232.00),(1567,25473.00,0.00,5,121.00),(1568,60696.00,0.00,1,120.00),(1569,5169.00,0.00,5,164.00),(1570,16460.00,60004.00,6,237.00),(1571,11118.00,2330.00,8,224.00),(1572,26762.00,74470.00,9,231.00),(1573,7561.00,0.00,4,130.00),(1574,84351.00,221733.00,5,272.00),(1575,47431.00,0.00,2,174.00),(1576,99067.00,0.00,3,133.00),(1577,34278.00,0.00,3,150.00),(1578,21088.00,0.00,3,127.00),(1579,37875.00,0.00,1,164.00),(1580,47537.00,0.00,2,162.00),(1581,40171.00,0.00,2,104.00),(1582,35657.00,0.00,1,167.00),(1583,95076.00,153251.00,9,216.00),(1584,84865.00,381011.00,9,213.00),(1585,46753.00,0.00,5,174.00),(1586,71651.00,0.00,3,164.00),(1587,77995.00,0.00,4,144.00),(1588,75090.00,31524.00,5,264.00),(1589,22202.00,0.00,1,113.00),(1590,36809.00,0.00,2,149.00),(1591,21420.00,0.00,1,148.00),(1592,72866.00,0.00,5,162.00),(1593,8775.00,0.00,4,103.00),(1594,31836.00,123921.00,6,279.00),(1595,29057.00,9808.00,6,255.00),(1596,54349.00,221003.00,5,206.00),(1597,36771.00,33349.00,8,254.00),(1598,85788.00,59681.00,7,288.00),(1599,59799.00,0.00,5,135.00),(1600,72247.00,0.00,3,132.00),(1601,30232.00,29135.00,5,285.00),(1602,97198.00,0.00,3,142.00),(1603,35685.00,24560.00,7,231.00),(1604,4776.00,13813.00,8,229.00),(1605,66343.00,181505.00,6,219.00),(1606,87662.00,0.00,5,113.00),(1607,39600.00,0.00,2,125.00),(1608,71095.00,0.00,1,144.00),(1609,97857.00,0.00,1,123.00),(1610,97730.00,0.00,4,115.00),(1611,50951.00,0.00,4,130.00),(1612,54245.00,67883.00,6,217.00),(1613,85838.00,0.00,5,128.00),(1614,93714.00,0.00,3,132.00),(1615,88354.00,229549.00,8,296.00),(1616,6712.00,0.00,4,154.00),(1617,18646.00,57336.00,8,276.00),(1618,8434.00,0.00,4,129.00),(1619,89796.00,311464.00,7,273.00),(1620,13433.00,0.00,1,168.00),(1621,12320.00,31604.00,5,239.00),(1622,8930.00,12920.00,6,255.00),(1623,62765.00,0.00,1,168.00),(1624,52392.00,0.00,5,141.00),(1625,97386.00,478399.00,9,275.00),(1626,69822.00,275234.00,5,221.00),(1627,79559.00,0.00,5,145.00),(1628,23922.00,0.00,3,124.00),(1629,97579.00,202311.00,9,280.00),(1630,32264.00,100568.00,7,268.00),(1631,76245.00,286622.00,7,234.00),(1632,16397.00,0.00,5,145.00),(1633,97130.00,0.00,2,106.00),(1634,45323.00,200830.00,5,260.00),(1635,37677.00,150427.00,6,203.00),(1636,38218.00,162333.00,8,265.00),(1637,74946.00,188732.00,5,257.00),(1638,19165.00,0.00,4,156.00),(1639,15555.00,0.00,4,163.00),(1640,73820.00,0.00,3,100.00),(1641,56436.00,0.00,4,122.00),(1642,67531.00,0.00,1,165.00),(1643,31646.00,151128.00,9,260.00),(1644,14886.00,0.00,1,157.00),(1645,96668.00,344382.00,8,214.00),(1646,80794.00,0.00,3,108.00),(1647,64111.00,73178.00,5,243.00),(1648,77042.00,245484.00,6,233.00),(1649,62205.00,297136.00,9,228.00),(1650,50259.00,200824.00,9,282.00),(1651,1318.00,0.00,4,102.00),(1652,37006.00,0.00,4,132.00),(1653,23166.00,3969.00,9,238.00),(1654,59398.00,0.00,1,137.00),(1655,74534.00,83925.00,5,232.00),(1656,15493.00,6951.00,8,257.00),(1657,1946.00,0.00,5,145.00),(1658,68350.00,0.00,4,112.00),(1659,48611.00,219932.00,6,224.00),(1660,87157.00,0.00,2,106.00),(1661,50509.00,0.00,5,107.00),(1662,44295.00,188263.00,6,280.00),(1663,58039.00,175310.00,9,298.00),(1664,20404.00,0.00,3,132.00),(1665,44286.00,0.00,5,147.00),(1666,32191.00,0.00,1,138.00),(1667,24706.00,91244.00,6,244.00),(1668,37129.00,0.00,4,169.00),(1669,87429.00,400705.00,6,249.00),(1670,17908.00,0.00,3,118.00),(1671,83217.00,342439.00,9,256.00),(1672,35276.00,72250.00,6,234.00),(1673,21573.00,0.00,1,168.00),(1674,8893.00,0.00,1,173.00),(1675,69823.00,0.00,4,153.00),(1676,35557.00,0.00,5,143.00),(1677,18204.00,42489.00,7,254.00),(1678,46327.00,149819.00,9,289.00),(1679,1812.00,2528.00,5,288.00),(1680,97747.00,311125.00,9,209.00),(1681,13378.00,43171.00,7,291.00),(1682,67080.00,0.00,3,115.00),(1683,85632.00,0.00,2,174.00),(1684,1705.00,0.00,3,152.00),(1685,12748.00,40462.00,8,257.00),(1686,53821.00,236342.00,7,275.00),(1687,44053.00,69846.00,6,247.00),(1688,3570.00,0.00,1,168.00),(1689,54743.00,0.00,5,126.00),(1690,47256.00,225452.00,6,232.00),(1691,45402.00,0.00,4,138.00),(1692,58569.00,0.00,5,167.00),(1693,70216.00,0.00,4,114.00),(1694,45783.00,0.00,5,160.00),(1695,51126.00,0.00,1,112.00),(1696,48414.00,0.00,1,129.00),(1697,17988.00,0.00,3,161.00),(1698,84680.00,187693.00,7,223.00),(1699,71948.00,0.00,1,174.00),(1700,63536.00,109410.00,5,217.00),(1701,7474.00,21198.00,6,243.00),(1702,69538.00,139083.00,9,264.00),(1703,37366.00,0.00,2,141.00),(1704,68167.00,59266.00,9,265.00),(1705,41915.00,0.00,3,104.00),(1706,36722.00,0.00,4,112.00),(1707,38458.00,141805.00,8,223.00),(1708,19779.00,0.00,2,155.00),(1709,28746.00,0.00,3,165.00),(1710,27480.00,0.00,4,156.00),(1711,99745.00,393710.00,9,221.00),(1712,23474.00,0.00,4,128.00),(1713,7234.00,0.00,5,136.00),(1714,91649.00,0.00,5,125.00),(1715,72286.00,0.00,1,165.00),(1716,76594.00,0.00,5,150.00),(1717,37770.00,0.00,1,170.00),(1718,81990.00,0.00,5,134.00),(1719,17236.00,0.00,4,118.00),(1720,99188.00,0.00,5,173.00),(1721,82038.00,285073.00,7,261.00),(1722,60780.00,157416.00,8,238.00),(1723,66779.00,286837.00,5,242.00),(1724,51899.00,83057.00,8,203.00),(1725,78803.00,0.00,2,157.00),(1726,16580.00,0.00,4,105.00),(1727,7624.00,6165.00,5,293.00),(1728,14449.00,43871.00,9,294.00),(1729,86156.00,206134.00,5,253.00),(1730,80989.00,283239.00,9,260.00),(1731,31221.00,62898.00,8,202.00),(1732,35072.00,130869.00,8,226.00),(1733,17783.00,47172.00,6,220.00),(1734,42725.00,112377.00,9,281.00),(1735,34351.00,0.00,3,124.00),(1736,64099.00,84380.00,8,277.00),(1737,48216.00,65536.00,5,247.00);
/*!40000 ALTER TABLE `credit_account` ENABLE KEYS */;
UNLOCK TABLES;

--
-- Table structure for table `customer`
--

DROP TABLE IF EXISTS `customer`;
/*!40101 SET @saved_cs_client     = @@character_set_client */;
/*!50503 SET character_set_client = utf8mb4 */;
CREATE TABLE `customer` (
  `C_ID` int NOT NULL,
  `C_name` varchar(40) DEFAULT NULL,
  `income` decimal(15,2) DEFAULT NULL,
  `years_of_credit_hist` decimal(10,2) DEFAULT NULL,
  `credit_score` int DEFAULT NULL,
  PRIMARY KEY (`C_ID`)
) ENGINE=InnoDB DEFAULT CHARSET=utf8mb4 COLLATE=utf8mb4_0900_ai_ci;
/*!40101 SET character_set_client = @saved_cs_client */;

--
-- Dumping data for table `customer`
--

LOCK TABLES `customer` WRITE;
/*!40000 ALTER TABLE `customer` DISABLE KEYS */;
INSERT INTO `customer` VALUES (13500,'Aleph HILL',911430.00,25.00,748),(13501,'Robbie FLORES',904058.00,33.00,709),(13502,'Yanel GREEN',1012510.00,32.00,724),(13503,'Timea MARTIN',950969.00,16.00,714),(13504,'Ralphy ADAMS',766384.00,44.00,714),(13505,'Lilian NELSON',1292646.00,1.00,729),(13506,'Savage BAKER',1256128.00,5.00,722),(13507,'Aazan HALL',1317707.00,22.00,662),(13508,'Jarrick RIVERA',1494939.00,14.00,738),(13509,'Lionel CAMPBELL',422256.00,37.00,675),(13510,'Kenasia MITCHELL',1264127.00,22.00,740),(13511,'Sareena CARTER',1006677.00,32.00,717),(13512,'Masih ROBERTS',2371200.00,22.00,717),(13513,'Madylan GOMEZ',1390648.00,4.00,701),(13514,'Kasch PHILLIPS',1532407.00,49.00,700),(13515,'Rylei EVANS',555788.00,1.00,723),(13516,'Shiya TURNER',1488080.00,14.00,692),(13517,'Paxtyn DIAZ',1557848.00,29.00,7330),(13518,'Demariah PARKER',2641760.00,16.00,692),(13519,'Roxie CRUZ',1304730.00,32.00,727),(13520,'Keidy EDWARDS',1117656.00,36.00,731),(13521,'Keylan COLLINS',1228825.00,40.00,740),(13522,'Jadia REYES',802370.00,22.00,7080),(13523,'Mesut PECK',1157556.00,32.00,730),(13524,'Birch STEWART',4694900.00,47.00,740),(13525,'Hisham BURCH',507661.00,30.00,744),(13526,'Kendale MORRIS',681169.00,23.00,741),(13527,'Aritzel MORALES',953705.00,6.00,647),(13528,'Milos MURPHY',470630.00,39.00,719),(13529,'Jordyn COOK',1089555.00,1.00,731),(13530,'Muaad ROGERS',1124040.00,42.00,722),(13531,'Christyanna GUTIERREZ',1449947.00,33.00,678),(13532,'Anecia ORTIZ',664335.00,13.00,674),(13533,'Berta MORGAN',1846154.00,24.00,739),(13534,'Youssef COOPER',804859.00,29.00,706),(13535,'Cristofer PETERSON',963186.00,34.00,724),(13536,'Frimy MADDOX',1153110.00,3.00,737),(13537,'Gricelda VO',1095369.00,9.00,750),(13538,'Saulo BAILEY',1315503.00,22.00,739),(13539,'Parish LUCERO',741228.00,5.00,740),(13540,'Deakin REED',1364447.00,0.00,728),(13541,'Treylan KELLY',868737.00,34.00,731),(13542,'Ruhaan HOWARD',836475.00,19.00,722),(13543,'Evin RAMOS',750880.00,1.00,717),(13544,'Arbor KIM',413744.00,29.00,740),(13545,'Ayusha COX',576099.00,43.00,720),(13546,'Knoah WARD',1010534.00,12.00,710),(13547,'Tuf RICHARDSON',1717695.00,37.00,676),(13548,'Tanay WATSON',1990991.00,35.00,735),(13549,'Armoni SMITH',1000160.00,45.00,712),(13550,'Xabian BROOKS',2132085.00,2.00,704),(13551,'Nhyla LEVY',1679125.00,48.00,640),(13552,'Shylo CHAVEZ',2674725.00,5.00,738),(13553,'Azaliah WOOD',887718.00,47.00,724),(13554,'Caidon JAMES',1542800.00,36.00,721),(13555,'Jakayden BENNETT',2643033.00,41.00,7090),(13556,'Millee OCONNELL',504374.00,39.00,680),(13557,'Antonino GRAY',658141.00,13.00,720),(13558,'Quan MENDOZA',1064209.00,48.00,744),(13559,'Lennox HUBER',1243094.00,25.00,722),(13560,'Shakyla RUIZ',1275831.00,35.00,708),(13561,'Pavel HUGHES',1691361.00,14.00,634),(13562,'Gabryel PRICE',1380711.00,11.00,738),(13563,'Mystery ALVAREZ',962502.00,36.00,740),(13564,'Danni CASTILLO',2397325.00,23.00,738),(13565,'Corryn SANDERS',657286.00,6.00,723),(13566,'Keyan VU',16244088.00,34.00,703),(13567,'Bosco ANDERSEN',862011.00,11.00,740),(13568,'Tayshaun PATEL',1246742.00,32.00,664),(13569,'James MYERS',2470931.00,2.00,742),(13570,'Kenden LONG',1864660.00,15.00,749),(13571,'Boluwatife ROSS',1059725.00,22.00,653),(13572,'Janasia FOSTER',2999264.00,42.00,718),(13573,'Kamil JIMENEZ',668876.00,22.00,740),(13574,'Londell POWELL',712348.00,23.00,707),(13575,'Cammie JENKINS',2427250.00,6.00,670),(13576,'Aili PERRY',844531.00,48.00,739),(13577,'Joslin RUSSELL',763496.00,4.00,714),(13578,'Jaymes SULLIVAN',1672893.00,46.00,699),(13579,'Avril BELL',1488365.00,38.00,740),(13580,'Anabela COLEMAN',1950008.00,32.00,687),(13581,'Milee SPENCE',1191699.00,44.00,701),(13582,'Mary BUTLER',1341438.00,33.00,712),(13583,'Saith HENDERSON',668800.00,35.00,735),(13584,'Issac BARNES',996892.00,29.00,723),(13585,'Aariya GONZALES',1307067.00,3.00,751),(13586,'Annagail MCPHERSON',462023.00,22.00,744),(13587,'Kizer SMITH',3511846.00,7.00,737),(13588,'Jovanii FISHER',4851175.00,49.00,723),(13589,'Mishon VASQUEZ',1668447.00,45.00,7120),(13590,'Keirstin SIMMONS',663138.00,3.00,706),(13591,'Maybrie ROMERO',1995399.00,33.00,720),(13592,'Liliyana JORDAN',1135440.00,40.00,739),(13593,'Baird PATTERSON',1132020.00,38.00,726),(13594,'Sylus ALLEN',1030199.00,22.00,715),(13595,'Ilyanna JOHNSON',1438262.00,41.00,611),(13596,'Lyra ALEXANDER',1032783.00,25.00,715),(13597,'Coye BOYLE',2628612.00,34.00,718),(13598,'Gurleen HAMILTON',723596.00,12.00,716),(13599,'Ziah GRAHAM',604466.00,5.00,6070),(13600,'Jansen REYNOLDS',551285.00,38.00,709),(13601,'Darlin GRIFFIN',2051126.00,6.00,728),(13602,'Nerissa HANNA',1484736.00,7.00,715),(13603,'Emory WALLACE',1499480.00,25.00,724),(13604,'Raji PACE',1675458.00,16.00,7390),(13605,'Gemari RUSH',2699102.00,41.00,744),(13606,'Darlene MORENO',1711463.00,35.00,670),(13607,'Rashid WEST',989482.00,41.00,743),(13608,'Zyan COLE',1416165.00,36.00,738),(13609,'Karmine HAYES',576897.00,14.00,748),(13610,'Trygg BRYANT',1368817.00,25.00,704),(13611,'Roiza HERRERA',1266787.00,12.00,748),(13612,'Kyndle GIBSON',1005480.00,48.00,666),(13613,'Lillian ELLIS',865013.00,13.00,715),(13614,'Jodie TRAN',1712641.00,45.00,714),(13615,'Kypton CHURCH',333583.00,36.00,674),(13616,'Bensyn SCHMITT',515147.00,34.00,731),(13617,'Deijah MEDINA',449711.00,5.00,715),(13618,'Saren AGUILAR',768512.00,15.00,743),(13619,'Shamon STEVENS',1901330.00,20.00,741),(13620,'Tysin MURRAY',1541888.00,14.00,715),(13621,'Ezaria FORD',1027140.00,19.00,731),(13622,'Arwen CASTRO',1161774.00,6.00,633),(13623,'Maaliyah WILLIAMS',1157898.00,11.00,692),(13624,'Holston MARSHALL',1089460.00,6.00,734),(13625,'Charlytte OWENS',1509113.00,44.00,708),(13626,'Damean WOODWARD',852701.00,43.00,711),(13627,'Eva HARRISON',939246.00,28.00,730),(13628,'Klara FERNANDEZ',761976.00,7.00,709),(13629,'Rossy MCDONALD',690156.00,32.00,717),(13630,'Jonothan WOODS',2559870.00,13.00,746),(13631,'Kayal WASHINGTON',706914.00,10.00,723),(13632,'Karie KENNEDY',3068538.00,19.00,719),(13633,'Sherlin WELLS',2087283.00,49.00,731),(13634,'Patton VARGAS',2331205.00,28.00,713),(13635,'Cherish HENRY',969418.00,14.00,717),(13636,'Ronae STANTON',644841.00,37.00,737),(13637,'Washington CHEN',1599553.00,42.00,663),(13638,'Cylis FREEMAN',2109437.00,36.00,722),(13639,'Khyrie WEBB',1172813.00,14.00,704),(13640,'Rainn TUCKER',1586576.00,5.00,697),(13641,'Niveyah LEAL',485602.00,23.00,6660),(13642,'Saleena GUZMAN',1070061.00,10.00,725),(13643,'Aftyn HURLEY',1382364.00,24.00,599),(13644,'Inmer BURNS',2379750.00,24.00,709),(13645,'Trisden CRAWFORD',4180418.00,46.00,725),(13646,'Ashten RICHMOND',625613.00,1.00,730),(13647,'Natashia HARDING',705242.00,12.00,690),(13648,'Amarri OLSON',483930.00,22.00,707),(13649,'Lira SIMPSON',1234867.00,3.00,735),(13650,'Antonius MCCONNELL',388493.00,36.00,7320),(13651,'Ariyelle CHERRY',660079.00,46.00,701),(13652,'Cristal PORTER',1951946.00,21.00,674),(13653,'Nur HUNTER',813238.00,10.00,750),(13654,'Treyvonne GORDON',1872982.00,8.00,674),(13655,'Natilyn MENDEZ',1153224.00,48.00,728),(13656,'Amyria SILVA',835753.00,22.00,723),(13657,'Nixon SHAW',1525434.00,3.00,748),(13658,'Adleigh SNYDER',2891762.00,16.00,726),(13659,'Damyen MASON',752571.00,9.00,737),(13660,'Amariyah BERNAL',1032764.00,42.00,707),(13661,'Lailie DIXON',547998.00,5.00,709),(13662,'Nikolay MUNOZ',1119404.00,37.00,739),(13663,'Jacameron HUNT',563160.00,26.00,681),(13664,'Mazi HICKS',1040934.00,4.00,747),(13665,'Brinlee HOLMES',944965.00,9.00,685),(13666,'Mirai COMPTON',375554.00,42.00,641),(13667,'Raelene PALMER',1310050.00,43.00,737),(13668,'Camil NAVA',1777754.00,11.00,616),(13669,'Romon WAGNER',1127346.00,26.00,729),(13670,'Pheonix BLACK',2198110.00,28.00,745),(13671,'Jazelyn ROBERTSON',2016337.00,46.00,747),(13672,'Korrine BOYD',1458915.00,37.00,728),(13673,'Sho ROSE',629755.00,48.00,730),(13674,'Kirill STONE',1523800.00,30.00,6820),(13675,'Briahna SALAZAR',1211725.00,18.00,735),(13676,'Kamera AYERS',1914250.00,15.00,746),(13677,'Hadasa BROWN',715521.00,22.00,742),(13678,'Davie FOX',1919228.00,41.00,745),(13679,'Whitnee WARREN',1193428.00,32.00,738),(13680,'Auna MILLS',1154668.00,47.00,741),(13681,'Aneres MEYER',1206975.00,22.00,746),(13682,'Dmetrius RICE',2642976.00,17.00,747),(13683,'Shaan EVERETT',2360940.00,39.00,725),(13684,'Deema DUDLEY',708453.00,4.00,689),(13685,'Baylea SIERRA',960925.00,37.00,729),(13686,'Gabrial SCHMIDT',1241707.00,6.00,735),(13687,'Loren KING',1955898.00,25.00,670),(13688,'Michelina GARZA',1819079.00,26.00,746),(13689,'Roham DANIELS',775580.00,11.00,721),(13690,'Danah POLLARD',3992964.00,28.00,712),(13691,'Emri FERGUSON',1680417.00,25.00,691),(13692,'Sujay ALFARO',860643.00,22.00,720),(13693,'Arrayah NICHOLS',810179.00,19.00,6870),(13694,'Talina STEPHENS',769880.00,32.00,7260),(13695,'Lezah HESTER',1407900.00,17.00,662),(13696,'Cairo SOTO',1549317.00,24.00,748),(13697,'Jordon WEAVER',788272.00,41.00,712),(13698,'Mateusz RYAN',945383.00,22.00,744),(13699,'Andi GARDNER',920113.00,30.00,731),(13700,'Delyla PAYNE',2696442.00,43.00,725),(13701,'Orren VENTURA',2247624.00,39.00,743),(13702,'Lillyana GRANT',5709956.00,15.00,750),(13703,'Erianne DUNN',1777982.00,5.00,748),(13704,'Ziyan KELLEY',1037514.00,24.00,615),(13705,'Lamondre SPENCER',670795.00,44.00,7180),(13706,'Janeice HAWKINS',713222.00,16.00,711),(13707,'Apollos JARAMILLO',3320896.00,18.00,680),(13708,'Rondal ARNOLD',960165.00,0.00,708),(13709,'Kashden PIERCE',788101.00,24.00,683),(13710,'Javen VAZQUEZ',1257477.00,21.00,669),(13711,'Montel HANSEN',2186539.00,23.00,734),(13712,'Brinson PETERS',853803.00,4.00,632),(13713,'Wally SANTOS',1288789.00,8.00,741),(13714,'Daud HART',2808352.00,16.00,729),(13715,'Melony BRADLEY',1944840.00,39.00,737),(13716,'Zaide PROCTOR',929480.00,34.00,7420),(13717,'Blanca KNIGHT',3023204.00,45.00,725),(13718,'Breylon ELLIOTT',1893844.00,27.00,672),(13719,'Mylan CUNNINGHAM',4078977.00,14.00,718),(13720,'Naheem DUNCAN',1556708.00,43.00,731),(13721,'Brisa ARMSTRONG',2781030.00,18.00,741),(13722,'Zora HUDSON',1308929.00,2.00,716),(13723,'Keyley FELIX',729961.00,23.00,719),(13724,'Aubriauna CARROLL',655633.00,40.00,740),(13725,'Garth LANE',751564.00,7.00,723),(13726,'Kenyah RILEY',485412.00,7.00,7140),(13727,'Lory LU',2248308.00,10.00,725),(13728,'Malayna ANDREWS',1147068.00,43.00,729),(13729,'Endya ALVARADO',1308321.00,31.00,740),(13730,'Rylah RAY',953534.00,26.00,743),(13731,'Kameren DELGADO',1231428.00,11.00,7320),(13732,'Casia BERRY',1865040.00,16.00,742),(13733,'Taleia HINTON',811965.00,27.00,683),(13734,'Kaysha PERKINS',2080975.00,23.00,747),(13735,'Yida HOFFMAN',1408185.00,2.00,680),(13736,'Leysha JOHNSTON',818140.00,7.00,641),(13737,'Jakaylee MATTHEWS',2223893.00,12.00,746),(13738,'Joselle PENA',3011823.00,14.00,747),(13739,'Rakan RICHARDS',947682.00,14.00,724),(13740,'Quintin CONTRERAS',801154.00,30.00,669),(13741,'Ameriah WILLIS',1701165.00,12.00,606),(13742,'Alaia CARPENTER',1158240.00,48.00,740),(13743,'Rohin LAWRENCE',704387.00,23.00,715),(13744,'Alexxia SANDOVAL',1560812.00,18.00,712),(13745,'Raidyn GUERRERO',2491451.00,20.00,7100),(13746,'Finn AVERY',1058262.00,36.00,724),(13747,'Gilda GEORGE',279623.00,0.00,743),(13748,'Werner CHAPMAN',1548576.00,28.00,744),(13749,'Deslyn RIOS',1482589.00,25.00,737),(13750,'Maximilliano PUGH',1732059.00,26.00,749),(13751,'Rayna ESTRADA',1446375.00,17.00,749),(13752,'Shyan MAYER',5283007.00,23.00,733),(13753,'Demani NOVAK',2265864.00,12.00,5880),(13754,'Seona ORTEGA',1570160.00,27.00,747),(13755,'Leonella WATKINS',1828560.00,2.00,727),(13756,'Deidra GREENE',1225614.00,3.00,746),(13757,'Anita NUNEZ',538973.00,9.00,6270),(13758,'Makyia WHEELER',1585949.00,8.00,724),(13759,'Adyline VALDEZ',1592960.00,24.00,742),(13760,'Srijan GOOD',583167.00,17.00,692),(13761,'Eligio HARPER',965181.00,17.00,694),(13762,'Keiko BURKE',1192364.00,9.00,716),(13763,'Kelaiah LARSON',700074.00,25.00,713),(13764,'Park BLACKBURN',1338645.00,24.00,712),(13765,'Nachum SANTIAGO',1712641.00,15.00,734),(13766,'Wanita MALDONADO',950095.00,2.00,740),(13767,'Dhiya MORRISON',891480.00,20.00,720),(13768,'Jael FRANKLIN',969950.00,36.00,678),(13769,'Payeton MADDEN',564186.00,43.00,719),(13770,'Jenai CARLSON',1315826.00,2.00,720),(13771,'Izan AUSTIN',776340.00,20.00,722),(13772,'Mckenzie DOMINGUEZ',2487537.00,2.00,730),(13773,'Nolawit CARR',1803936.00,38.00,723),(13774,'Raylin MCCANN',2048200.00,30.00,718),(13775,'Ryeli LAWSON',1042283.00,29.00,7390),(13776,'Emauri DUNLAP',2365158.00,28.00,743),(13777,'Ireland JACOBS',735072.00,22.00,702),(13778,'Miana OBRIEN',1044278.00,21.00,741),(13779,'Lexine LYNCH',2661311.00,9.00,612),(13780,'Alysson SINGH',702468.00,44.00,739),(13781,'Sophey VEGA',768284.00,4.00,721),(13782,'Marcial BISHOP',1871880.00,19.00,747),(13783,'Natalia MONTGOMERY',1784784.00,49.00,745),(13784,'Sachin OLIVER',1218337.00,27.00,722),(13785,'Salia JENSEN',612199.00,14.00,733),(13786,'Lesly KRUEGER',1002326.00,0.00,722),(13787,'Emmanuel GOULD',918650.00,22.00,721),(13788,'Alixandra HARVEY',1303533.00,19.00,697),(13789,'Sheila WILLIAMSON',2369547.00,5.00,691),(13790,'Jakeob GILBERT',2233450.00,47.00,728),(13791,'Jerzee DEAN',1494008.00,40.00,714),(13792,'Breslin SIMS',1488384.00,15.00,6950),(13793,'Lorin ESPINOZA',1394657.00,31.00,746),(13794,'Giovanni HOWELL',868946.00,15.00,706),(13795,'Tovia LEE',1668637.00,46.00,750),(13796,'Yita LI',1229452.00,42.00,6680),(13797,'Jaisha WONG',1025563.00,30.00,741),(13798,'Layani REID',2103585.00,33.00,724),(13799,'Eden HANSON',1470429.00,28.00,733),(13800,'Keilani MOYER',375364.00,42.00,725),(13801,'Epifanio TERRELL',1273779.00,40.00,722),(13802,'Aryn LE',4046202.00,21.00,726),(13803,'Rylyn MCCOY',1701146.00,47.00,714),(13804,'Ammaar GARRETT',1061264.00,32.00,741),(13805,'Vashon BURTON',2097828.00,40.00,749),(13806,'Braelyn FULLER',1483577.00,29.00,699),(13807,'Brynnlie RASMUSSEN',2009174.00,1.00,716),(13808,'Jiana WANG',1870550.00,23.00,728),(13809,'Cathryn LIM',599963.00,26.00,702),(13810,'Rickiyah WEBER',1956031.00,33.00,748),(13811,'Nalea WELCH',3018112.00,18.00,713),(13812,'Exton JARVIS',1892134.00,2.00,714),(13813,'Cadhla ROJAS',751051.00,37.00,744),(13814,'Jovann LUCAS',1368342.00,15.00,726),(13815,'Preston MARQUEZ',4184180.00,38.00,725),(13816,'Sophiaann FIELDS',565269.00,23.00,738),(13817,'Adina PARK',1775588.00,5.00,722),(13818,'Abiageal PEREZ',670244.00,17.00,718),(13819,'Kaidon YANG',2113408.00,6.00,7220),(13820,'Dusten LITTLE',1058490.00,19.00,7420),(13821,'Annie BANKS',1010097.00,4.00,747),(13822,'Rajveer PADILLA',2042291.00,36.00,681),(13823,'Iban DAY',1145719.00,27.00,6920),(13824,'Legaci WALSH',3783660.00,12.00,740),(13825,'Zarionna BOWMAN',2032924.00,1.00,680),(13826,'Palmer BENDER',1732743.00,13.00,725),(13827,'Kierstyn SCHULTZ',1037058.00,49.00,742),(13828,'Toryn LUNA',1933592.00,20.00,646),(13829,'Topher FOWLER',838584.00,7.00,712),(13830,'Abrian MEJIA',955605.00,15.00,732),(13831,'Amani DAVIDSON',1156986.00,37.00,700),(13832,'Zebastian ACOSTA',2324232.00,27.00,688),(13833,'Jocey BREWER',965295.00,33.00,734),(13834,'Zahmire FRYE',849623.00,32.00,737),(13835,'Price MAY',759088.00,49.00,732),(13836,'Sevana HOLLAND',1710665.00,20.00,740),(13837,'Azaliyah JUAREZ',1525776.00,36.00,739),(13838,'Farrah NEWMAN',1155276.00,49.00,734),(13839,'Leniah DICKSON',819128.00,4.00,693),(13840,'Temilola PEARSON',2524587.00,14.00,750),(13841,'Kalicia CURTIS',377416.00,4.00,719),(13842,'Taraji SHEPPARD',1691019.00,26.00,693),(13843,'Celina CORTEZ',528276.00,22.00,713),(13844,'Sladen DOUGLAS',1191015.00,14.00,728),(13845,'Athalia SCHNEIDER',1491310.00,21.00,734),(13846,'Selah JOSEPH',711816.00,17.00,734),(13847,'Gunnar REYNA',1026361.00,12.00,743),(13848,'Maeci THOMPSON',1022428.00,24.00,750),(13849,'Diyar BARRETT',1130196.00,36.00,662),(13850,'Gunter NAVARRO',650370.00,4.00,721),(13851,'Adrianne FIGUEROA',2469202.00,19.00,667),(13852,'Jemima KELLER',1259833.00,43.00,720),(13853,'Laureana AVILA',539771.00,7.00,626),(13854,'Ileana WADE',583908.00,8.00,713),(13855,'Addylin MOLINA',1049845.00,44.00,693),(13856,'Katalia STANLEY',3380860.00,25.00,747),(13857,'Avrie HOPKINS',1028869.00,27.00,657),(13858,'Susan CAMPOS',1669131.00,38.00,746),(13859,'Xzaria BARNETT',954180.00,28.00,718),(13860,'Makya BATES',1442347.00,8.00,700),(13861,'Millicent CHAMBERS',972040.00,22.00,742),(13862,'Shakhia CALDWELL',1248718.00,16.00,706),(13863,'Vinton BECK',1816191.00,7.00,740),(13864,'Balin LAMBERT',1906270.00,5.00,728),(13865,'Audriana MIRANDA',581001.00,47.00,738),(13866,'Kianna SHEPARD',875653.00,12.00,708),(13867,'Guilianna CANTRELL',930240.00,33.00,705),(13868,'Valery BYRD',744648.00,2.00,730),(13869,'Giovonni CRAIG',1936860.00,38.00,736),(13870,'Krystian AYALA',1746594.00,28.00,675),(13871,'Torreon WHITE',1378963.00,13.00,745),(13872,'Safi LOWE',1528968.00,45.00,739),(13873,'Mylene MCMAHON',1440827.00,5.00,734),(13874,'Nehorai LANDRY',718751.00,28.00,704),(13875,'Macayla FRAZIER',1459884.00,43.00,711),(13876,'Meya POWERS',831953.00,17.00,696),(13877,'Alezander NEAL',997443.00,39.00,710),(13878,'Yardena LEONARD',1242790.00,32.00,725),(13879,'Doyle GREGORY',816905.00,39.00,635),(13880,'Josilyn CARRILLO',1541432.00,28.00,609),(13881,'Evyn SUTTON',1891450.00,7.00,7410),(13882,'Cartel FLEMING',942115.00,37.00,718),(13883,'Chukwuma RHODES',2789998.00,4.00,738),(13884,'Zeddicus SHELTON',1502368.00,33.00,689),(13885,'Akela SCHWARTZ',1540102.00,29.00,715),(13886,'Angeliz MAYO',519099.00,29.00,735),(13887,'Keyshun NORRIS',921120.00,5.00,750),(13888,'Beata JENNINGS',967195.00,45.00,730),(13889,'Tahmir WATTS',1348221.00,15.00,733),(13890,'Sheccid DURAN',646380.00,29.00,647),(13891,'Jazlyn WALTERS',966530.00,20.00,724),(13892,'Zyron COHEN',1358994.00,0.00,737),(13893,'Kenzi BRANCH',1403492.00,33.00,693),(13894,'Malea HARRIS',583851.00,1.00,740),(13895,'Jlynn MCDANIEL',1112792.00,16.00,732),(13896,'Midas DUFFY',1278320.00,38.00,694),(13897,'Yvens JONES',3157002.00,7.00,700),(13898,'Waverley MORAN',1012567.00,49.00,737),(13899,'Jaclynn PARKS',2127582.00,49.00,7300),(13900,'Alieah STEELE',896534.00,18.00,711),(13901,'Cayn VAUGHN',1011522.00,40.00,745),(13902,'Yarethzy BECKER',970710.00,14.00,710),(13903,'Alazay HOLT',609634.00,45.00,744),(13904,'Aarav HENDRIX',5587710.00,29.00,705),(13905,'Jayland DELEON',2518412.00,9.00,729),(13906,'Absidy CASE',1722654.00,20.00,724),(13907,'Jabril BARKER',734350.00,46.00,725),(13908,'Edwina SAMPSON',3111744.00,37.00,741),(13909,'Sonni TERRY',629679.00,8.00,733),(13910,'Juna HALE',1323616.00,1.00,709),(13911,'Jamani LEON',568290.00,41.00,748),(13912,'Cory HAIL',1551008.00,41.00,718),(13913,'Remigio BENSON',1641372.00,46.00,683),(13914,'Jamyson HAYNES',870903.00,8.00,690),(13915,'Tennley GARCIA',953021.00,11.00,724),(13916,'Honestii HORTON',968050.00,5.00,732),(13917,'Kullen MILES',913824.00,17.00,686),(13918,'Hynlee LYONS',1367487.00,4.00,711),(13919,'Elia PHAM',1740780.00,38.00,724),(13920,'Dale GRAVES',929784.00,8.00,721),(13921,'Jovin BUSH',2336316.00,41.00,622),(13922,'Keyanni THORNTON',1326409.00,42.00,7040),(13923,'Izzabelle WOLFE',465082.00,2.00,719),(13924,'Dominick WARNER',2682800.00,35.00,723),(13925,'Analilia CABRERA',1050757.00,17.00,727),(13926,'Evdokia MCKINNEY',1312577.00,43.00,723),(13927,'Ziggy MANN',2368597.00,16.00,737),(13928,'Akira WRIGHT',476235.00,16.00,714),(13929,'Kelsea ZIMMERMAN',1032973.00,8.00,683),(13930,'Dantae SANCHEZ',1003371.00,38.00,677),(13931,'Spiro DAWSON',806702.00,18.00,735),(13932,'Azazel LARA',2308652.00,27.00,726),(13933,'Raea FLETCHER',2175785.00,38.00,748),(13934,'Arriella PAGE',989786.00,40.00,728),(13935,'Kalem MCCARTHY',869364.00,31.00,710),(13936,'Elon LOVE',1782428.00,23.00,749),(13937,'Adith BRANDT',575814.00,43.00,679),(13938,'Jory ROBLES',1443278.00,25.00,674),(13939,'Dayjon CERVANTES',907421.00,47.00,713),(13940,'Zurri SOLIS',1063810.00,20.00,680),(13941,'Jaddiel ERICKSON',1645039.00,27.00,698),(13942,'Raeanna MOSES',2006172.00,25.00,724),(13943,'Raela REEVES',1110151.00,20.00,728),(13944,'Josslyn CHANG',2820018.00,22.00,722),(13945,'Jalynn ROLLINS',1776671.00,45.00,708),(13946,'Jenea MAGANA',1128942.00,8.00,662),(13947,'Ceira PHILLIPS',2455180.00,39.00,739),(13948,'Kiralee KLEIN',928511.00,45.00,735),(13949,'Elay SALINAS',1066223.00,34.00,725),(13950,'Raziah FUENTES',811414.00,34.00,7100),(13951,'Elion BLACKBURN',2158210.00,42.00,745),(13952,'Emmalin BALDWIN',966625.00,32.00,699),(13953,'Jame ROWLAND',1718550.00,0.00,695),(13954,'Estelle DANIEL',1126662.00,4.00,737),(13955,'Waden SIMON',404586.00,5.00,736),(13956,'Johanan VELASQUEZ',982737.00,0.00,700),(13957,'Vidya HARDY',1160862.00,7.00,736),(13958,'Shamari DUNLAP',2158134.00,27.00,745),(13959,'Arnoldo HIGGINS',2303028.00,38.00,713),(13960,'Gaige AGUIRRE',610318.00,45.00,715),(13961,'Cindi LIN',1610155.00,36.00,702),(13962,'Daegen CUMMINGS',1357037.00,15.00,727),(13963,'Cayman CLARK',1290841.00,6.00,749),(13964,'Jaid CHANDLER',790343.00,44.00,736),(13965,'Meriah SHARP',618982.00,10.00,663),(13966,'Yuritzi BARBER',2115992.00,32.00,748),(13967,'Josimar BOWEN',1600978.00,3.00,730),(13968,'Saachi OCHOA',2837745.00,46.00,699),(13969,'Raegyn DENNIS',995600.00,39.00,668),(13970,'Kearra ROBBINS',848255.00,47.00,728),(13971,'Conan RAMIREZ',806132.00,3.00,736),(13972,'Allaya LIU',971014.00,0.00,676),(13973,'Sanjeev RAMSEY',1580287.00,7.00,741),(13974,'Keionna FRANCIS',1104014.00,49.00,663),(13975,'Kanae GRIFFITH',1004549.00,7.00,712),(13976,'Jezebelle PAUL',780520.00,25.00,708),(13977,'Treshon BLAIR',2171529.00,44.00,731),(13978,'Devlynn OCONNOR',1839485.00,35.00,689),(13979,'Peighton CARDENAS',1498720.00,41.00,734),(13980,'Zacory PACHECO',1200743.00,49.00,652),(13981,'Tyair CROSS',1522432.00,9.00,720),(13982,'Daric CALDERON',1088909.00,48.00,751),(13983,'Halil MCCARTY',949620.00,15.00,732),(13984,'Ekin QUINN',1179786.00,35.00,725),(13985,'Zaiyah MOSS',1456635.00,35.00,649),(13986,'Paysli SWANSON',2133054.00,0.00,737),(13987,'Brandy CHAN',1121190.00,3.00,599),(13988,'Kathy WHITNEY',686185.00,33.00,735),(13989,'Nima RIVAS',4100941.00,27.00,714),(13990,'Nilson KHAN',2461013.00,23.00,747),(13991,'Auraya GOULD',1772377.00,34.00,726),(13992,'Marylyn RODGERS',2149318.00,0.00,730),(13993,'Jovantae AVALOS',1012700.00,28.00,7050),(13994,'Lanie DUKE',661751.00,27.00,718),(13995,'Hendrik SERRANO',1193865.00,38.00,701),(13996,'Syed FITZGERALD',1182275.00,40.00,719),(13997,'Neena ODOM',446747.00,14.00,683),(13998,'Jacorey ROSALES',2521870.00,33.00,699),(13999,'Jiyah STEVENSON',1622562.00,31.00,661),(14000,'Tinlee CHRISTENSEN',1504800.00,49.00,749),(14001,'Kamryn MANNING',1108042.00,6.00,726),(14002,'Lakya GILL',2105238.00,23.00,723),(14003,'Jackson CURRY',624093.00,16.00,727),(14004,'Collette MCLAUGHLIN',1243531.00,10.00,665),(14005,'Mackinley HARMON',1989680.00,31.00,748),(14006,'Niriah MCGEE',802180.00,35.00,714),(14007,'Duaa GROSS',1427717.00,46.00,704),(14008,'Jalayia DOYLE',1205740.00,15.00,7430),(14009,'Shuraim GARNER',1214290.00,37.00,701),(14010,'Jadzia BOOKER',659908.00,14.00,748),(14011,'Aditya NEWTON',2016356.00,32.00,750),(14012,'Raaina DAUGHERTY',1977254.00,10.00,707),(14013,'Jorge TRAVIS',182438.00,3.00,708),(14014,'Laren BURGESS',1780870.00,12.00,660),(14015,'Avelia REESE',647292.00,21.00,664),(14016,'Addalynn WALTON',1117542.00,31.00,717),(14017,'Naylah BLAKE',3039088.00,27.00,742),(14018,'Porfirio TANG',1390097.00,34.00,748),(14019,'Josselyn TRUJILLO',1914630.00,7.00,727),(14020,'Declin ADKINS',1413752.00,26.00,655),(14021,'Adilyn BRADY',1506168.00,16.00,674),(14022,'Reva DUFFY',426854.00,36.00,723),(14023,'Adeyemi PERALTA',1161280.00,0.00,735),(14024,'Kentavious ARCHER',1018742.00,40.00,655),(14025,'Nivriti MILLER',2418947.00,46.00,711),(14026,'Shakia WILLIAMS',1115034.00,23.00,673),(14027,'Dessa GOODMAN',1033087.00,31.00,749),(14028,'Arlis ROMAN',1669986.00,33.00,697),(14029,'Nghia WEBSTER',1318695.00,33.00,707),(14030,'Nosson GOODWIN',1255748.00,5.00,660),(14031,'Zyairah VAUGHAN',1360191.00,14.00,743),(14032,'Kaamil FISCHER',1122843.00,45.00,671),(14033,'Juliann HUANG',1612416.00,15.00,701),(14034,'Leona POTTER',1150317.00,24.00,715),(14035,'Ebby HERRING',1591953.00,27.00,746),(14036,'Madalyn DELACRUZ',1048135.00,22.00,750),(14037,'Ena MONTOYA',978804.00,28.00,727),(14038,'Ivyanna TODD',1842259.00,28.00,733),(14039,'Maurissa WU',1225728.00,30.00,717),(14040,'Markis HINES',480795.00,4.00,723),(14041,'Elana BROWN',1158696.00,43.00,750),(14042,'Payal MULLINS',4024143.00,42.00,725),(14043,'Daksh CASTANEDA',1555036.00,47.00,640),(14044,'Alim MALONE',1483881.00,15.00,749),(14045,'Colt CANNON',1693204.00,35.00,716),(14046,'Jader TATE',1032574.00,20.00,718),(14047,'Dushawn DAVIS',1051023.00,39.00,681),(14048,'Adasia ESTES',849794.00,4.00,6970),(14049,'Perry MACK',2828055.00,9.00,722),(14050,'Macyn RODRIGUEZ',1938380.00,37.00,707),(14051,'Taylen JONES',1078858.00,28.00,713),(14052,'Nikkolai SHERMAN',757720.00,15.00,728),(14053,'Yamilett HUBBARD',5260416.00,31.00,720),(14054,'Makinze HODGES',576840.00,15.00,700),(14055,'Solenne ZHANG',1153452.00,22.00,662),(14056,'Alisandra GUERRA',987126.00,20.00,683),(14057,'Kedrick WOLF',1166942.00,38.00,721),(14058,'Mattison EVANS',1022770.00,31.00,719),(14059,'Katia VALENCIA',2871945.00,42.00,749),(14060,'Geovanni SAUNDERS',539657.00,23.00,696),(14061,'Taye MARTINEZ',1359659.00,39.00,721),(14062,'Makenah FRANCO',688313.00,5.00,736),(14063,'Eleonora ROWE',2120495.00,41.00,706),(14064,'Leani GALLAGHER',1303134.00,27.00,648),(14065,'Tremar FARMER',815784.00,47.00,734),(14066,'Keyra MCKAY',762090.00,42.00,693),(14067,'Connelly HERRING',831231.00,28.00,716),(14068,'Mark HERNANDEZ',2080823.00,3.00,679),(14069,'Hannalee HAMMOND',1699056.00,2.00,728),(14070,'Holdan DONALDSON',1033790.00,37.00,731),(14071,'Eriana HAMPTON',992389.00,12.00,720),(14072,'Tiernan TOWNSEND',2280456.00,26.00,715),(14073,'Seven INGRAM',2463426.00,24.00,673),(14074,'Isley WISE',1348753.00,34.00,622),(14075,'Leelynn GALLEGOS',1722141.00,30.00,748),(14076,'Tzion CLARKE',1237356.00,33.00,713),(14077,'Ryon BARTON',793687.00,17.00,7210),(14078,'Panth ESPINOSA',623922.00,23.00,685),(14079,'Mckinlee SCHROEDER',762413.00,6.00,699),(14080,'Jossilyn LOPEZ',1039338.00,17.00,652),(14081,'Ember MAXWELL',925509.00,24.00,679),(14082,'Katheryn WATERS',1883223.00,29.00,748),(14083,'Ellisen LOGAN',3476430.00,44.00,719),(14084,'Rahaf CAMACHO',895945.00,35.00,7110),(14085,'Derrian STRICKLAND',2173201.00,15.00,747),(14086,'Kaizen NORMAN',968050.00,9.00,750),(14087,'Zaniyha PERSON',1227837.00,29.00,746),(14088,'Nisa GARCIA',935636.00,49.00,728),(14089,'Tahleah MILLER',1332660.00,20.00,740),(14090,'Codie COLON',2094484.00,5.00,729),(14091,'Jax PARSONS',1580116.00,38.00,684),(14092,'Sonnie FRANK',1928215.00,48.00,714),(14093,'Daemian HARRINGTON',1585664.00,2.00,747),(14094,'Audrionna DAVIS',1919817.00,26.00,712),(14095,'Marcus GLOVER',1144902.00,47.00,748),(14096,'Ammarie OSBORNE',1592067.00,8.00,716),(14097,'Naika RIVERS',696787.00,6.00,725),(14098,'Anselmo FARLEY',3740758.00,24.00,743),(14099,'Germain BUCHANAN',942400.00,12.00,747),(14100,'Diamonte RODRIGUEZ',1299676.00,34.00,745),(14101,'Kalob SCOTT',594244.00,10.00,705),(14102,'Adir CASEY',1522907.00,6.00,689),(14103,'Maysen BERNARD',1094514.00,1.00,735),(14104,'Alissah FLOYD',1933250.00,11.00,728),(14105,'Rydge PATTON',574503.00,12.00,746),(14106,'Kenna IBARRA',1020034.00,49.00,739),(14107,'Connor BALL',2853515.00,8.00,708),(14108,'Kyrillos TYLER',937080.00,0.00,704),(14109,'Leylany SUAREZ',946124.00,5.00,693),(14110,'Jozie BOWERS',1658510.00,25.00,740),(14111,'Alanzo OROZCO',1654482.00,2.00,6480),(14112,'Kendle SALAS',1368266.00,30.00,715),(14113,'Ezell COBB',1495927.00,19.00,737),(14114,'Cj GIBBS',3340884.00,38.00,746),(14115,'Momoka ANDRADE',771400.00,49.00,735),(14116,'Arvind BAUER',1028356.00,34.00,703),(14117,'Calliana MARTINEZ',991971.00,4.00,7300),(14118,'Aadrit STUART',769120.00,3.00,738),(14119,'Arael CONNER',684760.00,36.00,737),(14120,'Acheron MOODY',722361.00,32.00,725),(14121,'Deidrick ESCOBAR',1261676.00,45.00,659),(14122,'Wasif ASHLEY',1654748.00,33.00,693),(14123,'Kinya MCGUIRE',1218850.00,12.00,668),(14124,'Glorianna LLOYD',805980.00,18.00,7200),(14125,'Bralen HERNANDEZ',2603266.00,40.00,738),(14126,'Baelyn LOPEZ',727472.00,35.00,662),(14127,'Charlese SANFORD',1780452.00,22.00,725),(14128,'Chibuikem MUELLER',2019738.00,0.00,746),(14129,'Gwenivere GONZALEZ',1621061.00,12.00,721),(14130,'Quin HARTMAN',2069518.00,46.00,729),(14131,'Amiela FRENCH',1853260.00,23.00,740),(14132,'Adair WILSON',1954264.00,12.00,717),(14133,'Navae KRAMER',892943.00,11.00,7250),(14134,'Annarae MCBRIDE',1319759.00,34.00,741),(14135,'Sabino POPE',2259024.00,42.00,734),(14136,'Stuti LINDSEY',971166.00,14.00,745),(14137,'Leighton VELAZQUEZ',1196620.00,7.00,733),(14138,'Agostino NORTON',2781315.00,43.00,737),(14139,'Brecker MCCORMICK',1927265.00,20.00,629),(14140,'Franklyn SPARKS',1228711.00,9.00,709),(14141,'Zanique ANDERSON',640414.00,45.00,732),(14142,'Maebry FLYNN',776188.00,8.00,712),(14143,'Edan YATES',662815.00,18.00,699),(14144,'Orlin TORRES',909777.00,14.00,640),(14145,'Ashyra THOMAS',1212713.00,39.00,712),(14146,'Lyn HOGAN',663898.00,16.00,747),(14147,'Gianny TURNER',1937240.00,31.00,724),(14148,'Aaniyah MARSH',910936.00,48.00,691),(14149,'Yancarlos MACIAS',534318.00,3.00,731),(14150,'Tex TAYLOR',1723433.00,38.00,715),(14151,'Aricella FRIEDMAN',1670157.00,37.00,720),(14152,'Mandie VILLANUEVA',1044734.00,34.00,731),(14153,'Siriyah ZAMORA',1053360.00,27.00,722),(14154,'Aviva PRATT',761007.00,23.00,668),(14155,'Elspeth STOKES',1505256.00,17.00,726),(14156,'Dmarion OWEN',1275071.00,11.00,7250),(14157,'Chole BALLARD',1795443.00,14.00,729),(14158,'Lochlan MOORE',639540.00,47.00,711),(14159,'Niah LANG',2520882.00,23.00,721),(14160,'Remi BROCK',459192.00,42.00,729),(14161,'Adrie VILLARREAL',982965.00,44.00,697),(14162,'Nimra CHARLES',1453500.00,40.00,721),(14163,'Nandini DRAKE',1076977.00,38.00,738),(14164,'Yoyo BARRERA',1475654.00,19.00,725),(14165,'Rishan CAIN',1106731.00,40.00,741),(14166,'Zerion WALLER',744192.00,29.00,741),(14167,'Ellinor PATRICK',2803830.00,31.00,732),(14168,'Maaria GONZALEZ',793250.00,9.00,7420),(14169,'Nala PINEDA',1532616.00,8.00,704),(14170,'Ainsley BURNETT',1742319.00,8.00,729),(14171,'Rilley MERCADO',661979.00,7.00,716),(14172,'Makila SANTANA',1419870.00,19.00,739),(14173,'Ora SHEPHERD',844569.00,35.00,718),(14174,'Magdelyn POTTS',3084384.00,39.00,746),(14175,'Sahriyah BAUTISTA',1145890.00,4.00,710),(14176,'Jasser ALI',1620586.00,37.00,663),(14177,'Jairy SHAFFER',1985234.00,39.00,707),(14178,'Trey LAMB',465082.00,13.00,740),(14179,'Zhyaire TRUONG',2543188.00,32.00,723),(14180,'Demmi TREVINO',728992.00,18.00,745),(14181,'Thayden JACKSON',1189419.00,29.00,707),(14182,'Javian MCKENZIE',798133.00,48.00,702),(14183,'Elajah HESS',732260.00,7.00,744),(14184,'Kosisochukwu BEIL',875444.00,4.00,654),(14185,'Olijah OLSEN',1145358.00,34.00,742),(14186,'Jr COCHRAN',1205607.00,43.00,699),(14187,'Yelena MORTON',951520.00,29.00,719),(14188,'Chaze NASH',887433.00,2.00,739),(14189,'Alicyn WILKINS',1144560.00,24.00,656),(14190,'Lior PETERSEN',2271336.00,4.00,718),(14191,'Anusha BRIGGS',2656542.00,28.00,714),(14192,'June SHAH',1706238.00,12.00,751),(14193,'Kutler ROTH',890625.00,3.00,662),(14194,'Whitley COSTA',759753.00,26.00,687),(14195,'Mahealani NICHOLSON',871112.00,20.00,709),(14196,'Ramond HOLLOWAY',1640517.00,21.00,741),(14197,'Lili LOZANO',1120848.00,48.00,738),(14198,'Taylan RANGEL',367327.00,24.00,702),(14199,'Larayna FLOWERS',452808.00,2.00,738),(14200,'Kairo HOOVER',1218014.00,9.00,7000),(14201,'Alexius SHORT',579215.00,44.00,745),(14202,'Yuki ARIAS',1155618.00,39.00,716),(14203,'Jadavion MORA',2352922.00,0.00,722),(14204,'Emily VALENZUELA',1118682.00,17.00,7350),(14205,'Kana VAUGHAN',655367.00,14.00,680),(14206,'Aiman BRYAN',985720.00,8.00,668),(14207,'Viraaj MEYERS',965865.00,19.00,710),(14208,'Paris LEWIS',922393.00,43.00,722),(14209,'Janani MARTIN',786410.00,43.00,701),(14210,'Thia WEISS',2248574.00,4.00,738),(14211,'Ricco UNDERWOOD',733229.00,19.00,706),(14212,'Dianne BASS',982661.00,44.00,707),(14213,'Jacobe GREER',1736163.00,10.00,716),(14214,'Keelie SUMMERS',1805551.00,11.00,722),(14215,'Boone HOUSTON',1255691.00,8.00,7330),(14216,'Miel CARSON',2753746.00,27.00,718),(14217,'Kymon MORROW',727928.00,0.00,746),(14218,'Marion CLAYTON',2330616.00,7.00,720),(14219,'Emyli WHITAKER',2411347.00,29.00,747),(14220,'Pypper DECKER',1862494.00,34.00,686),(14221,'Yissachar LEE',917016.00,47.00,741),(14222,'Jahmire CORREA',1521520.00,1.00,739),(14223,'Izibella YODER',1874920.00,0.00,725),(14224,'Noelan BLEVINS',564129.00,6.00,727),(14225,'Bentlie COLLIER',2254008.00,22.00,598),(14226,'Jaliel ZUNIGA',948214.00,29.00,732),(14227,'Janylah CAREY',1700424.00,17.00,682),(14228,'Naden WILCOX',616702.00,28.00,721),(14229,'Alexzander MELENDEZ',2647498.00,28.00,749),(14230,'Aunya POOLE',2152719.00,9.00,750),(14231,'Jahleah ROBERSON',1085033.00,3.00,712),(14232,'Kameyah LARSEN',1427090.00,7.00,720),(14233,'Amna CONLEY',1602897.00,19.00,708),(14234,'Halimah DAVENPORT',446899.00,8.00,713),(14235,'Langley COPELAND',1021174.00,11.00,747),(14236,'Issack PEREZ',2781885.00,2.00,6300),(14237,'Ronak MASSEY',438463.00,39.00,730),(14238,'Skilar FAULKNER',728061.00,39.00,701),(14239,'Kameran LAM',1114996.00,24.00,718),(14240,'Davidjames HUFF',871587.00,15.00,717),(14241,'Coty ROCHA',1276078.00,13.00,737),(14242,'Kasey CAMERON',1335909.00,13.00,719),(14243,'Laramie ROBINSON',1614335.00,32.00,741),(14244,'Marialuisa JEFFERSON',1124838.00,33.00,724),(14245,'Aariona HOOD',1058509.00,17.00,657),(14246,'Bibi MAYNARD',623675.00,19.00,730),(14247,'Alias MONROE',1677681.00,13.00,655),(14248,'Jordin THOMPSON',935199.00,32.00,723),(14249,'Tailon WHITE',1285274.00,43.00,718),(14250,'Nisreen HARRIS',606176.00,30.00,664),(14251,'Rylyn ANTHONY',1236235.00,21.00,740),(14252,'Zahriah PITTMAN',2160585.00,36.00,677),(14253,'Ayasha HUYNH',298680.00,7.00,691),(14254,'Izumi RANDALL',1060257.00,27.00,735),(14255,'Ringo SANCHEZ',865868.00,14.00,730),(14256,'Yocheved SINGLETON',1378526.00,35.00,723),(14257,'Aasir KIRK',762717.00,32.00,6520),(14258,'Corrie COMBS',965675.00,16.00,741),(14259,'Manar MATHIS',975004.00,47.00,740),(14260,'Zackarie CHRISTIAN',1225253.00,5.00,655),(14261,'Dain SKINNER',1024043.00,28.00,707),(14262,'Ivann BRADFORD',626487.00,6.00,735),(14263,'Lexani RICHARD',1168576.00,5.00,749),(14264,'Zoii NIXON',847742.00,19.00,738),(14265,'Rushi GALVAN',1017868.00,39.00,743),(14266,'California WALL',1527923.00,1.00,678),(14267,'Annastazia BOONE',842175.00,1.00,704),(14268,'Keeleigh KIRBY',1170552.00,8.00,717),(14269,'Dustyn WILKINSON',1045057.00,9.00,706),(14270,'Freeman BRIDGES',564642.00,41.00,735),(14271,'Alizeh CLARK',3665727.00,33.00,699),(14272,'Daymon BRUCE',1402200.00,34.00,684),(14273,'Fatima ATKINSON',1199736.00,45.00,722),(14274,'Koralyn VELEZ',1772700.00,42.00,722),(14275,'Arye MEZA',1826413.00,46.00,710),(14276,'Kalianna ROY',1239446.00,3.00,7260),(14277,'Ezariah VINCENT',786828.00,9.00,699),(14278,'Shlome YORK',1036773.00,27.00,692),(14279,'Rowe HODGE',1085983.00,26.00,648),(14280,'Jamira VILLA',2451323.00,1.00,747),(14281,'Taiga ABBOTT',1869030.00,47.00,665),(14282,'Suhani ALLISON',1122444.00,41.00,748),(14283,'Imogene TAPIA',1089118.00,23.00,714),(14284,'Zack GATES',1114692.00,11.00,713),(14285,'Alijah CHASE',950760.00,0.00,732),(14286,'Juma SOSA',2091938.00,14.00,746),(14287,'Bret SWEENEY',929328.00,39.00,732),(14288,'Giles FARRELL',1481563.00,0.00,680),(14289,'Kavaris CLEMENTS',1459770.00,29.00,720),(14290,'Zeynep GALINDO',6713460.00,10.00,723),(14291,'Hallee FRY',1867510.00,9.00,745),(14292,'Neymar WYATT',527060.00,5.00,735),(14293,'Adana RAMIREZ',986936.00,42.00,6840),(14294,'Terrin DALTON',1152901.00,15.00,737),(14295,'Karleigh LEWIS',731006.00,34.00,749),(14296,'Rain HORN',870314.00,6.00,729),(14297,'Chancelor BARRON',1428363.00,35.00,747),(14298,'Amiley PHELPS',1146042.00,18.00,7370),(14299,'Yoel WALKER',716414.00,45.00,705),(14300,'Brooklinn YU',1837129.00,24.00,676),(14301,'Adrita DICKERSON',762812.00,30.00,708),(14302,'Aliviah HEATH',3100192.00,12.00,736),(14303,'Enaya FOLEY',829977.00,13.00,747),(14304,'Akua ATKINS',743660.00,25.00,704),(14305,'Tristynn MATHEWS',1213264.00,22.00,717),(14306,'Draylin BONILLA',760247.00,21.00,739),(14307,'Raine ACEVEDO',771476.00,49.00,717),(14308,'Vaanya DELAROSA',2150762.00,47.00,748),(14309,'Brielynn BENITEZ',1822252.00,15.00,722),(14310,'Vandon ZAVALA',439470.00,35.00,6970),(14311,'Dea WILSON',2071627.00,1.00,741),(14312,'Alton HENSLEY',899574.00,48.00,7360),(14313,'Zeyden GLENN',2123858.00,14.00,738),(14314,'Quintus CISNEROS',163894.00,32.00,715),(14315,'Janiece HARRELL',1316434.00,14.00,751),(14316,'Zuleimy SHIELDS',1939520.00,26.00,743),(14317,'Shaeli RUBIO',768968.00,27.00,716),(14318,'Zytaevius HUFFMAN',859237.00,12.00,734),(14319,'Ailis CHOI',1479245.00,38.00,739),(14320,'Pierson BOYER',1854970.00,2.00,748),(14321,'Sahalie GARRISON',1559805.00,42.00,723),(14322,'Kaidyn ARROYO',756276.00,10.00,689),(14323,'Lijah BOND',1084919.00,7.00,674),(14324,'Kristy KANE',2309355.00,41.00,689),(14325,'Saniyha BEST',1310449.00,0.00,732),(14326,'Mihai HANCOCK',719169.00,0.00,739),(14327,'Fenway CALLAHAN',468217.00,5.00,722),(14328,'Laziyah DILLON',1520608.00,43.00,717),(14329,'Fabianna CLINE',879852.00,12.00,723),(14330,'Inaaya WIGGINS',1334199.00,0.00,6690),(14331,'Shia GRIMES',842517.00,46.00,706),(14332,'Rosalind ARELLANO',752096.00,4.00,720),(14333,'Zsofia MELTON',972610.00,39.00,729),(14334,'Corrinne ONEILL',1535200.00,43.00,746),(14335,'Jarielis ROBINSON',1407824.00,19.00,684),(14336,'Callon SAVAGE',700758.00,42.00,7380),(14337,'Deekshitha HO',1940850.00,13.00,708),(14338,'Ahava BELTRAN',1315237.00,25.00,722),(14339,'Yeraldi PITTS',1043233.00,3.00,735),(14340,'Rona PARRISH',1396785.00,25.00,728),(14341,'Annabel PONCE',436031.00,3.00,745),(14342,'Taran RICH',1854989.00,30.00,708),(14343,'Eusebio BOOTH',767904.00,45.00,688),(14344,'Mehdi KOCH',1890671.00,46.00,721),(14345,'Keani GOLDEN',989273.00,15.00,738),(14346,'Dania WARE',1814519.00,15.00,724),(14347,'Yanitza BRENNAN',1784936.00,2.00,730),(14348,'Ailie MCDOWELL',913691.00,48.00,716),(14349,'Elizabelle MARKS',1686402.00,15.00,749),(14350,'Anasofia WALKER',678395.00,2.00,703),(14351,'Tayven CANTU',1683666.00,16.00,724),(14352,'Eleah HUMPHREY',1516808.00,5.00,667),(14353,'Makailah BAXTER',460921.00,19.00,732),(14354,'Khole SAWYER',2052171.00,23.00,704),(14355,'Poe CLAY',1068370.00,7.00,747),(14356,'Reeya TANNER',556149.00,49.00,742),(14357,'Hans HUTCHINSON',4766644.00,15.00,740),(14358,'Kearie KAUR',754224.00,29.00,742),(14359,'Brannen BERG',1024936.00,11.00,715),(14360,'Keidyn YOUNG',794086.00,18.00,678),(14361,'Iven WILEY',1263367.00,15.00,718),(14362,'Graisyn YOUNG',352127.00,19.00,722),(14363,'Luan GILMORE',1630827.00,25.00,721),(14364,'Railey RUSSO',1391807.00,36.00,720),(14365,'Trigger VILLEGAS',570912.00,12.00,733),(14366,'Hollis HOBBS',965200.00,30.00,7240),(14367,'Halena KEITH',522633.00,0.00,714),(14368,'Vivienna WILKERSON',1208951.00,37.00,750),(14369,'Kallen ALLEN',1137492.00,35.00,736),(14370,'Abel AHMED',922222.00,31.00,705),(14371,'Liliana BEARD',1185961.00,46.00,732),(14372,'Mikaia MCCLAIN',1478808.00,5.00,731),(14373,'Kaedin BENTON',1266426.00,17.00,745),(14374,'Haeun LUGO',2352333.00,12.00,685),(14375,'Zandria MONTES',772692.00,35.00,741),(14376,'Jackie MATA',1541052.00,20.00,636),(14377,'Yarisbeth ROSARIO',1139316.00,7.00,727),(14378,'Xaine VANG',465690.00,11.00,743),(14379,'Kawika PORTILLO',452580.00,47.00,720),(14380,'Christina DOUGHERTY',906471.00,15.00,731),(14381,'Sahar KING',1122102.00,34.00,739),(14382,'Ashunti WALTER',948575.00,17.00,709),(14383,'Aizah HENSON',2193588.00,23.00,721),(14384,'Brindle PARRA',1988312.00,32.00,732),(14385,'Max ONEAL',2209909.00,21.00,739),(14386,'Ashmi MOSLEY',1015531.00,15.00,743),(14387,'Ranvir MCCLURE',2063457.00,10.00,742),(14388,'Zunairah BEASLEY',1669188.00,20.00,723),(14389,'Corrado STEPHENSON',2222373.00,19.00,696),(14390,'Jeric SNOW',4373971.00,24.00,740),(14391,'Brinna HUERTA',1039319.00,17.00,746),(14392,'Erron PRESTON',409906.00,5.00,714),(14393,'Dhilan WRIGHT',963889.00,15.00,713),(14394,'Rayann VANCE',3824320.00,25.00,714),(14395,'Ashlie BARRY',2347051.00,48.00,741),(14396,'Shiven JOHNS',1150849.00,13.00,719),(14397,'Cheri SCOTT',1317061.00,35.00,742),(14398,'Shirin EATON',1816381.00,4.00,739),(14399,'Keaghan BLACKWELL',823954.00,34.00,6670),(14400,'Isahi TORRES',1653437.00,22.00,715),(14401,'Terrielle DYER',2065338.00,15.00,732),(14402,'Elinore PRINCE',1423024.00,43.00,728),(14403,'Jubal MACDONALD',937935.00,11.00,7330),(14404,'Braylie ANDERSON',1064855.00,28.00,749),(14405,'Caoimhe SOLOMON',761520.00,30.00,709),(14406,'Haly GUEVARA',748144.00,40.00,638),(14407,'Bren STAFFORD',2914562.00,43.00,745),(14408,'Everett ENGLISH',1239579.00,43.00,745),(14409,'Whitlee CRANE',2699083.00,17.00,727),(14410,'Kalani HALEY',1551920.00,21.00,716),(14411,'Mana HURST',2528539.00,16.00,749),(14412,'Sanavi WOODARD',768968.00,45.00,675),(14413,'Sha CORTES',1022903.00,38.00,7500),(14414,'Nicollette SHANNON',1811175.00,30.00,699),(14415,'Kynadi KEMP',1167930.00,44.00,735),(14416,'Juelle NOLAN',799444.00,41.00,670),(14417,'Viona MCCULLOUGH',1240187.00,22.00,748),(14418,'Tysen MERRITT',1616140.00,47.00,716),(14419,'Sarrinah MURILLO',1037799.00,46.00,7130),(14420,'Aarohi MOON',1889455.00,5.00,735),(14421,'Taygen PHAN',2251728.00,36.00,725),(14422,'Jacquez SALGADO',3780240.00,17.00,672),(14423,'Alaney STRONG',849927.00,3.00,741),(14424,'Nyelle COFFEY',1265381.00,6.00,676),(14425,'Kevyn KLINE',938695.00,9.00,671),(14426,'Smaya CORDOVA',474392.00,5.00,645),(14427,'Ismaila THOMAS',1409895.00,48.00,748),(14428,'Daesean TAYLOR',572052.00,13.00,704),(14429,'Dajon VILLALOBOS',1830992.00,28.00,743),(14430,'Talon BARAJAS',1488384.00,3.00,717),(14431,'Haroon ROACH',1668371.00,44.00,628),(14432,'Jionni ROSAS',713051.00,2.00,705),(14433,'Zionah WINTERS',619134.00,19.00,7030),(14434,'Paesyn JACOBSON',2050499.00,25.00,717),(14435,'Kourtnee LESTER',1185714.00,37.00,665),(14436,'Cyaire KNOX',1043024.00,24.00,688),(14437,'Afrah BULLOCK',810692.00,25.00,732),(14438,'Kymiah KERR',1061625.00,42.00,715),(14439,'Kraig LEACH',1332926.00,17.00,7040),(14440,'Kedric MEADOWS',2867100.00,1.00,730),(14441,'Oracio ORR',2290488.00,6.00,707),(14442,'Brooklyn DAVILA',719207.00,26.00,720),(14443,'Itzell NGUYEN',1029534.00,47.00,686),(14444,'Jaryn WHITEHEAD',697946.00,29.00,673),(14445,'Dereonna PRUITT',947853.00,17.00,623),(14446,'Devika KENT',1183415.00,11.00,730),(14447,'Adelena CONWAY',1353503.00,41.00,702),(14448,'Mateen MCKEE',656488.00,38.00,740),(14449,'Himmat BARR',1300208.00,43.00,744),(14450,'Jamaine BLANCHARD',1332128.00,24.00,744),(14451,'Saphia HILL',2044685.00,45.00,681),(14452,'Bridget DAVID',2276580.00,3.00,716),(14453,'Keniel DEJESUS',1051232.00,36.00,745),(14454,'Ivori MARIN',1687162.00,40.00,725),(14455,'Natasia FLORES',1764435.00,24.00,735),(14456,'Raeghan BERGER',529872.00,6.00,747),(14457,'Kaniah GREEN',1795291.00,37.00,744),(14458,'Johari HORNE',1031833.00,19.00,734),(14459,'Owen MCINTYRE',669655.00,49.00,661),(14460,'Bristyl BLANKENSHIP',778202.00,7.00,712),(14461,'Jazari GAINES',1066679.00,38.00,719),(14462,'Cheikh PALACIOS',940310.00,8.00,738),(14463,'Craven CUEVAS',1390667.00,23.00,706),(14464,'Danniela BARTLETT',1816438.00,14.00,682),(14465,'Krystian DURHAM',2035109.00,3.00,731),(14466,'Adams DORSEY',1418312.00,20.00,723),(14467,'Laira MCCALL',1878340.00,43.00,721),(14468,'Jacody ODONNELL',2735639.00,7.00,660),(14469,'Nichole STEIN',2529090.00,48.00,706),(14470,'Ashvin BROWNING',851751.00,33.00,7220),(14471,'Manases FINLEY',1519563.00,32.00,6850),(14472,'Nadya STOUT',1685547.00,30.00,743),(14473,'Kevian ADAMS',1543408.00,20.00,751),(14474,'Lillien LOWERY',2433672.00,16.00,746),(14475,'Dazaria SLOAN',2078296.00,33.00,687),(14476,'Kayse MCLEAN',1574682.00,44.00,675),(14477,'Simon HENDRICKS',1050966.00,47.00,719),(14478,'Brent QUINTANA',1722825.00,19.00,701),(14479,'Tyger CALHOUN',1162458.00,0.00,697),(14480,'Henli SEXTON',950703.00,15.00,640),(14481,'Camaron LYNN',1229870.00,29.00,684),(14482,'Kierston CHUNG',1178665.00,23.00,727),(14483,'Sirena GENTRY',2660551.00,33.00,718),(14484,'Huxton HULL',2360522.00,30.00,748),(14485,'Tracey DUARTE',575985.00,0.00,682),(14486,'Jahnyla ELLISON',1855293.00,30.00,714),(14487,'Yadira NELSON',2092090.00,2.00,740),(14488,'Jesly NIELSEN',1362585.00,34.00,745),(14489,'Danahi GILLESPIE',378119.00,42.00,739),(14490,'Klaudia BUCK',751792.00,28.00,728),(14491,'Bradley MIDDLETON',1146498.00,46.00,745),(14492,'Travonte SELLERS',1957190.00,7.00,742),(14493,'Shuayb LEBLANC',3501738.00,1.00,742),(14494,'Francia ESPARZA',1994601.00,10.00,667),(14495,'Hanz HARDIN',834480.00,3.00,698),(14496,'Garrison ESQUIVEL',1888410.00,30.00,690),(14497,'Yerlin BRADSHAW',1310848.00,6.00,725),(14498,'Sloane MCINTOSH',1219192.00,12.00,751),(14499,'Ronin HOWE',1526840.00,33.00,711),(14500,'Arash BEAN',964820.00,32.00,722),(14501,'Zyier MCKAY',4855526.00,14.00,705),(14502,'Dominque MOORE',1333990.00,33.00,736),(14503,'Savanna LIVINGSTON',1903990.00,44.00,748),(14504,'Darcey DODSON',724546.00,29.00,727),(14505,'Adoni FROST',774934.00,46.00,737),(14506,'Amilah BAKER',953325.00,6.00,610),(14507,'Isobella HALL',1127574.00,28.00,6480),(14508,'Priscella MULLEN',1198976.00,16.00,705),(14509,'Anias GLASS',1233214.00,18.00,675),(14510,'Dangel JACKSON',2678354.00,40.00,691),(14511,'Karolyna RIVERA',1221985.00,39.00,742),(14512,'Kamrey MORSE',1715415.00,31.00,693),(14513,'Arelly KNAPP',956840.00,20.00,7420),(14514,'Jia HERMAN',1066223.00,14.00,696),(14515,'Vienne STARK',2003721.00,24.00,735),(14516,'Zariyha BRAVO',1482152.00,2.00,717),(14517,'Hayes NOBLE',2070563.00,26.00,744),(14518,'Jahlil CAMPBELL',1412935.00,13.00,735),(14519,'Mahari SPEARS',1680246.00,38.00,731),(14520,'Secora WEEKS',794808.00,25.00,727),(14521,'Ritesh CORONA',721506.00,47.00,716),(14522,'Etai FREDERICK',1422150.00,28.00,723),(14523,'Dayton NGUYEN',622896.00,7.00,748),(14524,'Sabastion BUCKLEY',1419794.00,43.00,715),(14525,'Mariam MITCHELL',1317954.00,44.00,714),(14526,'Yali MCFARLAND',799786.00,4.00,747),(14527,'Zemirah HEBERT',850136.00,30.00,718),(14528,'Claudine CARTER',1455172.00,39.00,710),(14529,'Lindon XIONG',809457.00,14.00,738),(14530,'Raciel ENRIQUEZ',1012396.00,2.00,698),(14531,'Jedd HICKMAN',1815241.00,5.00,739),(14532,'Fable QUINTERO',1114008.00,20.00,735),(14533,'Markeith RANDOLPH',1341951.00,35.00,660),(14534,'Kazmir HAYDEN',2718634.00,14.00,743),(14535,'Alessa ROBERTS',654037.00,17.00,694),(14536,'Mialynn SCHAEFER',1236615.00,32.00,7320),(14537,'Azlyn WALLS',1331330.00,15.00,695),(14538,'Siani TREJO',1255938.00,16.00,741),(14539,'Monico HOUSE',1976969.00,8.00,738),(14540,'Aroosh REILLY',2246940.00,23.00,746),(14541,'Nita PENNINGTON',675507.00,37.00,716),(14542,'Eion CANO',845766.00,2.00,707),(14543,'Ysabelle MICHAEL',1939330.00,29.00,697),(14544,'Minh GOMEZ',749740.00,27.00,746),(14545,'Ziair CONRAD',2050461.00,21.00,673),(14546,'Renad GILES',637089.00,42.00,745),(14547,'Joas BENJAMIN',2425597.00,30.00,698),(14548,'Rubyann CROSBY',1684350.00,33.00,673),(14549,'Jacobo FITZPATRICK',1676484.00,1.00,683),(14550,'Yunes DONOVAN',3182519.00,20.00,611),(14551,'Reese MAYS',2220758.00,9.00,747),(14552,'Alianna MAHONEY',597968.00,26.00,716),(14553,'Anayiah VALENTINE',813010.00,5.00,741),(14554,'Sem RAYMOND',2714473.00,42.00,739),(14555,'Alexandru MEDRANO',1375467.00,35.00,713),(14556,'Devonna HAHN',965580.00,7.00,729),(14557,'Romie MCMILLAN',1928310.00,42.00,724),(14558,'Jazion SMALL',1075761.00,8.00,678),(14559,'Mehr BENTLEY',2024925.00,12.00,716),(15001,'NMDC',294331.00,78.00,1042),(15002,'SAIL',896511.00,31.00,1195),(15003,'Tata Steel',283252.00,20.00,1155),(15004,'Vedanta',778474.00,60.00,1126),(15005,'Jindal Steel',407116.00,58.00,1018),(15006,'Hind Zinc',827221.00,7.00,1047),(15007,'Adani Trans',441235.00,70.00,1074),(15008,'Hindalco',653882.00,75.00,1048),(15009,'Glenmark',829350.00,52.00,1058),(15010,'JSW Steel',556354.00,53.00,1103),(15011,'Adani Ports',738564.00,24.00,1177),(15012,'Muthoot Finance',950145.00,93.00,1088),(15013,'Graphite India',443337.00,92.00,1012),(15014,'HEG',994942.00,75.00,1198),(15015,'SBI Life Insura',831442.00,96.00,1112),(15016,'DLF',328703.00,95.00,1043),(15017,'Abbott India',492979.00,24.00,1066),(15018,'HDFC',351435.00,41.00,1147),(15019,'M&M',430799.00,97.00,1192),(15020,'Bajaj Finserv',804779.00,20.00,1088),(15021,'LIC Housing Fin',948933.00,84.00,1162),(15022,'HPCL',234159.00,53.00,1096),(15023,'Bajaj Holdings',479538.00,85.00,1163),(15024,'TML-D',473525.00,66.00,1149),(15025,'BPCL',255383.00,4.00,1002),(15026,'IOC',546722.00,79.00,1086),(15027,'Oracle Fin Serv',793541.00,99.00,1101),(15028,'Zee Entertain',535217.00,91.00,1195),(15029,'NTPC',408843.00,10.00,1170),(15030,'L&T Finance',232489.00,91.00,1117),(15031,'Bharti Airtel',617229.00,28.00,1199),(15032,'Nippon',416570.00,59.00,1083),(15033,'Power Finance',226419.00,69.00,1170),(15034,'Alkem Lab',562461.00,30.00,1001),(15035,'Coal India',564021.00,12.00,1053),(15036,'ITC',436067.00,40.00,1081),(15037,'ONGC',593032.00,28.00,1187),(15038,'UltraTechCement',324193.00,40.00,1093),(15039,'Motilal Oswal',856550.00,5.00,1113),(15040,'Oil India',936953.00,33.00,1189),(15041,'PNB Housing Fin',834093.00,72.00,1183),(15042,'Sun TV Network',357701.00,62.00,1036),(15043,'Rajesh Exports',451043.00,3.00,1111),(15044,'HUL',912327.00,48.00,1127),(15045,'Ajanta Pharma',742183.00,11.00,1062),(15046,'United Brewerie',797540.00,6.00,1157),(15047,'HDFC Bank',524800.00,40.00,1157),(15048,'Adani Enterpris',272559.00,10.00,1128),(15049,'Pidilite Ind',593295.00,47.00,1105),(15050,'Dr Lal PathLab',518539.00,96.00,1011),(15051,'Sanofi India',725216.00,88.00,1074),(15052,'Torrent Power',456032.00,83.00,1048),(15053,'Bandhan Bank',520256.00,44.00,1066),(15054,'Adani Total Gas',245978.00,62.00,1181),(15055,'SBI',323361.00,15.00,1190),(15056,'RBL Bank',459986.00,72.00,1074),(15057,'Aditya Birla F',867949.00,68.00,1004),(15058,'TCS',579233.00,36.00,1125),(15059,'Canara Bank',584629.00,43.00,1046),(15060,'Quess Corp',369037.00,89.00,1143),(15061,'Maruti Suzuki',637011.00,84.00,1064),(15062,'Gillette India',991227.00,37.00,1154),(15063,'Tata Motors',463510.00,51.00,1091),(15064,'Tata Chemicals',884702.00,18.00,1190),(15065,'Wipro',229692.00,40.00,1049),(15066,'Varun Beverages',904304.00,43.00,1190),(15067,'Shree Cements',349088.00,43.00,1034),(15068,'Balkrishna Ind',410070.00,20.00,1067),(15069,'ACC',643623.00,66.00,1165),(15070,'Aurobindo Pharm',76043017.00,94.00,1053),(15071,'Colgate',29754893.00,88.00,1109),(15072,'NHPC',90040772.00,33.00,1033),(15073,'Biocon',27756607.00,47.00,1072),(15074,'P and G',82643243.00,33.00,1111),(15075,'REC',42586500.00,93.00,1057),(15076,'Avenue Supermar',93091814.00,41.00,1094),(15077,'Page Industries',75810059.00,97.00,1103),(15078,'Titan Company',46461803.00,53.00,1059),(15079,'Ashok Leyland',92831229.00,17.00,1184),(15080,'Adani Green Ene',91282219.00,52.00,1188),(15081,'IOB',37181590.00,79.00,1010),(15082,'Tech Mahindra',50681030.00,23.00,1151),(15083,'Britannia',84081621.00,7.00,1159),(15084,'Supreme Ind',96619586.00,39.00,1092),(15085,'Godrej Ind',68888252.00,61.00,1099),(15086,'Exide Ind',82710092.00,46.00,1187),(15087,'Torrent Pharma',77154654.00,45.00,1141),(15088,'GlaxoSmithKline',65561948.00,37.00,1046),(15089,'HDFC Life',77383514.00,11.00,1070),(15090,'Castrol',26876144.00,60.00,1004),(15091,'Larsen',86133919.00,37.00,1103),(15092,'Cadila Health',77948446.00,16.00,1073),(15093,'Hindustan Aeron',50845455.00,42.00,1150),(15094,'Grasim',71995350.00,85.00,1052),(15095,'Nestle',95144431.00,94.00,1065),(15096,'Adani Power',15472211.00,91.00,1152),(15097,'Dr Reddys Labs',3491727.00,14.00,1105),(15098,'Axis Bank',37297658.00,1.00,1114),(15099,'Pfizer',70986196.00,51.00,1040),(15100,'Asian Paints',83667015.00,62.00,1032);
/*!40000 ALTER TABLE `customer` ENABLE KEYS */;
UNLOCK TABLES;

--
-- Table structure for table `department`
--

DROP TABLE IF EXISTS `department`;
/*!40101 SET @saved_cs_client     = @@character_set_client */;
/*!50503 SET character_set_client = utf8mb4 */;
CREATE TABLE `department` (
  `Dept_ID` int NOT NULL,
  `mng_id` int DEFAULT NULL,
  `D_Name` varchar(50) DEFAULT NULL,
  PRIMARY KEY (`Dept_ID`),
  KEY `mng_id` (`mng_id`),
  CONSTRAINT `department_ibfk_1` FOREIGN KEY (`mng_id`) REFERENCES `employee` (`emp_id`) ON DELETE SET NULL ON UPDATE CASCADE
) ENGINE=InnoDB DEFAULT CHARSET=utf8mb4 COLLATE=utf8mb4_0900_ai_ci;
/*!40101 SET character_set_client = @saved_cs_client */;

--
-- Dumping data for table `department`
--

LOCK TABLES `department` WRITE;
/*!40000 ALTER TABLE `department` DISABLE KEYS */;
INSERT INTO `department` VALUES (1,NULL,'Admin Offices'),(2,NULL,'Executive Office'),(3,NULL,'Business Analyst'),(4,NULL,'Software Engineering'),(5,NULL,'HR'),(6,NULL,'Sales');
/*!40000 ALTER TABLE `department` ENABLE KEYS */;
UNLOCK TABLES;

--
-- Table structure for table `department_location`
--

DROP TABLE IF EXISTS `department_location`;
/*!40101 SET @saved_cs_client     = @@character_set_client */;
/*!50503 SET character_set_client = utf8mb4 */;
CREATE TABLE `department_location` (
  `Dept_ID` int NOT NULL,
  `Location` varchar(20) NOT NULL,
  PRIMARY KEY (`Dept_ID`,`Location`),
  CONSTRAINT `department_location_ibfk_1` FOREIGN KEY (`Dept_ID`) REFERENCES `department` (`Dept_ID`) ON UPDATE CASCADE
) ENGINE=InnoDB DEFAULT CHARSET=utf8mb4 COLLATE=utf8mb4_0900_ai_ci;
/*!40101 SET character_set_client = @saved_cs_client */;

--
-- Dumping data for table `department_location`
--

LOCK TABLES `department_location` WRITE;
/*!40000 ALTER TABLE `department_location` DISABLE KEYS */;
INSERT INTO `department_location` VALUES (1,'New York'),(2,'New York'),(2,'San Diego'),(3,'New York'),(4,'New York'),(4,'San Diego'),(5,'New York'),(5,'San Diego'),(6,'Atlanta'),(6,'Austin'),(6,'Boston'),(6,'Chicago'),(6,'Los Angeles'),(6,'Massachusetts'),(6,'Miami'),(6,'New Jersey'),(6,'New Orleans'),(6,'Oregon'),(6,'San Antonio'),(6,'San Diego'),(6,'San Francisco'),(6,'Seattle');
/*!40000 ALTER TABLE `department_location` ENABLE KEYS */;
UNLOCK TABLES;

--
-- Table structure for table `employee`
--

DROP TABLE IF EXISTS `employee`;
/*!40101 SET @saved_cs_client     = @@character_set_client */;
/*!50503 SET character_set_client = utf8mb4 */;
CREATE TABLE `employee` (
  `emp_id` int NOT NULL,
  `Name` varchar(60) DEFAULT NULL,
  `Birthdate` date DEFAULT NULL,
  `Age` int DEFAULT NULL,
  `Gender` char(1) DEFAULT NULL,
  `Dept_ID` int DEFAULT NULL,
  `mng_id` int DEFAULT NULL,
  `Salary` decimal(8,2) DEFAULT NULL,
  `PerfScore` int DEFAULT NULL,
  `EmpSatisfaction` int DEFAULT NULL,
  `EngagementSurvey` float DEFAULT NULL,
  PRIMARY KEY (`emp_id`),
  KEY `mng_id` (`mng_id`),
  CONSTRAINT `employee_ibfk_1` FOREIGN KEY (`mng_id`) REFERENCES `employee` (`emp_id`) ON DELETE SET NULL ON UPDATE CASCADE
) ENGINE=InnoDB DEFAULT CHARSET=utf8mb4 COLLATE=utf8mb4_0900_ai_ci;
/*!40101 SET character_set_client = @saved_cs_client */;

--
-- Dumping data for table `employee`
--

LOCK TABLES `employee` WRITE;
/*!40000 ALTER TABLE `employee` DISABLE KEYS */;
INSERT INTO `employee` VALUES (10005,'Patronick Lucas','1979-02-20',42,'M',4,10010,109354.00,1,8,5),(10008,'Lindsay Leonara','1988-10-05',33,'F',3,10090,117552.00,2,4,4.8),(10010,'Zamora Jennifer','1979-08-30',42,'F',4,10089,398202.00,1,2,4.46),(10013,'Torrence Jack','1968-01-15',53,'M',6,10272,106889.00,1,8,4.3),(10014,'Veera Abdellah','1987-01-31',34,'M',5,10131,118424.00,3,1,3.13),(10016,'Petrowsky Thelma','1984-09-16',37,'F',3,10090,107434.00,4,7,4.6),(10022,'Volk Colleen','1986-06-03',35,'F',4,10010,117009.00,5,6,4.2),(10024,'Szabo Andrew','1983-05-06',38,'M',4,10010,100092.00,1,2,5),(10027,'Smith Joe','1963-10-30',58,'M',5,10131,112013.00,1,3,3.79),(10030,'Squatrito Kristen','1973-03-26',48,'F',6,10272,101209.00,5,1,4.12),(10033,'Winthrop Jordan','1958-11-07',63,'M',5,10131,101579.00,5,0,4.2),(10038,'LaRotonda William','1984-04-26',37,'M',1,10134,116861.00,3,7,3.02),(10039,'Singh Nan','1988-05-19',33,'F',1,10134,114517.00,1,9,4.84),(10040,'Carter Michelle','1963-05-15',58,'F',6,10272,117525.00,5,6,4.3),(10042,'Nguyen Dheepa','1989-03-31',32,'F',6,10272,107569.00,1,8,4.76),(10043,'Zhou Julia','1979-02-24',42,'F',3,10090,114677.00,2,4,4.2),(10044,'Tredinnick Neville','1988-05-05',33,'M',3,10090,113647.00,3,7,3.5),(10045,'Turpin Jumil','1969-03-31',52,'M',3,10090,117181.00,5,0,3.14),(10048,'Wilber Barry','1965-09-09',56,'M',5,10131,103447.00,4,9,4.3),(10065,'Rossetti Bruno','1987-03-18',34,'M',5,10131,119395.00,3,0,4.4),(10071,'Sewkumar Nori','1975-03-10',46,'F',4,10010,104900.00,2,4,3.9),(10072,'Whittier Scott','1987-05-24',34,'M',6,10272,105579.00,1,4,3.97),(10078,'Oliver Brooke','1952-02-11',69,'F',5,10131,116844.00,5,3,4.6),(10079,'Navathe Kurt','1970-04-25',51,'M',3,10090,116666.00,2,7,2),(10085,'Carabbio Judith','1987-04-05',34,'F',4,10010,119537.00,2,1,3.84),(10086,'Roper Katie','1972-11-21',49,'F',3,10090,109665.00,4,7,3.7),(10089,'King Janet','1954-09-21',67,'F',2,NULL,600000.00,2,6,4.2),(10090,'Spirea Kelley','1975-09-30',46,'F',3,10089,351837.00,5,2,5),(10091,'Shields Seffi','1985-08-24',36,'F',5,10131,113670.00,5,8,3.3),(10095,'Sloan Constance','1987-11-25',34,'F',5,10131,101151.00,4,1,4.5),(10099,'Daneault Lynn','1990-04-19',31,'F',6,10272,107463.00,2,10,5),(10102,'True Edward','1983-06-14',38,'M',4,10010,119037.00,3,1,4.5),(10103,'Leruth Giovanni','1988-12-27',33,'M',6,10272,105606.00,4,5,4.52),(10109,'Guilianno Mike','1969-02-09',52,'M',6,10272,104728.00,1,7,4.11),(10110,'Martin Sandra','1987-11-07',34,'F',4,10010,101754.00,3,6,4.43),(10117,'Sullivan Timothy','1982-10-07',39,'M',5,10131,106841.00,2,2,4.2),(10118,'Voldemort Lord','1986-08-07',35,'M',3,10090,101193.00,2,8,4.5),(10119,'Soto Julia','1973-03-12',48,'F',3,10090,103494.00,4,7,3.5),(10121,'Onque Jasmine','1990-05-11',31,'F',6,10272,108765.00,4,2,3.66),(10123,'Tippett Jeanette','1967-06-05',54,'F',5,10131,104982.00,1,0,4.7),(10124,'Potts Xana','1988-08-29',33,'F',6,10272,113172.00,3,5,2),(10126,'Saada Adell','1986-07-24',35,'F',4,10010,117892.00,5,6,5),(10127,'Warfield Sarah','1978-05-02',43,'F',3,10090,104215.00,4,9,4.51),(10131,'Quinn Sean','1984-11-06',37,'M',5,10089,498527.00,4,3,5),(10134,'LeBlanc Brandon R','1984-06-10',37,'M',1,10089,371717.00,3,8,3.04),(10135,'Woodson Jason','1985-05-11',36,'M',5,10131,105839.00,3,1,1.56),(10141,'Theamstern Sophia','1965-05-09',56,'F',5,10131,119695.00,3,6,3.8),(10142,'Gill Whitney','1971-07-10',50,'F',6,10272,102537.00,2,4,3.4),(10146,'Tejeda Lenora','1953-05-24',68,'F',5,10131,105489.00,1,1,4.62),(10147,'Steans Tyrone','1986-09-01',35,'M',1,10134,100033.00,3,1,5),(10149,'Roehrich Bianca','1973-05-27',48,'F',3,10090,101811.00,1,0,5),(10150,'Cady Max','1966-11-22',55,'M',4,10010,106013.00,2,0,2),(10151,'Morway Tanya','1979-04-04',42,'F',3,10090,109344.00,4,9,3.35),(10153,'Smith Leigh Ann','1987-06-14',34,'F',1,10134,106366.00,1,2,5),(10155,'Del Bosque Keyla','1979-07-05',42,'F',4,10010,103796.00,4,6,5),(10157,'Smith Sade','1965-02-02',56,'F',4,10010,107362.00,2,7,3),(10161,'Terry Sharlene','1965-05-07',56,'F',6,10272,119129.00,2,8,5),(10162,'Roby Lori','1981-10-11',40,'F',3,10090,117302.00,1,10,5),(10165,'Kreuger Freddy','1969-02-24',52,'M',6,10272,107473.00,4,0,4.77),(10167,'Hitchcock Alfred','1988-09-14',33,'M',6,10272,102042.00,3,6,4.3),(10169,'Sander Kamrin','1988-07-10',33,'F',5,10131,118749.00,5,10,5),(10172,'Wang Charlie','1981-07-08',40,'M',3,10090,105168.00,4,10,3.04),(10173,'Tannen Biff','1987-10-24',34,'M',3,10090,111482.00,3,4,4.73),(10174,'Wolk Hang T','1985-04-20',36,'F',6,10272,111717.00,5,9,4.62),(10178,'Simard Kramer','1970-02-08',51,'M',3,10090,103945.00,4,8,5),(10179,'Shepard Anita','1981-04-14',40,'F',3,10090,112520.00,5,0,4.5),(10180,'Soze Keyser','1983-02-09',38,'M',3,10090,112998.00,1,6,3.19),(10182,'Howard Estelle','1985-09-16',36,'F',1,10134,110691.00,1,8,4.96),(10183,'Von Massenbach Anna','1985-04-06',36,'F',5,10131,107964.00,1,0,3.73),(10188,'Bunbury Jessica','1964-06-01',57,'F',6,10272,106295.00,5,9,3.01),(10190,'Walker Roger','1976-02-10',45,'M',4,10010,115893.00,5,10,5),(10194,'Andreola Colby','1979-05-24',42,'F',4,10010,112454.00,1,2,3.25),(10198,'RoupSimon','1973-04-05',48,'M',3,10090,112088.00,2,0,4.2),(10202,'McKinzie Jac','1984-07-01',37,'M',6,10272,104700.00,3,5,5),(10204,'Wilkes Annie','1983-07-30',38,'F',4,10010,102501.00,4,8,2.3),(10209,'Sutwell Barbara','1968-08-15',53,'F',5,10131,104293.00,2,1,1.93),(10215,'Ndzi Colombui','1989-05-02',32,'M',4,10010,110371.00,1,3,4.5),(10220,'Clayton Rick','1985-09-05',36,'M',3,10090,113420.00,1,3,5),(10221,'Tavares Desiree','1975-04-03',46,'F',6,10272,117697.00,3,4,4.24),(10222,'Ruiz Ricardo','1964-01-04',57,'M',3,10090,102230.00,3,10,5),(10229,'Salter Jason','1987-12-17',34,'M',3,10090,105829.00,3,2,4.4),(10231,'Khemmich Bartholemew','1979-11-27',42,'M',6,10272,117835.00,2,8,1.2),(10232,'Le Binh','1987-06-14',34,'F',3,10090,103446.00,2,3,4.4),(10233,'Sahoo Adil','1986-04-26',35,'M',4,10010,106764.00,4,4,5),(10238,'Brown Mia','1987-11-24',34,'F',1,10134,110291.00,5,8,4.6),(10239,'Rachael Maggie','1980-05-12',41,'F',3,10090,106531.00,3,3,4.13),(10244,'Kampew Donysha','1989-11-11',32,'F',6,10272,101460.00,3,5,3.96),(10259,'Pearson Randall','1984-09-05',37,'M',3,10090,108602.00,3,4,4.28),(10260,'Sadki Nore','1974-12-21',47,'M',5,10131,114183.00,5,1,4.7),(10264,'Williams Jacquelyn','1969-10-02',52,'F',4,10010,100048.00,4,7,2.1),(10266,'Stoica Rick','1985-03-14',36,'M',4,10010,105356.00,3,0,4.7),(10268,'Thibaud Kenneth','1975-09-16',46,'M',6,10272,110462.00,5,6,3.97),(10270,'Trzeciak Cybil','1985-03-15',36,'F',5,10131,104051.00,4,3,3),(10271,'Zima Colleen','1978-08-17',43,'F',6,10272,100762.00,4,5,3.1),(10272,'Houlihan Debra','1966-03-17',55,'F',6,10089,457901.00,3,0,4.2),(10273,'Galia Lisa','1968-07-06',53,'F',3,10090,100589.00,1,8,3.39),(10278,'StanfordBarbara M','1982-08-25',39,'F',5,10131,104836.00,2,9,4),(10286,'Smith Martin','1988-03-17',33,'M',5,10131,109003.00,2,9,4.3),(10287,'Trang Mei','1983-05-16',38,'F',6,10272,100716.00,3,5,5),(10288,'Monroe Peter','1986-10-05',35,'M',3,10090,118068.00,4,0,5),(10290,'Exantus Susan','1987-05-15',34,'F',4,10010,105182.00,2,0,4.96),(10291,'Smith John','1984-08-16',37,'M',6,10272,112052.00,3,5,4.3),(10293,'Wallace Theresa','1980-08-02',41,'F',5,10131,108149.00,2,1,1.12),(10295,'Saar-Beckles Melinda','1968-06-06',53,'F',4,10010,116638.00,2,6,2.9),(10301,'Ybarra Catherine','1982-05-04',39,'F',5,10131,119188.00,1,1,4.2),(10302,'Sparks Taylor','1968-07-20',53,'F',5,10131,107957.00,4,3,3.58),(10304,'Dietrich Jenna','1987-05-14',34,'F',6,10272,101918.00,5,7,3.88),(10306,'Delarge Alex','1975-11-02',46,'M',6,10272,108694.00,4,8,2.3),(10307,'Stansfield Norman','1974-05-09',47,'M',6,10272,106906.00,1,1,5),(10311,'Dee Randy','1988-04-15',33,'M',5,10131,102912.00,3,2,4.1);
/*!40000 ALTER TABLE `employee` ENABLE KEYS */;
UNLOCK TABLES;

--
-- Table structure for table `individual_c`
--

DROP TABLE IF EXISTS `individual_c`;
/*!40101 SET @saved_cs_client     = @@character_set_client */;
/*!50503 SET character_set_client = utf8mb4 */;
CREATE TABLE `individual_c` (
  `Cust_ID` int NOT NULL,
  `year_in_current_job` varchar(20) DEFAULT NULL,
  `home_ownership` enum('HOME MORTGAGE','RENT','OWN HOME') DEFAULT NULL,
  PRIMARY KEY (`Cust_ID`),
  CONSTRAINT `individual_c_ibfk_1` FOREIGN KEY (`Cust_ID`) REFERENCES `customer` (`C_ID`) ON UPDATE CASCADE
) ENGINE=InnoDB DEFAULT CHARSET=utf8mb4 COLLATE=utf8mb4_0900_ai_ci;
/*!40101 SET character_set_client = @saved_cs_client */;

--
-- Dumping data for table `individual_c`
--

LOCK TABLES `individual_c` WRITE;
/*!40000 ALTER TABLE `individual_c` DISABLE KEYS */;
INSERT INTO `individual_c` VALUES (13500,'10+ years','RENT'),(13501,'10+ years','HOME MORTGAGE'),(13502,'8 years','RENT'),(13503,'10+ years','RENT'),(13504,'5 years','OWN HOME'),(13505,'10+ years','RENT'),(13506,'< 1 year','RENT'),(13507,'< 1 year','OWN HOME'),(13508,'10+ years','HOME MORTGAGE'),(13509,'3 years','RENT'),(13510,'10+ years','RENT'),(13511,'10+ years','HOME MORTGAGE'),(13512,'5 years','HOME MORTGAGE'),(13513,'5 years','RENT'),(13514,'10+ years','HOME MORTGAGE'),(13515,'n/a','OWN HOME'),(13516,'5 years','HOME MORTGAGE'),(13517,'10+ years','HOME MORTGAGE'),(13518,'10+ years','HOME MORTGAGE'),(13519,'10+ years','HOME MORTGAGE'),(13520,'3 years','HOME MORTGAGE'),(13521,'7 years','HOME MORTGAGE'),(13522,'7 years','RENT'),(13523,'8 years','HOME MORTGAGE'),(13524,'9 years','RENT'),(13525,'< 1 year','HOME MORTGAGE'),(13526,'2 years','RENT'),(13527,'2 years','RENT'),(13528,'1 year','RENT'),(13529,'9 years','HOME MORTGAGE'),(13530,'< 1 year','RENT'),(13531,'10+ years','HOME MORTGAGE'),(13532,'7 years','RENT'),(13533,'10+ years','HOME MORTGAGE'),(13534,'3 years','OWN HOME'),(13535,'8 years','RENT'),(13536,'10+ years','HOME MORTGAGE'),(13537,'5 years','HOME MORTGAGE'),(13538,'2 years','HOME MORTGAGE'),(13539,'10+ years','HOME MORTGAGE'),(13540,'4 years','HOME MORTGAGE'),(13541,'10+ years','RENT'),(13542,'3 years','HOME MORTGAGE'),(13543,'2 years','RENT'),(13544,'10+ years','HOME MORTGAGE'),(13545,'5 years','HOME MORTGAGE'),(13546,'7 years','RENT'),(13547,'10+ years','HOME MORTGAGE'),(13548,'10+ years','HOME MORTGAGE'),(13549,'8 years','HOME MORTGAGE'),(13550,'10+ years','HOME MORTGAGE'),(13551,'< 1 year','HOME MORTGAGE'),(13552,'10+ years','HOME MORTGAGE'),(13553,'9 years','RENT'),(13554,'10+ years','OWN HOME'),(13555,'1 year','HOME MORTGAGE'),(13556,'7 years','RENT'),(13557,'1 year','RENT'),(13558,'1 year','RENT'),(13559,'3 years','HOME MORTGAGE'),(13560,'8 years','HOME MORTGAGE'),(13561,'10+ years','HOME MORTGAGE'),(13562,'10+ years','RENT'),(13563,'2 years','RENT'),(13564,'10+ years','HOME MORTGAGE'),(13565,'4 years','RENT'),(13566,'10+ years','RENT'),(13567,'10+ years','HOME MORTGAGE'),(13568,'1 year','OWN HOME'),(13569,'10+ years','HOME MORTGAGE'),(13570,'7 years','HOME MORTGAGE'),(13571,'10+ years','RENT'),(13572,'5 years','HOME MORTGAGE'),(13573,'2 years','RENT'),(13574,'10+ years','HOME MORTGAGE'),(13575,'5 years','HOME MORTGAGE'),(13576,'10+ years','HOME MORTGAGE'),(13577,'2 years','HOME MORTGAGE'),(13578,'10+ years','HOME MORTGAGE'),(13579,'10+ years','RENT'),(13580,'2 years','HOME MORTGAGE'),(13581,'10+ years','RENT'),(13582,'6 years','RENT'),(13583,'10+ years','OWN HOME'),(13584,'< 1 year','RENT'),(13585,'10+ years','HOME MORTGAGE'),(13586,'5 years','HOME MORTGAGE'),(13587,'< 1 year','HOME MORTGAGE'),(13588,'2 years','OWN HOME'),(13589,'5 years','HOME MORTGAGE'),(13590,'8 years','RENT'),(13591,'10+ years','RENT'),(13592,'10+ years','HOME MORTGAGE'),(13593,'2 years','HOME MORTGAGE'),(13594,'2 years','RENT'),(13595,'8 years','HOME MORTGAGE'),(13596,'10+ years','RENT'),(13597,'3 years','HOME MORTGAGE'),(13598,'10+ years','HOME MORTGAGE'),(13599,'4 years','HOME MORTGAGE'),(13600,'9 years','RENT'),(13601,'1 year','HOME MORTGAGE'),(13602,'10+ years','OWN HOME'),(13603,'10+ years','HOME MORTGAGE'),(13604,'5 years','HOME MORTGAGE'),(13605,'1 year','HOME MORTGAGE'),(13606,'7 years','HOME MORTGAGE'),(13607,'3 years','RENT'),(13608,'10+ years','HOME MORTGAGE'),(13609,'1 year','RENT'),(13610,'10+ years','HOME MORTGAGE'),(13611,'1 year','RENT'),(13612,'< 1 year','RENT'),(13613,'4 years','RENT'),(13614,'5 years','RENT'),(13615,'1 year','RENT'),(13616,'3 years','RENT'),(13617,'5 years','RENT'),(13618,'n/a','HOME MORTGAGE'),(13619,'7 years','HOME MORTGAGE'),(13620,'10+ years','HOME MORTGAGE'),(13621,'10+ years','HOME MORTGAGE'),(13622,'10+ years','RENT'),(13623,'10+ years','HOME MORTGAGE'),(13624,'10+ years','HOME MORTGAGE'),(13625,'8 years','RENT'),(13626,'1 year','OWN HOME'),(13627,'2 years','RENT'),(13628,'2 years','HOME MORTGAGE'),(13629,'10+ years','HOME MORTGAGE'),(13630,'10+ years','HOME MORTGAGE'),(13631,'5 years','RENT'),(13632,'10+ years','OWN HOME'),(13633,'10+ years','HOME MORTGAGE'),(13634,'4 years','HOME MORTGAGE'),(13635,'< 1 year','RENT'),(13636,'6 years','RENT'),(13637,'8 years','RENT'),(13638,'9 years','HOME MORTGAGE'),(13639,'8 years','HOME MORTGAGE'),(13640,'8 years','RENT'),(13641,'10+ years','RENT'),(13642,'7 years','HOME MORTGAGE'),(13643,'10+ years','HOME MORTGAGE'),(13644,'10+ years','HOME MORTGAGE'),(13645,'< 1 year','HOME MORTGAGE'),(13646,'< 1 year','RENT'),(13647,'n/a','HOME MORTGAGE'),(13648,'< 1 year','HOME MORTGAGE'),(13649,'10+ years','HOME MORTGAGE'),(13650,'10+ years','OWN HOME'),(13651,'2 years','HOME MORTGAGE'),(13652,'6 years','RENT'),(13653,'n/a','HOME MORTGAGE'),(13654,'8 years','HOME MORTGAGE'),(13655,'4 years','HOME MORTGAGE'),(13656,'7 years','RENT'),(13657,'n/a','HOME MORTGAGE'),(13658,'5 years','HOME MORTGAGE'),(13659,'4 years','HOME MORTGAGE'),(13660,'4 years','HOME MORTGAGE'),(13661,'n/a','HOME MORTGAGE'),(13662,'10+ years','HOME MORTGAGE'),(13663,'2 years','RENT'),(13664,'10+ years','HOME MORTGAGE'),(13665,'10+ years','HOME MORTGAGE'),(13666,'10+ years','RENT'),(13667,'1 year','HOME MORTGAGE'),(13668,'2 years','HOME MORTGAGE'),(13669,'2 years','HOME MORTGAGE'),(13670,'2 years','RENT'),(13671,'3 years','HOME MORTGAGE'),(13672,'10+ years','RENT'),(13673,'2 years','RENT'),(13674,'< 1 year','RENT'),(13675,'10+ years','HOME MORTGAGE'),(13676,'3 years','RENT'),(13677,'2 years','RENT'),(13678,'3 years','OWN HOME'),(13679,'3 years','RENT'),(13680,'2 years','RENT'),(13681,'5 years','HOME MORTGAGE'),(13682,'10+ years','HOME MORTGAGE'),(13683,'10+ years','HOME MORTGAGE'),(13684,'3 years','HOME MORTGAGE'),(13685,'10+ years','HOME MORTGAGE'),(13686,'10+ years','HOME MORTGAGE'),(13687,'10+ years','HOME MORTGAGE'),(13688,'8 years','HOME MORTGAGE'),(13689,'2 years','HOME MORTGAGE'),(13690,'n/a','HOME MORTGAGE'),(13691,'2 years','RENT'),(13692,'9 years','HOME MORTGAGE'),(13693,'10+ years','OWN HOME'),(13694,'9 years','OWN HOME'),(13695,'3 years','RENT'),(13696,'n/a','HOME MORTGAGE'),(13697,'10+ years','RENT'),(13698,'6 years','RENT'),(13699,'< 1 year','RENT'),(13700,'10+ years','HOME MORTGAGE'),(13701,'2 years','OWN HOME'),(13702,'2 years','HOME MORTGAGE'),(13703,'3 years','RENT'),(13704,'8 years','RENT'),(13705,'< 1 year','RENT'),(13706,'10+ years','OWN HOME'),(13707,'10+ years','HOME MORTGAGE'),(13708,'7 years','RENT'),(13709,'7 years','HOME MORTGAGE'),(13710,'10+ years','RENT'),(13711,'1 year','HOME MORTGAGE'),(13712,'< 1 year','HOME MORTGAGE'),(13713,'2 years','RENT'),(13714,'1 year','HOME MORTGAGE'),(13715,'10+ years','HOME MORTGAGE'),(13716,'1 year','RENT'),(13717,'4 years','RENT'),(13718,'< 1 year','HOME MORTGAGE'),(13719,'1 year','HOME MORTGAGE'),(13720,'10+ years','HOME MORTGAGE'),(13721,'10+ years','RENT'),(13722,'5 years','RENT'),(13723,'4 years','RENT'),(13724,'< 1 year','RENT'),(13725,'3 years','RENT'),(13726,'< 1 year','RENT'),(13727,'7 years','HOME MORTGAGE'),(13728,'10+ years','RENT'),(13729,'< 1 year','HOME MORTGAGE'),(13730,'9 years','HOME MORTGAGE'),(13731,'8 years','RENT'),(13732,'10+ years','HOME MORTGAGE'),(13733,'1 year','RENT'),(13734,'10+ years','HOME MORTGAGE'),(13735,'4 years','HOME MORTGAGE'),(13736,'1 year','RENT'),(13737,'3 years','HOME MORTGAGE'),(13738,'3 years','OWN HOME'),(13739,'10+ years','RENT'),(13740,'n/a','OWN HOME'),(13741,'5 years','HOME MORTGAGE'),(13742,'10+ years','HOME MORTGAGE'),(13743,'4 years','RENT'),(13744,'7 years','HOME MORTGAGE'),(13745,'10+ years','HOME MORTGAGE'),(13746,'10+ years','HOME MORTGAGE'),(13747,'< 1 year','RENT'),(13748,'10+ years','HOME MORTGAGE'),(13749,'10+ years','HOME MORTGAGE'),(13750,'3 years','RENT'),(13751,'n/a','OWN HOME'),(13752,'9 years','OWN HOME'),(13753,'2 years','RENT'),(13754,'10+ years','RENT'),(13755,'7 years','HOME MORTGAGE'),(13756,'10+ years','HOME MORTGAGE'),(13757,'1 year','RENT'),(13758,'10+ years','HOME MORTGAGE'),(13759,'10+ years','HOME MORTGAGE'),(13760,'10+ years','RENT'),(13761,'5 years','RENT'),(13762,'10+ years','RENT'),(13763,'3 years','HOME MORTGAGE'),(13764,'10+ years','OWN HOME'),(13765,'10+ years','RENT'),(13766,'5 years','RENT'),(13767,'10+ years','OWN HOME'),(13768,'9 years','HOME MORTGAGE'),(13769,'4 years','RENT'),(13770,'10+ years','RENT'),(13771,'10+ years','HOME MORTGAGE'),(13772,'8 years','HOME MORTGAGE'),(13773,'3 years','RENT'),(13774,'10+ years','HOME MORTGAGE'),(13775,'2 years','RENT'),(13776,'8 years','RENT'),(13777,'1 year','RENT'),(13778,'10+ years','HOME MORTGAGE'),(13779,'5 years','RENT'),(13780,'< 1 year','RENT'),(13781,'3 years','HOME MORTGAGE'),(13782,'10+ years','HOME MORTGAGE'),(13783,'10+ years','HOME MORTGAGE'),(13784,'10+ years','HOME MORTGAGE'),(13785,'6 years','RENT'),(13786,'2 years','HOME MORTGAGE'),(13787,'7 years','RENT'),(13788,'10+ years','HOME MORTGAGE'),(13789,'3 years','RENT'),(13790,'n/a','HOME MORTGAGE'),(13791,'10+ years','OWN HOME'),(13792,'8 years','HOME MORTGAGE'),(13793,'10+ years','OWN HOME'),(13794,'5 years','RENT'),(13795,'10+ years','HOME MORTGAGE'),(13796,'6 years','HOME MORTGAGE'),(13797,'3 years','RENT'),(13798,'< 1 year','HOME MORTGAGE'),(13799,'n/a','RENT'),(13800,'1 year','RENT'),(13801,'4 years','RENT'),(13802,'< 1 year','HOME MORTGAGE'),(13803,'4 years','HOME MORTGAGE'),(13804,'4 years','HOME MORTGAGE'),(13805,'3 years','HOME MORTGAGE'),(13806,'2 years','RENT'),(13807,'n/a','HOME MORTGAGE'),(13808,'9 years','RENT'),(13809,'1 year','RENT'),(13810,'10+ years','RENT'),(13811,'10+ years','HOME MORTGAGE'),(13812,'3 years','HOME MORTGAGE'),(13813,'10+ years','RENT'),(13814,'6 years','HOME MORTGAGE'),(13815,'5 years','HOME MORTGAGE'),(13816,'n/a','RENT'),(13817,'2 years','HOME MORTGAGE'),(13818,'2 years','HOME MORTGAGE'),(13819,'10+ years','OWN HOME'),(13820,'10+ years','HOME MORTGAGE'),(13821,'< 1 year','RENT'),(13822,'10+ years','RENT'),(13823,'10+ years','HOME MORTGAGE'),(13824,'3 years','HOME MORTGAGE'),(13825,'10+ years','OWN HOME'),(13826,'10+ years','RENT'),(13827,'< 1 year','RENT'),(13828,'2 years','RENT'),(13829,'6 years','HOME MORTGAGE'),(13830,'2 years','HOME MORTGAGE'),(13831,'10+ years','RENT'),(13832,'10+ years','RENT'),(13833,'1 year','HOME MORTGAGE'),(13834,'< 1 year','HOME MORTGAGE'),(13835,'< 1 year','OWN HOME'),(13836,'10+ years','HOME MORTGAGE'),(13837,'9 years','RENT'),(13838,'10+ years','OWN HOME'),(13839,'3 years','RENT'),(13840,'< 1 year','RENT'),(13841,'1 year','RENT'),(13842,'5 years','RENT'),(13843,'1 year','HOME MORTGAGE'),(13844,'10+ years','RENT'),(13845,'9 years','HOME MORTGAGE'),(13846,'n/a','OWN HOME'),(13847,'5 years','RENT'),(13848,'8 years','OWN HOME'),(13849,'9 years','RENT'),(13850,'10+ years','OWN HOME'),(13851,'9 years','HOME MORTGAGE'),(13852,'7 years','HOME MORTGAGE'),(13853,'6 years','RENT'),(13854,'3 years','OWN HOME'),(13855,'10+ years','RENT'),(13856,'7 years','RENT'),(13857,'3 years','HOME MORTGAGE'),(13858,'10+ years','HOME MORTGAGE'),(13859,'10+ years','HOME MORTGAGE'),(13860,'2 years','RENT'),(13861,'10+ years','RENT'),(13862,'5 years','RENT'),(13863,'10+ years','RENT'),(13864,'5 years','HOME MORTGAGE'),(13865,'3 years','RENT'),(13866,'8 years','OWN HOME'),(13867,'3 years','RENT'),(13868,'2 years','RENT'),(13869,'10+ years','RENT'),(13870,'9 years','RENT'),(13871,'n/a','RENT'),(13872,'7 years','HOME MORTGAGE'),(13873,'2 years','HOME MORTGAGE'),(13874,'4 years','OWN HOME'),(13875,'10+ years','HOME MORTGAGE'),(13876,'10+ years','HOME MORTGAGE'),(13877,'5 years','OWN HOME'),(13878,'10+ years','HOME MORTGAGE'),(13879,'6 years','RENT'),(13880,'2 years','RENT'),(13881,'10+ years','HOME MORTGAGE'),(13882,'< 1 year','HOME MORTGAGE'),(13883,'10+ years','HOME MORTGAGE'),(13884,'10+ years','RENT'),(13885,'6 years','RENT'),(13886,'9 years','RENT'),(13887,'6 years','HOME MORTGAGE'),(13888,'n/a','HOME MORTGAGE'),(13889,'10+ years','HOME MORTGAGE'),(13890,'2 years','RENT'),(13891,'9 years','HOME MORTGAGE'),(13892,'6 years','RENT'),(13893,'10+ years','RENT'),(13894,'n/a','OWN HOME'),(13895,'10+ years','RENT'),(13896,'10+ years','RENT'),(13897,'2 years','HOME MORTGAGE'),(13898,'1 year','HOME MORTGAGE'),(13899,'10+ years','RENT'),(13900,'10+ years','HOME MORTGAGE'),(13901,'5 years','HOME MORTGAGE'),(13902,'5 years','HOME MORTGAGE'),(13903,'n/a','HOME MORTGAGE'),(13904,'7 years','HOME MORTGAGE'),(13905,'n/a','RENT'),(13906,'10+ years','HOME MORTGAGE'),(13907,'10+ years','HOME MORTGAGE'),(13908,'10+ years','OWN HOME'),(13909,'n/a','OWN HOME'),(13910,'8 years','RENT'),(13911,'1 year','OWN HOME'),(13912,'9 years','HOME MORTGAGE'),(13913,'8 years','RENT'),(13914,'1 year','RENT'),(13915,'3 years','HOME MORTGAGE'),(13916,'1 year','HOME MORTGAGE'),(13917,'3 years','RENT'),(13918,'3 years','OWN HOME'),(13919,'7 years','HOME MORTGAGE'),(13920,'10+ years','RENT'),(13921,'10+ years','HOME MORTGAGE'),(13922,'n/a','RENT'),(13923,'1 year','RENT'),(13924,'5 years','RENT'),(13925,'10+ years','HOME MORTGAGE'),(13926,'5 years','HOME MORTGAGE'),(13927,'10+ years','OWN HOME'),(13928,'2 years','RENT'),(13929,'10+ years','RENT'),(13930,'3 years','RENT'),(13931,'1 year','HOME MORTGAGE'),(13932,'< 1 year','RENT'),(13933,'2 years','HOME MORTGAGE'),(13934,'8 years','RENT'),(13935,'8 years','OWN HOME'),(13936,'2 years','RENT'),(13937,'10+ years','RENT'),(13938,'10+ years','RENT'),(13939,'8 years','RENT'),(13940,'6 years','HOME MORTGAGE'),(13941,'2 years','RENT'),(13942,'3 years','HOME MORTGAGE'),(13943,'9 years','HOME MORTGAGE'),(13944,'10+ years','HOME MORTGAGE'),(13945,'1 year','HOME MORTGAGE'),(13946,'10+ years','HOME MORTGAGE'),(13947,'10+ years','HOME MORTGAGE'),(13948,'7 years','HOME MORTGAGE'),(13949,'8 years','OWN HOME'),(13950,'10+ years','HOME MORTGAGE'),(13951,'10+ years','HOME MORTGAGE'),(13952,'2 years','RENT'),(13953,'< 1 year','OWN HOME'),(13954,'3 years','RENT'),(13955,'1 year','RENT'),(13956,'6 years','HOME MORTGAGE'),(13957,'6 years','RENT'),(13958,'10+ years','HOME MORTGAGE'),(13959,'2 years','HOME MORTGAGE'),(13960,'8 years','RENT'),(13961,'10+ years','HOME MORTGAGE'),(13962,'10+ years','RENT'),(13963,'7 years','HOME MORTGAGE'),(13964,'n/a','HOME MORTGAGE'),(13965,'3 years','RENT'),(13966,'10+ years','OWN HOME'),(13967,'n/a','RENT'),(13968,'10+ years','HOME MORTGAGE'),(13969,'2 years','RENT'),(13970,'1 year','RENT'),(13971,'2 years','RENT'),(13972,'5 years','RENT'),(13973,'10+ years','HOME MORTGAGE'),(13974,'3 years','HOME MORTGAGE'),(13975,'< 1 year','RENT'),(13976,'5 years','HOME MORTGAGE'),(13977,'2 years','RENT'),(13978,'1 year','RENT'),(13979,'8 years','RENT'),(13980,'9 years','RENT'),(13981,'8 years','HOME MORTGAGE'),(13982,'8 years','HOME MORTGAGE'),(13983,'10+ years','RENT'),(13984,'9 years','RENT'),(13985,'7 years','RENT'),(13986,'1 year','HOME MORTGAGE'),(13987,'10+ years','HOME MORTGAGE'),(13988,'2 years','RENT'),(13989,'10+ years','HOME MORTGAGE'),(13990,'10+ years','HOME MORTGAGE'),(13991,'< 1 year','HOME MORTGAGE'),(13992,'7 years','HOME MORTGAGE'),(13993,'3 years','OWN HOME'),(13994,'6 years','RENT'),(13995,'10+ years','RENT'),(13996,'< 1 year','HOME MORTGAGE'),(13997,'n/a','RENT'),(13998,'10+ years','HOME MORTGAGE'),(13999,'5 years','RENT'),(14000,'7 years','HOME MORTGAGE'),(14001,'3 years','HOME MORTGAGE'),(14002,'10+ years','HOME MORTGAGE'),(14003,'4 years','HOME MORTGAGE'),(14004,'2 years','HOME MORTGAGE'),(14005,'10+ years','RENT'),(14006,'7 years','HOME MORTGAGE'),(14007,'< 1 year','HOME MORTGAGE'),(14008,'6 years','HOME MORTGAGE'),(14009,'10+ years','RENT'),(14010,'10+ years','HOME MORTGAGE'),(14011,'< 1 year','RENT'),(14012,'10+ years','HOME MORTGAGE'),(14013,'< 1 year','RENT'),(14014,'10+ years','HOME MORTGAGE'),(14015,'9 years','HOME MORTGAGE'),(14016,'10+ years','OWN HOME'),(14017,'10+ years','OWN HOME'),(14018,'2 years','HOME MORTGAGE'),(14019,'10+ years','HOME MORTGAGE'),(14020,'8 years','RENT'),(14021,'7 years','RENT'),(14022,'10+ years','OWN HOME'),(14023,'5 years','HOME MORTGAGE'),(14024,'10+ years','HOME MORTGAGE'),(14025,'10+ years','RENT'),(14026,'10+ years','RENT'),(14027,'2 years','RENT'),(14028,'10+ years','HOME MORTGAGE'),(14029,'< 1 year','HOME MORTGAGE'),(14030,'5 years','OWN HOME'),(14031,'3 years','HOME MORTGAGE'),(14032,'10+ years','HOME MORTGAGE'),(14033,'7 years','HOME MORTGAGE'),(14034,'10+ years','HOME MORTGAGE'),(14035,'2 years','HOME MORTGAGE'),(14036,'8 years','HOME MORTGAGE'),(14037,'6 years','RENT'),(14038,'10+ years','HOME MORTGAGE'),(14039,'10+ years','RENT'),(14040,'7 years','RENT'),(14041,'n/a','HOME MORTGAGE'),(14042,'5 years','RENT'),(14043,'10+ years','HOME MORTGAGE'),(14044,'4 years','RENT'),(14045,'4 years','HOME MORTGAGE'),(14046,'9 years','OWN HOME'),(14047,'6 years','HOME MORTGAGE'),(14048,'4 years','RENT'),(14049,'2 years','RENT'),(14050,'10+ years','HOME MORTGAGE'),(14051,'10+ years','HOME MORTGAGE'),(14052,'4 years','RENT'),(14053,'6 years','RENT'),(14054,'4 years','HOME MORTGAGE'),(14055,'5 years','HOME MORTGAGE'),(14056,'10+ years','RENT'),(14057,'10+ years','RENT'),(14058,'4 years','HOME MORTGAGE'),(14059,'1 year','HOME MORTGAGE'),(14060,'10+ years','RENT'),(14061,'10+ years','OWN HOME'),(14062,'5 years','HOME MORTGAGE'),(14063,'10+ years','HOME MORTGAGE'),(14064,'9 years','HOME MORTGAGE'),(14065,'< 1 year','OWN HOME'),(14066,'10+ years','HOME MORTGAGE'),(14067,'7 years','RENT'),(14068,'< 1 year','HOME MORTGAGE'),(14069,'2 years','HOME MORTGAGE'),(14070,'3 years','RENT'),(14071,'7 years','HOME MORTGAGE'),(14072,'6 years','RENT'),(14073,'n/a','HOME MORTGAGE'),(14074,'10+ years','HOME MORTGAGE'),(14075,'1 year','RENT'),(14076,'4 years','HOME MORTGAGE'),(14077,'6 years','RENT'),(14078,'10+ years','RENT'),(14079,'10+ years','RENT'),(14080,'7 years','RENT'),(14081,'10+ years','OWN HOME'),(14082,'10+ years','RENT'),(14083,'10+ years','HOME MORTGAGE'),(14084,'8 years','HOME MORTGAGE'),(14085,'5 years','HOME MORTGAGE'),(14086,'10+ years','HOME MORTGAGE'),(14087,'6 years','RENT'),(14088,'4 years','HOME MORTGAGE'),(14089,'9 years','RENT'),(14090,'10+ years','HOME MORTGAGE'),(14091,'< 1 year','RENT'),(14092,'n/a','OWN HOME'),(14093,'9 years','HOME MORTGAGE'),(14094,'10+ years','HOME MORTGAGE'),(14095,'10+ years','HOME MORTGAGE'),(14096,'10+ years','OWN HOME'),(14097,'n/a','OWN HOME'),(14098,'2 years','OWN HOME'),(14099,'4 years','HOME MORTGAGE'),(14100,'3 years','RENT'),(14101,'1 year','RENT'),(14102,'10+ years','HOME MORTGAGE'),(14103,'10+ years','HOME MORTGAGE'),(14104,'7 years','OWN HOME'),(14105,'5 years','HOME MORTGAGE'),(14106,'4 years','RENT'),(14107,'10+ years','RENT'),(14108,'3 years','RENT'),(14109,'3 years','RENT'),(14110,'10+ years','HOME MORTGAGE'),(14111,'6 years','RENT'),(14112,'10+ years','HOME MORTGAGE'),(14113,'10+ years','HOME MORTGAGE'),(14114,'5 years','RENT'),(14115,'10+ years','HOME MORTGAGE'),(14116,'1 year','HOME MORTGAGE'),(14117,'8 years','RENT'),(14118,'< 1 year','RENT'),(14119,'10+ years','RENT'),(14120,'5 years','HOME MORTGAGE'),(14121,'1 year','OWN HOME'),(14122,'4 years','HOME MORTGAGE'),(14123,'n/a','HOME MORTGAGE'),(14124,'10+ years','HOME MORTGAGE'),(14125,'3 years','HOME MORTGAGE'),(14126,'2 years','RENT'),(14127,'3 years','RENT'),(14128,'n/a','RENT'),(14129,'8 years','RENT'),(14130,'< 1 year','RENT'),(14131,'10+ years','RENT'),(14132,'7 years','RENT'),(14133,'1 year','RENT'),(14134,'7 years','HOME MORTGAGE'),(14135,'10+ years','RENT'),(14136,'3 years','RENT'),(14137,'10+ years','HOME MORTGAGE'),(14138,'7 years','HOME MORTGAGE'),(14139,'10+ years','HOME MORTGAGE'),(14140,'2 years','RENT'),(14141,'9 years','RENT'),(14142,'8 years','HOME MORTGAGE'),(14143,'10+ years','HOME MORTGAGE'),(14144,'10+ years','HOME MORTGAGE'),(14145,'6 years','RENT'),(14146,'3 years','RENT'),(14147,'2 years','RENT'),(14148,'n/a','HOME MORTGAGE'),(14149,'5 years','RENT'),(14150,'10+ years','RENT'),(14151,'< 1 year','HOME MORTGAGE'),(14152,'10+ years','HOME MORTGAGE'),(14153,'3 years','RENT'),(14154,'4 years','RENT'),(14155,'10+ years','HOME MORTGAGE'),(14156,'n/a','HOME MORTGAGE'),(14157,'10+ years','HOME MORTGAGE'),(14158,'10+ years','RENT'),(14159,'10+ years','HOME MORTGAGE'),(14160,'5 years','HOME MORTGAGE'),(14161,'10+ years','RENT'),(14162,'10+ years','RENT'),(14163,'2 years','RENT'),(14164,'10+ years','OWN HOME'),(14165,'2 years','RENT'),(14166,'10+ years','RENT'),(14167,'2 years','HOME MORTGAGE'),(14168,'10+ years','HOME MORTGAGE'),(14169,'10+ years','HOME MORTGAGE'),(14170,'9 years','HOME MORTGAGE'),(14171,'6 years','OWN HOME'),(14172,'10+ years','OWN HOME'),(14173,'< 1 year','OWN HOME'),(14174,'6 years','HOME MORTGAGE'),(14175,'10+ years','HOME MORTGAGE'),(14176,'10+ years','HOME MORTGAGE'),(14177,'9 years','HOME MORTGAGE'),(14178,'6 years','OWN HOME'),(14179,'5 years','OWN HOME'),(14180,'4 years','RENT'),(14181,'8 years','OWN HOME'),(14182,'1 year','RENT'),(14183,'10+ years','RENT'),(14184,'10+ years','RENT'),(14185,'10+ years','RENT'),(14186,'2 years','HOME MORTGAGE'),(14187,'n/a','HOME MORTGAGE'),(14188,'n/a','HOME MORTGAGE'),(14189,'4 years','HOME MORTGAGE'),(14190,'1 year','HOME MORTGAGE'),(14191,'3 years','HOME MORTGAGE'),(14192,'3 years','HOME MORTGAGE'),(14193,'3 years','RENT'),(14194,'n/a','HOME MORTGAGE'),(14195,'2 years','RENT'),(14196,'4 years','HOME MORTGAGE'),(14197,'10+ years','OWN HOME'),(14198,'4 years','RENT'),(14199,'< 1 year','RENT'),(14200,'10+ years','HOME MORTGAGE'),(14201,'7 years','RENT'),(14202,'10+ years','RENT'),(14203,'2 years','RENT'),(14204,'< 1 year','RENT'),(14205,'9 years','RENT'),(14206,'3 years','RENT'),(14207,'5 years','RENT'),(14208,'7 years','RENT'),(14209,'3 years','RENT'),(14210,'7 years','HOME MORTGAGE'),(14211,'8 years','HOME MORTGAGE'),(14212,'3 years','RENT'),(14213,'10+ years','RENT'),(14214,'5 years','HOME MORTGAGE'),(14215,'10+ years','HOME MORTGAGE'),(14216,'10+ years','HOME MORTGAGE'),(14217,'10+ years','RENT'),(14218,'5 years','HOME MORTGAGE'),(14219,'10+ years','HOME MORTGAGE'),(14220,'3 years','RENT'),(14221,'2 years','HOME MORTGAGE'),(14222,'2 years','HOME MORTGAGE'),(14223,'10+ years','RENT'),(14224,'7 years','OWN HOME'),(14225,'7 years','HOME MORTGAGE'),(14226,'6 years','HOME MORTGAGE'),(14227,'4 years','HOME MORTGAGE'),(14228,'4 years','RENT'),(14229,'< 1 year','HOME MORTGAGE'),(14230,'10+ years','HOME MORTGAGE'),(14231,'10+ years','HOME MORTGAGE'),(14232,'2 years','RENT'),(14233,'4 years','RENT'),(14234,'< 1 year','HOME MORTGAGE'),(14235,'3 years','RENT'),(14236,'3 years','HOME MORTGAGE'),(14237,'3 years','OWN HOME'),(14238,'10+ years','RENT'),(14239,'n/a','RENT'),(14240,'3 years','HOME MORTGAGE'),(14241,'< 1 year','RENT'),(14242,'2 years','RENT'),(14243,'4 years','OWN HOME'),(14244,'2 years','HOME MORTGAGE'),(14245,'9 years','HOME MORTGAGE'),(14246,'3 years','RENT'),(14247,'10+ years','RENT'),(14248,'10+ years','HOME MORTGAGE'),(14249,'5 years','RENT'),(14250,'2 years','RENT'),(14251,'< 1 year','HOME MORTGAGE'),(14252,'10+ years','HOME MORTGAGE'),(14253,'n/a','OWN HOME'),(14254,'n/a','HOME MORTGAGE'),(14255,'3 years','RENT'),(14256,'2 years','RENT'),(14257,'1 year','RENT'),(14258,'n/a','HOME MORTGAGE'),(14259,'6 years','HOME MORTGAGE'),(14260,'5 years','RENT'),(14261,'10+ years','RENT'),(14262,'n/a','RENT'),(14263,'10+ years','HOME MORTGAGE'),(14264,'n/a','HOME MORTGAGE'),(14265,'10+ years','HOME MORTGAGE'),(14266,'8 years','HOME MORTGAGE'),(14267,'< 1 year','RENT'),(14268,'10+ years','HOME MORTGAGE'),(14269,'10+ years','RENT'),(14270,'3 years','RENT'),(14271,'10+ years','HOME MORTGAGE'),(14272,'9 years','RENT'),(14273,'1 year','RENT'),(14274,'10+ years','HOME MORTGAGE'),(14275,'2 years','HOME MORTGAGE'),(14276,'10+ years','HOME MORTGAGE'),(14277,'1 year','RENT'),(14278,'2 years','HOME MORTGAGE'),(14279,'6 years','RENT'),(14280,'7 years','HOME MORTGAGE'),(14281,'10+ years','HOME MORTGAGE'),(14282,'< 1 year','HOME MORTGAGE'),(14283,'2 years','HOME MORTGAGE'),(14284,'10+ years','HOME MORTGAGE'),(14285,'10+ years','HOME MORTGAGE'),(14286,'10+ years','HOME MORTGAGE'),(14287,'4 years','RENT'),(14288,'8 years','HOME MORTGAGE'),(14289,'7 years','HOME MORTGAGE'),(14290,'9 years','HOME MORTGAGE'),(14291,'1 year','RENT'),(14292,'2 years','RENT'),(14293,'1 year','RENT'),(14294,'10+ years','RENT'),(14295,'1 year','RENT'),(14296,'10+ years','HOME MORTGAGE'),(14297,'< 1 year','RENT'),(14298,'7 years','HOME MORTGAGE'),(14299,'3 years','HOME MORTGAGE'),(14300,'10+ years','HOME MORTGAGE'),(14301,'5 years','RENT'),(14302,'< 1 year','RENT'),(14303,'n/a','HOME MORTGAGE'),(14304,'5 years','HOME MORTGAGE'),(14305,'10+ years','HOME MORTGAGE'),(14306,'10+ years','RENT'),(14307,'2 years','RENT'),(14308,'3 years','HOME MORTGAGE'),(14309,'10+ years','HOME MORTGAGE'),(14310,'n/a','HOME MORTGAGE'),(14311,'8 years','HOME MORTGAGE'),(14312,'< 1 year','RENT'),(14313,'3 years','HOME MORTGAGE'),(14314,'n/a','RENT'),(14315,'10+ years','HOME MORTGAGE'),(14316,'3 years','RENT'),(14317,'3 years','HOME MORTGAGE'),(14318,'10+ years','HOME MORTGAGE'),(14319,'10+ years','HOME MORTGAGE'),(14320,'10+ years','OWN HOME'),(14321,'3 years','HOME MORTGAGE'),(14322,'2 years','RENT'),(14323,'10+ years','HOME MORTGAGE'),(14324,'4 years','HOME MORTGAGE'),(14325,'10+ years','HOME MORTGAGE'),(14326,'3 years','RENT'),(14327,'1 year','RENT'),(14328,'2 years','HOME MORTGAGE'),(14329,'n/a','RENT'),(14330,'8 years','HOME MORTGAGE'),(14331,'< 1 year','RENT'),(14332,'4 years','HOME MORTGAGE'),(14333,'10+ years','OWN HOME'),(14334,'10+ years','HOME MORTGAGE'),(14335,'< 1 year','HOME MORTGAGE'),(14336,'10+ years','RENT'),(14337,'9 years','RENT'),(14338,'2 years','RENT'),(14339,'10+ years','RENT'),(14340,'10+ years','HOME MORTGAGE'),(14341,'6 years','RENT'),(14342,'5 years','RENT'),(14343,'< 1 year','RENT'),(14344,'2 years','HOME MORTGAGE'),(14345,'6 years','HOME MORTGAGE'),(14346,'10+ years','RENT'),(14347,'9 years','HOME MORTGAGE'),(14348,'3 years','HOME MORTGAGE'),(14349,'10+ years','HOME MORTGAGE'),(14350,'3 years','OWN HOME'),(14351,'9 years','HOME MORTGAGE'),(14352,'10+ years','RENT'),(14353,'10+ years','RENT'),(14354,'3 years','RENT'),(14355,'10+ years','RENT'),(14356,'2 years','RENT'),(14357,'< 1 year','HOME MORTGAGE'),(14358,'n/a','HOME MORTGAGE'),(14359,'10+ years','RENT'),(14360,'2 years','HOME MORTGAGE'),(14361,'5 years','HOME MORTGAGE'),(14362,'10+ years','HOME MORTGAGE'),(14363,'10+ years','HOME MORTGAGE'),(14364,'10+ years','HOME MORTGAGE'),(14365,'3 years','RENT'),(14366,'4 years','RENT'),(14367,'2 years','HOME MORTGAGE'),(14368,'8 years','OWN HOME'),(14369,'< 1 year','HOME MORTGAGE'),(14370,'10+ years','HOME MORTGAGE'),(14371,'10+ years','HOME MORTGAGE'),(14372,'10+ years','HOME MORTGAGE'),(14373,'2 years','HOME MORTGAGE'),(14374,'9 years','HOME MORTGAGE'),(14375,'4 years','HOME MORTGAGE'),(14376,'7 years','HOME MORTGAGE'),(14377,'5 years','RENT'),(14378,'10+ years','OWN HOME'),(14379,'2 years','RENT'),(14380,'10+ years','HOME MORTGAGE'),(14381,'4 years','RENT'),(14382,'10+ years','RENT'),(14383,'10+ years','HOME MORTGAGE'),(14384,'2 years','RENT'),(14385,'2 years','HOME MORTGAGE'),(14386,'10+ years','HOME MORTGAGE'),(14387,'10+ years','HOME MORTGAGE'),(14388,'10+ years','HOME MORTGAGE'),(14389,'4 years','HOME MORTGAGE'),(14390,'2 years','HOME MORTGAGE'),(14391,'3 years','RENT'),(14392,'10+ years','RENT'),(14393,'n/a','HOME MORTGAGE'),(14394,'1 year','RENT'),(14395,'3 years','HOME MORTGAGE'),(14396,'8 years','OWN HOME'),(14397,'10+ years','RENT'),(14398,'1 year','HOME MORTGAGE'),(14399,'8 years','RENT'),(14400,'1 year','RENT'),(14401,'4 years','HOME MORTGAGE'),(14402,'8 years','RENT'),(14403,'9 years','RENT'),(14404,'7 years','OWN HOME'),(14405,'< 1 year','RENT'),(14406,'< 1 year','RENT'),(14407,'7 years','HOME MORTGAGE'),(14408,'10+ years','HOME MORTGAGE'),(14409,'5 years','HOME MORTGAGE'),(14410,'n/a','HOME MORTGAGE'),(14411,'10+ years','HOME MORTGAGE'),(14412,'10+ years','HOME MORTGAGE'),(14413,'3 years','RENT'),(14414,'10+ years','HOME MORTGAGE'),(14415,'2 years','HOME MORTGAGE'),(14416,'< 1 year','RENT'),(14417,'6 years','HOME MORTGAGE'),(14418,'n/a','RENT'),(14419,'1 year','RENT'),(14420,'10+ years','RENT'),(14421,'10+ years','HOME MORTGAGE'),(14422,'10+ years','HOME MORTGAGE'),(14423,'10+ years','RENT'),(14424,'10+ years','HOME MORTGAGE'),(14425,'8 years','RENT'),(14426,'6 years','RENT'),(14427,'< 1 year','HOME MORTGAGE'),(14428,'2 years','RENT'),(14429,'10+ years','HOME MORTGAGE'),(14430,'10+ years','HOME MORTGAGE'),(14431,'10+ years','RENT'),(14432,'2 years','RENT'),(14433,'4 years','RENT'),(14434,'10+ years','HOME MORTGAGE'),(14435,'8 years','RENT'),(14436,'< 1 year','HOME MORTGAGE'),(14437,'2 years','OWN HOME'),(14438,'10+ years','OWN HOME'),(14439,'10+ years','RENT'),(14440,'1 year','HOME MORTGAGE'),(14441,'< 1 year','HOME MORTGAGE'),(14442,'3 years','OWN HOME'),(14443,'< 1 year','RENT'),(14444,'8 years','HOME MORTGAGE'),(14445,'8 years','RENT'),(14446,'10+ years','OWN HOME'),(14447,'2 years','RENT'),(14448,'5 years','RENT'),(14449,'6 years','HOME MORTGAGE'),(14450,'n/a','HOME MORTGAGE'),(14451,'< 1 year','HOME MORTGAGE'),(14452,'10+ years','HOME MORTGAGE'),(14453,'10+ years','HOME MORTGAGE'),(14454,'10+ years','HOME MORTGAGE'),(14455,'< 1 year','HOME MORTGAGE'),(14456,'10+ years','HOME MORTGAGE'),(14457,'2 years','HOME MORTGAGE'),(14458,'4 years','HOME MORTGAGE'),(14459,'2 years','RENT'),(14460,'8 years','HOME MORTGAGE'),(14461,'10+ years','RENT'),(14462,'3 years','RENT'),(14463,'2 years','RENT'),(14464,'10+ years','RENT'),(14465,'8 years','RENT'),(14466,'10+ years','OWN HOME'),(14467,'3 years','RENT'),(14468,'2 years','HOME MORTGAGE'),(14469,'2 years','RENT'),(14470,'6 years','HOME MORTGAGE'),(14471,'10+ years','HOME MORTGAGE'),(14472,'10+ years','HOME MORTGAGE'),(14473,'1 year','HOME MORTGAGE'),(14474,'2 years','HOME MORTGAGE'),(14475,'10+ years','RENT'),(14476,'8 years','HOME MORTGAGE'),(14477,'9 years','HOME MORTGAGE'),(14478,'7 years','RENT'),(14479,'3 years','RENT'),(14480,'10+ years','RENT'),(14481,'6 years','RENT'),(14482,'2 years','HOME MORTGAGE'),(14483,'5 years','HOME MORTGAGE'),(14484,'4 years','HOME MORTGAGE'),(14485,'10+ years','HOME MORTGAGE'),(14486,'3 years','RENT'),(14487,'< 1 year','RENT'),(14488,'10+ years','HOME MORTGAGE'),(14489,'4 years','RENT'),(14490,'3 years','RENT'),(14491,'2 years','RENT'),(14492,'< 1 year','HOME MORTGAGE'),(14493,'9 years','HOME MORTGAGE'),(14494,'3 years','HOME MORTGAGE'),(14495,'3 years','HOME MORTGAGE'),(14496,'5 years','HOME MORTGAGE'),(14497,'3 years','OWN HOME'),(14498,'1 year','RENT'),(14499,'3 years','HOME MORTGAGE'),(14500,'9 years','HOME MORTGAGE'),(14501,'5 years','HOME MORTGAGE'),(14502,'5 years','HOME MORTGAGE'),(14503,'7 years','HOME MORTGAGE'),(14504,'6 years','HOME MORTGAGE'),(14505,'4 years','HOME MORTGAGE'),(14506,'n/a','HOME MORTGAGE'),(14507,'2 years','RENT'),(14508,'10+ years','HOME MORTGAGE'),(14509,'4 years','HOME MORTGAGE'),(14510,'2 years','HOME MORTGAGE'),(14511,'2 years','RENT'),(14512,'< 1 year','HOME MORTGAGE'),(14513,'6 years','HOME MORTGAGE'),(14514,'5 years','RENT'),(14515,'2 years','OWN HOME'),(14516,'5 years','HOME MORTGAGE'),(14517,'10+ years','HOME MORTGAGE'),(14518,'10+ years','RENT'),(14519,'4 years','OWN HOME'),(14520,'10+ years','RENT'),(14521,'2 years','RENT'),(14522,'9 years','RENT'),(14523,'< 1 year','RENT'),(14524,'4 years','HOME MORTGAGE'),(14525,'1 year','RENT'),(14526,'n/a','HOME MORTGAGE'),(14527,'5 years','RENT'),(14528,'< 1 year','HOME MORTGAGE'),(14529,'10+ years','HOME MORTGAGE'),(14530,'2 years','HOME MORTGAGE'),(14531,'8 years','HOME MORTGAGE'),(14532,'10+ years','HOME MORTGAGE'),(14533,'5 years','HOME MORTGAGE'),(14534,'n/a','HOME MORTGAGE'),(14535,'3 years','HOME MORTGAGE'),(14536,'2 years','HOME MORTGAGE'),(14537,'1 year','RENT'),(14538,'5 years','RENT'),(14539,'4 years','HOME MORTGAGE'),(14540,'10+ years','HOME MORTGAGE'),(14541,'10+ years','HOME MORTGAGE'),(14542,'5 years','HOME MORTGAGE'),(14543,'6 years','HOME MORTGAGE'),(14544,'n/a','RENT'),(14545,'10+ years','HOME MORTGAGE'),(14546,'10+ years','RENT'),(14547,'4 years','RENT'),(14548,'1 year','RENT'),(14549,'1 year','HOME MORTGAGE'),(14550,'4 years','HOME MORTGAGE'),(14551,'10+ years','HOME MORTGAGE'),(14552,'< 1 year','RENT'),(14553,'< 1 year','OWN HOME'),(14554,'10+ years','HOME MORTGAGE'),(14555,'8 years','RENT'),(14556,'4 years','RENT'),(14557,'1 year','OWN HOME'),(14558,'2 years','HOME MORTGAGE'),(14559,'3 years','RENT');
/*!40000 ALTER TABLE `individual_c` ENABLE KEYS */;
UNLOCK TABLES;

--
-- Table structure for table `insitutional_c`
--

DROP TABLE IF EXISTS `insitutional_c`;
/*!40101 SET @saved_cs_client     = @@character_set_client */;
/*!50503 SET character_set_client = utf8mb4 */;
CREATE TABLE `insitutional_c` (
  `Cust_ID` int NOT NULL,
  `Cust_type` enum('SME','Large Company') DEFAULT NULL,
  `Get_consultant` varchar(6) DEFAULT NULL,
  PRIMARY KEY (`Cust_ID`),
  CONSTRAINT `insitutional_c_ibfk_1` FOREIGN KEY (`Cust_ID`) REFERENCES `customer` (`C_ID`) ON UPDATE CASCADE
) ENGINE=InnoDB DEFAULT CHARSET=utf8mb4 COLLATE=utf8mb4_0900_ai_ci;
/*!40101 SET character_set_client = @saved_cs_client */;

--
-- Dumping data for table `insitutional_c`
--

LOCK TABLES `insitutional_c` WRITE;
/*!40000 ALTER TABLE `insitutional_c` DISABLE KEYS */;
INSERT INTO `insitutional_c` VALUES (15001,'SME','FALSE'),(15002,'SME','TRUE'),(15003,'SME','FALSE'),(15004,'SME','FALSE'),(15005,'SME','TRUE'),(15006,'SME','FALSE'),(15007,'SME','FALSE'),(15008,'SME','FALSE'),(15009,'SME','FALSE'),(15010,'SME','TRUE'),(15011,'SME','FALSE'),(15012,'SME','FALSE'),(15013,'SME','FALSE'),(15014,'SME','FALSE'),(15015,'SME','FALSE'),(15016,'SME','FALSE'),(15017,'SME','TRUE'),(15018,'SME','FALSE'),(15019,'SME','FALSE'),(15020,'SME','FALSE'),(15021,'SME','TRUE'),(15022,'SME','FALSE'),(15023,'SME','TRUE'),(15024,'SME','FALSE'),(15025,'SME','FALSE'),(15026,'SME','FALSE'),(15027,'SME','FALSE'),(15028,'SME','TRUE'),(15029,'SME','FALSE'),(15030,'SME','FALSE'),(15031,'SME','FALSE'),(15032,'SME','FALSE'),(15033,'SME','TRUE'),(15034,'SME','FALSE'),(15035,'SME','FALSE'),(15036,'SME','FALSE'),(15037,'SME','TRUE'),(15038,'SME','TRUE'),(15039,'SME','TRUE'),(15040,'SME','FALSE'),(15041,'SME','TRUE'),(15042,'SME','FALSE'),(15043,'SME','FALSE'),(15044,'SME','FALSE'),(15045,'SME','FALSE'),(15046,'SME','FALSE'),(15047,'SME','TRUE'),(15048,'SME','TRUE'),(15049,'SME','FALSE'),(15050,'SME','FALSE'),(15051,'SME','TRUE'),(15052,'SME','TRUE'),(15053,'SME','FALSE'),(15054,'SME','FALSE'),(15055,'SME','FALSE'),(15056,'SME','FALSE'),(15057,'SME','FALSE'),(15058,'SME','FALSE'),(15059,'SME','FALSE'),(15060,'SME','FALSE'),(15061,'SME','FALSE'),(15062,'SME','FALSE'),(15063,'SME','TRUE'),(15064,'SME','FALSE'),(15065,'SME','TRUE'),(15066,'SME','FALSE'),(15067,'SME','TRUE'),(15068,'SME','FALSE'),(15069,'SME','FALSE'),(15070,'Large Company','FALSE'),(15071,'Large Company','FALSE'),(15072,'Large Company','FALSE'),(15073,'Large Company','TRUE'),(15074,'Large Company','TRUE'),(15075,'Large Company','FALSE'),(15076,'Large Company','FALSE'),(15077,'Large Company','FALSE'),(15078,'Large Company','FALSE'),(15079,'Large Company','FALSE'),(15080,'Large Company','FALSE'),(15081,'Large Company','TRUE'),(15082,'Large Company','FALSE'),(15083,'Large Company','FALSE'),(15084,'Large Company','FALSE'),(15085,'Large Company','FALSE'),(15086,'Large Company','FALSE'),(15087,'Large Company','TRUE'),(15088,'Large Company','TRUE'),(15089,'Large Company','FALSE'),(15090,'Large Company','FALSE'),(15091,'Large Company','FALSE'),(15092,'Large Company','FALSE'),(15093,'Large Company','FALSE'),(15094,'Large Company','FALSE'),(15095,'Large Company','TRUE'),(15096,'Large Company','TRUE'),(15097,'Large Company','TRUE'),(15098,'Large Company','FALSE'),(15099,'Large Company','FALSE'),(15100,'Large Company','TRUE');
/*!40000 ALTER TABLE `insitutional_c` ENABLE KEYS */;
UNLOCK TABLES;

--
-- Table structure for table `investment_account`
--

DROP TABLE IF EXISTS `investment_account`;
/*!40101 SET @saved_cs_client     = @@character_set_client */;
/*!50503 SET character_set_client = utf8mb4 */;
CREATE TABLE `investment_account` (
  `A_ID` int NOT NULL,
  `Balance` decimal(15,2) DEFAULT NULL,
  PRIMARY KEY (`A_ID`),
  CONSTRAINT `investment_account_ibfk_1` FOREIGN KEY (`A_ID`) REFERENCES `accounts` (`A_ID`) ON UPDATE CASCADE
) ENGINE=InnoDB DEFAULT CHARSET=utf8mb4 COLLATE=utf8mb4_0900_ai_ci;
/*!40101 SET character_set_client = @saved_cs_client */;

--
-- Dumping data for table `investment_account`
--

LOCK TABLES `investment_account` WRITE;
/*!40000 ALTER TABLE `investment_account` DISABLE KEYS */;
INSERT INTO `investment_account` VALUES (2488,71039.00),(2489,57871.00),(2490,9456.00),(2491,68997.00),(2492,5221.00),(2493,9542.00),(2494,79764.00),(2495,61105.00),(2496,1371.00),(2497,6745.00),(2498,4724482.00),(2499,55748.00),(2500,12910.00),(2501,2378827.00),(2502,1795.00),(2503,1293.00),(2504,75374.00),(2505,31449.00),(2506,7395.00),(2507,15290.00),(2508,14522.00),(2509,22901.00),(2510,88450.00),(2511,6679291.00),(2512,55078.00),(2513,4608150.00),(2514,25678.00),(2515,15080.00),(2516,85152.00),(2517,73266.00),(2518,83303.00),(2519,99421.00),(2520,56445.00),(2521,69181.00),(2522,8736.00),(2523,10689.00),(2524,25304.00),(2525,49536.00),(2526,72516.00),(2527,8647745.00),(2528,64694.00),(2529,34567.00),(2530,41096.00),(2531,9122.00),(2532,2196.00),(2533,38066.00),(2534,100058.00),(2535,99894.00),(2536,64073.00),(2537,51863.00),(2538,70314.00),(2539,40338.00),(2540,3031182.00),(2541,12256.00),(2542,84891.00),(2543,62633.00),(2544,32092.00),(2545,59745.00),(2546,18879.00),(2547,86982.00),(2548,42600.00),(2549,28384.00),(2550,90095.00),(2551,3451.00),(2552,48205.00),(2553,26077.00),(2554,73077.00),(2555,22312.00),(2556,98145.00),(2557,92157.00),(2558,93956.00),(2559,41686.00),(2560,66943.00),(2561,43562.00),(2562,98799.00),(2563,6337.00),(2564,83269.00),(2565,45953.00),(2566,13002.00),(2567,56441.00),(2568,5505.00),(2569,7088614.00),(2570,34303.00),(2571,90147.00),(2572,49100.00),(2573,26772.00),(2574,26996.00),(2575,88774.00),(2576,9559681.00),(2577,70767.00),(2578,9934.00),(2579,78457.00),(2580,39789.00),(2581,44890.00),(2582,55878.00),(2583,27087.00),(2584,50926.00),(2585,90722.00),(2586,44796.00),(2587,351.00),(2588,59986.00),(2589,33213.00),(2590,38663.00),(2591,25723.00),(2592,96156.00),(2593,4330978.00),(2594,70370.00),(2595,38222.00),(2596,31757.00),(2597,17339.00),(2598,64290.00),(2599,6761.00);
/*!40000 ALTER TABLE `investment_account` ENABLE KEYS */;
UNLOCK TABLES;

--
-- Table structure for table `loan`
--

DROP TABLE IF EXISTS `loan`;
/*!40101 SET @saved_cs_client     = @@character_set_client */;
/*!50503 SET character_set_client = utf8mb4 */;
CREATE TABLE `loan` (
  `loan_id` int NOT NULL AUTO_INCREMENT,
  `emp_id` int NOT NULL,
  `C_ID` int NOT NULL,
  `loan_amount` decimal(15,2) DEFAULT NULL,
  PRIMARY KEY (`loan_id`,`C_ID`),
  KEY `C_ID` (`C_ID`),
  KEY `emp_id` (`emp_id`),
  CONSTRAINT `loan_ibfk_1` FOREIGN KEY (`C_ID`) REFERENCES `customer` (`C_ID`) ON UPDATE CASCADE,
  CONSTRAINT `loan_ibfk_2` FOREIGN KEY (`emp_id`) REFERENCES `employee` (`emp_id`) ON UPDATE CASCADE
) ENGINE=InnoDB AUTO_INCREMENT=1062 DEFAULT CHARSET=utf8mb4 COLLATE=utf8mb4_0900_ai_ci;
/*!40101 SET character_set_client = @saved_cs_client */;

--
-- Dumping data for table `loan`
--

LOCK TABLES `loan` WRITE;
/*!40000 ALTER TABLE `loan` DISABLE KEYS */;
INSERT INTO `loan` VALUES (1,10030,13500,153186.00),(2,10030,13501,174460.00),(3,10030,13502,315634.00),(4,10030,13503,47498.00),(5,10030,13504,99999999.00),(6,10030,13505,607376.00),(7,10030,13506,143198.00),(8,10030,13507,403876.00),(9,10030,13508,638638.00),(10,10030,13509,111122.00),(11,10030,13510,490578.00),(12,10030,13511,124410.00),(13,10030,13512,386584.00),(14,10030,13513,334466.00),(15,10030,13514,335082.00),(16,10030,13515,113718.00),(17,10030,13516,99999999.00),(18,10030,13517,69894.00),(19,10030,13518,759308.00),(20,10030,13519,99999999.00),(21,10030,13520,215688.00),(22,10030,13521,99999999.00),(23,10030,13522,155562.00),(24,10030,13523,178706.00),(25,10099,13524,761068.00),(26,10099,13525,80168.00),(27,10099,13526,263648.00),(28,10099,13527,441716.00),(29,10099,13528,108988.00),(30,10099,13529,108768.00),(31,10099,13530,433840.00),(32,10099,13531,761090.00),(33,10099,13532,246158.00),(34,10099,13533,99999999.00),(35,10099,13534,221892.00),(36,10099,13535,328020.00),(37,10099,13536,97922.00),(38,10099,13537,66418.00),(39,10099,13538,348172.00),(40,10099,13539,85822.00),(41,10099,13540,709852.00),(42,10099,13541,131890.00),(43,10099,13542,170214.00),(44,10099,13543,182578.00),(45,10099,13544,99999999.00),(46,10099,13545,99999999.00),(47,10099,13546,405020.00),(48,10099,13547,618772.00),(49,10099,13548,367268.00),(50,10099,13549,76472.00),(51,10099,13550,280962.00),(52,10099,13551,55880.00),(53,10099,13552,673728.00),(54,10099,13553,99999999.00),(55,10099,13554,625240.00),(56,10099,13555,456632.00),(57,10099,13556,161722.00),(58,10099,13557,258324.00),(59,10099,13558,231044.00),(60,10099,13559,99999999.00),(61,10099,13560,488070.00),(62,10099,13561,391688.00),(63,10099,13562,206976.00),(64,10099,13563,87406.00),(65,10099,13564,266486.00),(66,10099,13565,27720.00),(67,10099,13566,268708.00),(68,10271,13567,99814.00),(69,10271,13568,666270.00),(70,10271,13569,337392.00),(71,10271,13570,259094.00),(72,10271,13571,430540.00),(73,10271,13572,434104.00),(74,10271,13573,99999999.00),(75,10271,13574,240768.00),(76,10271,13575,99999999.00),(77,10271,13576,171644.00),(78,10271,13577,44198.00),(79,10271,13578,285164.00),(80,10271,13579,198858.00),(81,10271,13580,574992.00),(82,10271,13581,104104.00),(83,10271,13582,443784.00),(84,10271,13583,263450.00),(85,10271,13584,332970.00),(86,10271,13585,175472.00),(87,10271,13586,44572.00),(88,10271,13587,461582.00),(89,10271,13588,786412.00),(90,10271,13589,85866.00),(91,10271,13590,219384.00),(92,10271,13591,539836.00),(93,10271,13592,262944.00),(94,10271,13593,340802.00),(95,10271,13594,261778.00),(96,10271,13595,444092.00),(97,10271,13596,163064.00),(98,10271,13597,543510.00),(99,10271,13598,217734.00),(100,10271,13599,349954.00),(101,10271,13600,88044.00),(102,10271,13601,539770.00),(103,10271,13602,214896.00),(104,10271,13603,542586.00),(105,10271,13604,258676.00),(106,10271,13605,99999999.00),(107,10271,13606,99999999.00),(108,10271,13607,352528.00),(109,10271,13608,218636.00),(110,10271,13609,222662.00),(111,10271,13610,264154.00),(112,10271,13611,355586.00),(113,10271,13612,232848.00),(114,10271,13613,100166.00),(115,10271,13614,178244.00),(116,10271,13615,152900.00),(117,10271,13616,159060.00),(118,10271,13617,104148.00),(119,10271,13618,111232.00),(120,10271,13619,520124.00),(121,10271,13620,669504.00),(122,10271,13621,171116.00),(123,10271,13622,591888.00),(124,10271,13623,67034.00),(125,10271,13624,566280.00),(126,10271,13625,380842.00),(127,10271,13626,372988.00),(128,10174,13627,261646.00),(129,10174,13628,330858.00),(130,10174,13629,266376.00),(131,10174,13630,99999999.00),(132,10174,13631,129250.00),(133,10174,13632,705232.00),(134,10174,13633,99999999.00),(135,10174,13634,774400.00),(136,10174,13635,99999999.00),(137,10174,13636,188672.00),(138,10174,13637,535546.00),(139,10174,13638,666138.00),(140,10174,13639,328548.00),(141,10174,13640,21604.00),(142,10174,13641,26994.00),(143,10174,13642,544830.00),(144,10174,13643,555786.00),(145,10174,13644,634326.00),(146,10174,13645,770088.00),(147,10174,13646,130834.00),(148,10174,13647,260986.00),(149,10174,13648,167552.00),(150,10174,13649,139612.00),(151,10174,13650,202114.00),(152,10174,13651,161854.00),(153,10174,13652,197208.00),(154,10174,13653,99999999.00),(155,10174,13654,663894.00),(156,10174,13655,267058.00),(157,10174,13656,180620.00),(158,10174,13657,150788.00),(159,10174,13658,456588.00),(160,10174,13659,102212.00),(161,10174,13660,442904.00),(162,10174,13661,222992.00),(163,10174,13662,108790.00),(164,10174,13663,97812.00),(165,10174,13664,99999999.00),(166,10174,13665,328262.00),(167,10174,13666,129910.00),(168,10174,13667,325050.00),(169,10174,13668,393272.00),(170,10174,13669,396110.00),(171,10174,13670,331980.00),(172,10174,13671,386936.00),(173,10174,13672,141900.00),(174,10174,13673,204402.00),(175,10174,13674,551386.00),(176,10174,13675,133628.00),(177,10174,13676,332486.00),(178,10174,13677,44792.00),(179,10174,13678,99999999.00),(180,10174,13679,334334.00),(181,10174,13680,276034.00),(182,10174,13681,225412.00),(183,10174,13682,99999999.00),(184,10174,13683,143308.00),(185,10174,13684,99999999.00),(186,10174,13685,267036.00),(187,10174,13686,99999999.00),(188,10174,13687,647064.00),(189,10174,13688,153582.00),(190,10174,13689,157168.00),(191,10174,13690,545226.00),(192,10174,13691,259424.00),(193,10174,13692,55374.00),(194,10174,13693,335852.00),(195,10174,13694,320694.00),(196,10174,13695,108680.00),(197,10174,13696,465102.00),(198,10174,13697,260788.00),(199,10174,13698,392920.00),(200,10174,13699,99999999.00),(201,10174,13700,99999999.00),(202,10174,13701,130130.00),(203,10174,13702,335610.00),(204,10174,13703,263208.00),(205,10174,13704,215600.00),(206,10174,13705,121902.00),(207,10174,13706,412918.00),(208,10174,13707,44330.00),(209,10174,13708,191224.00),(210,10174,13709,108636.00),(211,10174,13710,492800.00),(212,10174,13711,352242.00),(213,10174,13712,335896.00),(214,10174,13713,99999999.00),(215,10174,13714,769010.00),(216,10174,13715,675576.00),(217,10174,13716,309958.00),(218,10174,13717,391358.00),(219,10174,13718,559416.00),(220,10174,13719,132132.00),(221,10174,13720,311542.00),(222,10174,13721,64394.00),(223,10174,13722,178310.00),(224,10174,13723,270468.00),(225,10174,13724,264066.00),(226,10174,13725,99999999.00),(227,10174,13726,112442.00),(228,10174,13727,433884.00),(229,10174,13728,657448.00),(230,10174,13729,281336.00),(231,10174,13730,337986.00),(232,10174,13731,263230.00),(233,10174,13732,215952.00),(234,10174,13733,53724.00),(235,10174,13734,275374.00),(236,10174,13735,434808.00),(237,10174,13736,321640.00),(238,10174,13737,447832.00),(239,10174,13738,344432.00),(240,10174,13739,179894.00),(241,10174,13740,323598.00),(242,10174,13741,515174.00),(243,10174,13742,257048.00),(244,10174,13743,429264.00),(245,10174,13744,438042.00),(246,10287,13745,174834.00),(247,10287,13746,182160.00),(248,10287,13747,43164.00),(249,10287,13748,336204.00),(250,10287,13749,660264.00),(251,10287,13750,311982.00),(252,10287,13751,66990.00),(253,10287,13752,444884.00),(254,10287,13753,765226.00),(255,10287,13754,741642.00),(256,10287,13755,771936.00),(257,10287,13756,332618.00),(258,10287,13757,186890.00),(259,10287,13758,437228.00),(260,10287,13759,351340.00),(261,10287,13760,90024.00),(262,10287,13761,80058.00),(263,10287,13762,400840.00),(264,10287,13763,106964.00),(265,10287,13764,110726.00),(266,10287,13765,623876.00),(267,10287,13766,99999999.00),(268,10287,13767,455906.00),(269,10287,13768,99999999.00),(270,10287,13769,78386.00),(271,10287,13770,158708.00),(272,10287,13771,260678.00),(273,10287,13772,620378.00),(274,10287,13773,314446.00),(275,10287,13774,323400.00),(276,10287,13775,505780.00),(277,10287,13776,157014.00),(278,10287,13777,223146.00),(279,10287,13778,439692.00),(280,10287,13779,651024.00),(281,10287,13780,173800.00),(282,10287,13781,55594.00),(283,10287,13782,202664.00),(284,10287,13783,261052.00),(285,10287,13784,542586.00),(286,10287,13785,128876.00),(287,10287,13786,89276.00),(288,10287,13787,22154.00),(289,10287,13788,539066.00),(290,10287,13789,438988.00),(291,10287,13790,616132.00),(292,10287,13791,389224.00),(293,10287,13792,646272.00),(294,10287,13793,344498.00),(295,10287,13794,448294.00),(296,10287,13795,224664.00),(297,10287,13796,492778.00),(298,10287,13797,99999999.00),(299,10287,13798,775016.00),(300,10287,13799,218350.00),(301,10287,13800,86922.00),(302,10287,13801,173514.00),(303,10287,13802,174328.00),(304,10287,13803,177056.00),(305,10287,13804,326238.00),(306,10287,13805,328262.00),(307,10287,13806,234432.00),(308,10287,13807,96932.00),(309,10287,13808,173272.00),(310,10287,13809,168080.00),(311,10287,13810,329846.00),(312,10287,13811,611556.00),(313,10287,13812,306746.00),(314,10287,13813,99999999.00),(315,10287,13814,99999999.00),(316,10287,13815,660660.00),(317,10287,13816,65450.00),(318,10287,13817,584320.00),(319,10287,13818,172458.00),(320,10287,13819,177980.00),(321,10287,13820,267410.00),(322,10287,13821,54142.00),(323,10287,13822,788260.00),(324,10287,13823,560846.00),(325,10287,13824,657162.00),(326,10287,13825,479490.00),(327,10287,13826,99999999.00),(328,10287,13827,196504.00),(329,10287,13828,312004.00),(330,10287,13829,188804.00),(331,10287,13830,331958.00),(332,10287,13831,342738.00),(333,10287,13832,784938.00),(334,10287,13833,99999999.00),(335,10287,13834,85250.00),(336,10287,13835,184580.00),(337,10287,13836,282964.00),(338,10287,13837,99999999.00),(339,10287,13838,222948.00),(340,10287,13839,221034.00),(341,10287,13840,99999999.00),(342,10287,13841,131098.00),(343,10287,13842,543906.00),(344,10287,13843,99999999.00),(345,10287,13844,240790.00),(346,10287,13845,99999999.00),(347,10287,13846,235884.00),(348,10287,13847,76912.00),(349,10287,13848,64570.00),(350,10287,13849,229020.00),(351,10287,13850,263582.00),(352,10287,13851,513744.00),(353,10287,13852,321794.00),(354,10287,13853,223674.00),(355,10287,13854,99999999.00),(356,10287,13855,486090.00),(357,10287,13856,134222.00),(358,10287,13857,273020.00),(359,10287,13858,99999999.00),(360,10287,13859,388344.00),(361,10287,13860,557656.00),(362,10287,13861,99999999.00),(363,10287,13862,577786.00),(364,10287,13863,531278.00),(365,10287,13864,99999999.00),(366,10287,13865,209110.00),(367,10287,13866,211596.00),(368,10287,13867,246840.00),(369,10287,13868,241428.00),(370,10287,13869,224268.00),(371,10287,13870,786478.00),(372,10287,13871,218724.00),(373,10287,13872,442596.00),(374,10287,13873,88968.00),(375,10287,13874,199628.00),(376,10287,13875,99999999.00),(377,10287,13876,384824.00),(378,10287,13877,217910.00),(379,10287,13878,387420.00),(380,10287,13879,424644.00),(381,10287,13880,606848.00),(382,10287,13881,657030.00),(383,10287,13882,314160.00),(384,10287,13883,712932.00),(385,10287,13884,429528.00),(386,10287,13885,257818.00),(387,10287,13886,99999999.00),(388,10231,13887,155540.00),(389,10231,13888,367884.00),(390,10231,13889,133804.00),(391,10231,13890,132088.00),(392,10231,13891,235026.00),(393,10231,13892,179828.00),(394,10231,13893,216678.00),(395,10231,13894,225346.00),(396,10231,13895,166628.00),(397,10231,13896,125598.00),(398,10231,13897,344036.00),(399,10231,13898,184558.00),(400,10231,13899,108878.00),(401,10231,13900,394526.00),(402,10231,13901,279290.00),(403,10231,13902,453926.00),(404,10231,13903,220594.00),(405,10231,13904,754842.00),(406,10231,13905,218702.00),(407,10231,13906,758846.00),(408,10231,13907,148236.00),(409,10231,13908,517946.00),(410,10231,13909,99999999.00),(411,10231,13910,350306.00),(412,10231,13911,213862.00),(413,10231,13912,336732.00),(414,10231,13913,324104.00),(415,10231,13914,403590.00),(416,10231,13915,99999999.00),(417,10231,13916,161414.00),(418,10231,13917,352704.00),(419,10231,13918,535238.00),(420,10231,13919,212762.00),(421,10231,13920,287100.00),(422,10231,13921,789030.00),(423,10231,13922,65824.00),(424,10231,13923,236412.00),(425,10231,13924,752268.00),(426,10231,13925,509894.00),(427,10231,13926,587004.00),(428,10231,13927,99999999.00),(429,10231,13928,92796.00),(430,10231,13929,529298.00),(431,10231,13930,355124.00),(432,10231,13931,128986.00),(433,10231,13932,99999999.00),(434,10231,13933,325776.00),(435,10231,13934,99999999.00),(436,10231,13935,89474.00),(437,10231,13936,175648.00),(438,10231,13937,88902.00),(439,10231,13938,395802.00),(440,10231,13939,129536.00),(441,10231,13940,311872.00),(442,10231,13941,582648.00),(443,10231,13942,99999999.00),(444,10231,13943,99999999.00),(445,10231,13944,495418.00),(446,10231,13945,519706.00),(447,10231,13946,461340.00),(448,10231,13947,328020.00),(449,10231,13948,125422.00),(450,10231,13949,224466.00),(451,10231,13950,357918.00),(452,10231,13951,99999999.00),(453,10231,13952,393976.00),(454,10231,13953,110550.00),(455,10231,13954,163064.00),(456,10231,13955,111540.00),(457,10231,13956,308814.00),(458,10231,13957,112024.00),(459,10231,13958,543246.00),(460,10231,13959,444444.00),(461,10231,13960,281556.00),(462,10231,13961,329010.00),(463,10231,13962,206646.00),(464,10231,13963,35530.00),(465,10231,13964,99999999.00),(466,10231,13965,227502.00),(467,10231,13966,99999999.00),(468,10231,13967,220066.00),(469,10231,13968,350482.00),(470,10231,13969,206734.00),(471,10231,13970,352484.00),(472,10231,13971,66682.00),(473,10231,13972,515130.00),(474,10231,13973,258324.00),(475,10231,13974,451330.00),(476,10231,13975,333872.00),(477,10231,13976,397012.00),(478,10231,13977,161744.00),(479,10231,13978,257840.00),(480,10231,13979,260304.00),(481,10231,13980,329648.00),(482,10231,13981,482372.00),(483,10231,13982,199782.00),(484,10231,13983,107800.00),(485,10231,13984,218922.00),(486,10231,13985,422774.00),(487,10231,13986,359260.00),(488,10231,13987,467368.00),(489,10231,13988,110352.00),(490,10231,13989,618398.00),(491,10231,13990,628254.00),(492,10231,13991,663432.00),(493,10231,13992,436612.00),(494,10231,13993,492162.00),(495,10231,13994,99999999.00),(496,10231,13995,297000.00),(497,10231,13996,472428.00),(498,10231,13997,172436.00),(499,10231,13998,539088.00),(500,10231,13999,393228.00),(501,10231,14000,130680.00),(502,10231,14001,366564.00),(503,10231,14002,429858.00),(504,10231,14003,99999999.00),(505,10231,14004,443036.00),(506,10231,14005,469722.00),(507,10231,14006,389642.00),(508,10231,14007,220418.00),(509,10231,14008,257752.00),(510,10231,14009,99999999.00),(511,10231,14010,262636.00),(512,10202,14011,266816.00),(513,10202,14012,87208.00),(514,10202,14013,28600.00),(515,10202,14014,403436.00),(516,10202,14015,269478.00),(517,10202,14016,457204.00),(518,10202,14017,99999999.00),(519,10202,14018,174900.00),(520,10202,14019,288200.00),(521,10202,14020,464354.00),(522,10202,14021,327008.00),(523,10202,14022,142362.00),(524,10202,14023,173492.00),(525,10202,14024,585332.00),(526,10202,14025,537768.00),(527,10202,14026,75306.00),(528,10202,14027,326238.00),(529,10202,14028,99999999.00),(530,10202,14029,671836.00),(531,10202,14030,367972.00),(532,10202,14031,99999999.00),(533,10202,14032,571098.00),(534,10202,14033,329472.00),(535,10202,14034,233090.00),(536,10202,14035,223432.00),(537,10202,14036,139018.00),(538,10202,14037,99999999.00),(539,10202,14038,99999999.00),(540,10202,14039,443520.00),(541,10202,14040,167024.00),(542,10202,14041,99999999.00),(543,10202,14042,520124.00),(544,10202,14043,608234.00),(545,10202,14044,99999999.00),(546,10202,14045,418550.00),(547,10202,14046,173910.00),(548,10202,14047,486794.00),(549,10202,14048,225214.00),(550,10202,14049,764082.00),(551,10202,14050,236786.00),(552,10202,14051,25850.00),(553,10202,14052,175472.00),(554,10202,14053,435072.00),(555,10202,14054,326722.00),(556,10202,14055,779086.00),(557,10202,14056,313764.00),(558,10202,14057,336006.00),(559,10202,14058,53834.00),(560,10202,14059,99999999.00),(561,10202,14060,142164.00),(562,10202,14061,269896.00),(563,10202,14062,99999999.00),(564,10202,14063,788414.00),(565,10202,14064,535656.00),(566,10202,14065,99999999.00),(567,10202,14066,392260.00),(568,10202,14067,54692.00),(569,10202,14068,661914.00),(570,10202,14069,655776.00),(571,10202,14070,99999999.00),(572,10202,14071,136752.00),(573,10202,14072,220044.00),(574,10202,14073,756602.00),(575,10202,14074,644754.00),(576,10202,14075,243716.00),(577,10202,14076,628188.00),(578,10202,14077,78782.00),(579,10202,14078,218922.00),(580,10202,14079,317592.00),(581,10202,14080,377740.00),(582,10202,14081,328064.00),(583,10202,14082,534028.00),(584,10202,14083,782716.00),(585,10202,14084,77814.00),(586,10202,14085,262570.00),(587,10202,14086,99999999.00),(588,10202,14087,218724.00),(589,10202,14088,108328.00),(590,10202,14089,176352.00),(591,10202,14090,137236.00),(592,10202,14091,430496.00),(593,10202,14092,763158.00),(594,10202,14093,462550.00),(595,10202,14094,258984.00),(596,10202,14095,298276.00),(597,10202,14096,99999999.00),(598,10202,14097,114290.00),(599,10202,14098,175890.00),(600,10202,14099,218240.00),(601,10202,14100,150480.00),(602,10202,14101,64438.00),(603,10202,14102,99999999.00),(604,10202,14103,218504.00),(605,10202,14104,99999999.00),(606,10202,14105,42922.00),(607,10202,14106,99999999.00),(608,10202,14107,262570.00),(609,10202,14108,99999999.00),(610,10202,14109,378070.00),(611,10202,14110,99999999.00),(612,10202,14111,753368.00),(613,10202,14112,237644.00),(614,10202,14113,333102.00),(615,10202,14114,674718.00),(616,10202,14115,223300.00),(617,10202,14116,429990.00),(618,10202,14117,101266.00),(619,10202,14118,99999999.00),(620,10202,14119,99999999.00),(621,10202,14120,260700.00),(622,10202,14121,123618.00),(623,10202,14122,779790.00),(624,10202,14123,196460.00),(625,10202,14124,390104.00),(626,10202,14125,77000.00),(627,10202,14126,123552.00),(628,10202,14127,182292.00),(629,10202,14128,99999999.00),(630,10202,14129,441672.00),(631,10202,14130,268488.00),(632,10202,14131,386254.00),(633,10202,14132,219692.00),(634,10202,14133,247720.00),(635,10202,14134,130988.00),(636,10202,14135,104632.00),(637,10202,14136,252296.00),(638,10202,14137,99999999.00),(639,10202,14138,601150.00),(640,10202,14139,468864.00),(641,10202,14140,437756.00),(642,10202,14141,112354.00),(643,10202,14142,269632.00),(644,10202,14143,208318.00),(645,10202,14144,458458.00),(646,10202,14145,269632.00),(647,10202,14146,256234.00),(648,10202,14147,222640.00),(649,10202,14148,449196.00),(650,10202,14149,89782.00),(651,10202,14150,150238.00),(652,10202,14151,472714.00),(653,10202,14152,99999999.00),(654,10202,14153,425788.00),(655,10202,14154,219208.00),(656,10202,14155,450428.00),(657,10202,14156,307230.00),(658,10202,14157,284482.00),(659,10202,14158,22440.00),(660,10202,14159,561330.00),(661,10202,14160,116314.00),(662,10202,14161,225434.00),(663,10202,14162,168300.00),(664,10202,14163,408628.00),(665,10202,14164,127952.00),(666,10202,14165,220946.00),(667,10202,14166,215424.00),(668,10202,14167,757526.00),(669,10202,14168,98582.00),(670,10202,14169,776402.00),(671,10202,14170,443388.00),(672,10202,14171,245982.00),(673,10202,14172,263054.00),(674,10202,14173,358578.00),(675,10202,14174,99999999.00),(676,10202,14175,141680.00),(677,10202,14176,528880.00),(678,10202,14177,547316.00),(679,10042,14178,179498.00),(680,10042,14179,604054.00),(681,10042,14180,99999999.00),(682,10042,14181,155496.00),(683,10042,14182,313126.00),(684,10042,14183,122716.00),(685,10042,14184,360404.00),(686,10042,14185,99999999.00),(687,10042,14186,429528.00),(688,10042,14187,220352.00),(689,10042,14188,246026.00),(690,10042,14189,502502.00),(691,10042,14190,99999999.00),(692,10042,14191,307604.00),(693,10042,14192,257686.00),(694,10042,14193,453662.00),(695,10042,14194,439318.00),(696,10042,14195,153494.00),(697,10042,14196,93852.00),(698,10042,14197,108152.00),(699,10042,14198,201476.00),(700,10042,14199,36586.00),(701,10042,14200,703582.00),(702,10042,14201,99999999.00),(703,10042,14202,267608.00),(704,10042,14203,99999999.00),(705,10042,14204,129536.00),(706,10042,14205,99999999.00),(707,10042,14206,197538.00),(708,10042,14207,178948.00),(709,10042,14208,89012.00),(710,10042,14209,222090.00),(711,10042,14210,99999999.00),(712,10042,14211,195932.00),(713,10042,14212,328218.00),(714,10042,14213,268048.00),(715,10042,14214,330110.00),(716,10042,14215,542520.00),(717,10042,14216,764390.00),(718,10042,14217,332706.00),(719,10042,14218,449768.00),(720,10042,14219,214434.00),(721,10042,14220,377388.00),(722,10042,14221,115038.00),(723,10042,14222,99999999.00),(724,10042,14223,347358.00),(725,10042,14224,141526.00),(726,10042,14225,99999999.00),(727,10042,14226,354882.00),(728,10042,14227,447480.00),(729,10042,14228,99999999.00),(730,10042,14229,525514.00),(731,10042,14230,99999999.00),(732,10042,14231,454894.00),(733,10042,14232,215160.00),(734,10042,14233,49126.00),(735,10042,14234,186032.00),(736,10042,14235,99999999.00),(737,10042,14236,676434.00),(738,10042,14237,246290.00),(739,10042,14238,110924.00),(740,10042,14239,133562.00),(741,10042,14240,224268.00),(742,10042,14241,99999999.00),(743,10042,14242,326810.00),(744,10042,14243,242506.00),(745,10042,14244,260480.00),(746,10042,14245,99999999.00),(747,10042,14246,109428.00),(748,10042,14247,704726.00),(749,10042,14248,22110.00),(750,10042,14249,202026.00),(751,10042,14250,87736.00),(752,10042,14251,160754.00),(753,10042,14252,345070.00),(754,10042,14253,131318.00),(755,10042,14254,99999999.00),(756,10042,14255,66836.00),(757,10042,14256,243870.00),(758,10042,14257,299948.00),(759,10042,14258,134178.00),(760,10042,14259,353078.00),(761,10042,14260,52382.00),(762,10042,14261,245938.00),(763,10042,14262,22286.00),(764,10042,14263,261888.00),(765,10042,14264,392634.00),(766,10042,14265,55594.00),(767,10042,14266,388366.00),(768,10042,14267,390060.00),(769,10042,14268,245256.00),(770,10042,14269,324126.00),(771,10042,14270,174350.00),(772,10042,14271,761838.00),(773,10042,14272,324720.00),(774,10042,14273,498696.00),(775,10042,14274,734646.00),(776,10042,14275,392436.00),(777,10042,14276,264946.00),(778,10042,14277,382316.00),(779,10042,14278,407946.00),(780,10042,14279,214720.00),(781,10042,14280,161282.00),(782,10042,14281,41118.00),(783,10042,14282,281600.00),(784,10042,14283,69586.00),(785,10042,14284,456038.00),(786,10042,14285,99999999.00),(787,10042,14286,169004.00),(788,10042,14287,134508.00),(789,10042,14288,610742.00),(790,10042,14289,90156.00),(791,10042,14290,755766.00),(792,10042,14291,445852.00),(793,10042,14292,130768.00),(794,10042,14293,358512.00),(795,10042,14294,495220.00),(796,10042,14295,169818.00),(797,10042,14296,268730.00),(798,10042,14297,321838.00),(799,10042,14298,398090.00),(800,10042,14299,99999999.00),(801,10042,14300,783706.00),(802,10042,14301,189354.00),(803,10042,14302,717948.00),(804,10042,14303,431376.00),(805,10042,14304,163064.00),(806,10042,14305,561946.00),(807,10042,14306,218460.00),(808,10042,14307,181456.00),(809,10042,14308,266816.00),(810,10042,14309,785642.00),(811,10042,14310,92708.00),(812,10042,14311,99999999.00),(813,10042,14312,446710.00),(814,10121,14313,223564.00),(815,10121,14314,44132.00),(816,10121,14315,108878.00),(817,10121,14316,99999999.00),(818,10121,14317,154704.00),(819,10121,14318,333410.00),(820,10121,14319,216810.00),(821,10121,14320,515482.00),(822,10121,14321,99999999.00),(823,10121,14322,237534.00),(824,10121,14323,577808.00),(825,10121,14324,646932.00),(826,10121,14325,260128.00),(827,10121,14326,112530.00),(828,10121,14327,180532.00),(829,10121,14328,396154.00),(830,10121,14329,235312.00),(831,10121,14330,530068.00),(832,10121,14331,128942.00),(833,10121,14332,195932.00),(834,10121,14333,461736.00),(835,10121,14334,333300.00),(836,10121,14335,107954.00),(837,10121,14336,191576.00),(838,10121,14337,561836.00),(839,10121,14338,267586.00),(840,10121,14339,99999999.00),(841,10121,14340,99999999.00),(842,10121,14341,109758.00),(843,10121,14342,275550.00),(844,10121,14343,366784.00),(845,10121,14344,402094.00),(846,10121,14345,216128.00),(847,10121,14346,393932.00),(848,10121,14347,164912.00),(849,10121,14348,475002.00),(850,10121,14349,195272.00),(851,10121,14350,174548.00),(852,10121,14351,433224.00),(853,10121,14352,526900.00),(854,10121,14353,99999999.00),(855,10121,14354,259226.00),(856,10121,14355,99999999.00),(857,10121,14356,93368.00),(858,10121,14357,304216.00),(859,10121,14358,196504.00),(860,10121,14359,99999999.00),(861,10121,14360,438944.00),(862,10121,14361,99999999.00),(863,10121,14362,32186.00),(864,10121,14363,355454.00),(865,10121,14364,335742.00),(866,10121,14365,99999999.00),(867,10121,14366,379984.00),(868,10121,14367,239910.00),(869,10121,14368,495330.00),(870,10121,14369,99999999.00),(871,10121,14370,115676.00),(872,10121,14371,137324.00),(873,10121,14372,675906.00),(874,10121,14373,99999999.00),(875,10121,14374,787864.00),(876,10121,14375,99999999.00),(877,10121,14376,412764.00),(878,10121,14377,527692.00),(879,10121,14378,129404.00),(880,10121,14379,109186.00),(881,10121,14380,79376.00),(882,10121,14381,99999999.00),(883,10121,14382,395406.00),(884,10121,14383,259358.00),(885,10121,14384,55880.00),(886,10121,14385,267014.00),(887,10121,14386,99999999.00),(888,10121,14387,390962.00),(889,10121,14388,375804.00),(890,10121,14389,626538.00),(891,10121,14390,238084.00),(892,10121,14391,99999999.00),(893,10121,14392,237314.00),(894,10121,14393,535502.00),(895,10121,14394,664224.00),(896,10121,14395,99999999.00),(897,10121,14396,215556.00),(898,10121,14397,330902.00),(899,10121,14398,442772.00),(900,10121,14399,72116.00),(901,10121,14400,424644.00),(902,10121,14401,99999999.00),(903,10121,14402,430980.00),(904,10121,14403,217206.00),(905,10121,14404,269016.00),(906,10121,14405,315788.00),(907,10121,14406,362758.00),(908,10121,14407,617606.00),(909,10121,14408,99999999.00),(910,10121,14409,431068.00),(911,10121,14410,194854.00),(912,10121,14411,337832.00),(913,10121,14412,267124.00),(914,10121,14413,315106.00),(915,10121,14414,780868.00),(916,10121,14415,270468.00),(917,10121,14416,44088.00),(918,10121,14417,154638.00),(919,10124,14418,105666.00),(920,10124,14419,458810.00),(921,10124,14420,433224.00),(922,10124,14421,760452.00),(923,10124,14422,765996.00),(924,10124,14423,183084.00),(925,10124,14424,146520.00),(926,10124,14425,217382.00),(927,10124,14426,99999999.00),(928,10124,14427,261206.00),(929,10124,14428,270468.00),(930,10124,14429,642730.00),(931,10124,14430,99999999.00),(932,10124,14431,666138.00),(933,10124,14432,250998.00),(934,10124,14433,95216.00),(935,10124,14434,152482.00),(936,10124,14435,308902.00),(937,10124,14436,345840.00),(938,10124,14437,214566.00),(939,10124,14438,245850.00),(940,10124,14439,220484.00),(941,10124,14440,106238.00),(942,10124,14441,442024.00),(943,10124,14442,325886.00),(944,10124,14443,65032.00),(945,10124,14444,327624.00),(946,10124,14445,372372.00),(947,10124,14446,241450.00),(948,10124,14447,326502.00),(949,10124,14448,99999999.00),(950,10124,14449,137654.00),(951,10124,14450,396638.00),(952,10124,14451,553542.00),(953,10124,14452,329516.00),(954,10124,14453,99999999.00),(955,10124,14454,112618.00),(956,10124,14455,124366.00),(957,10124,14456,109560.00),(958,10124,14457,135168.00),(959,10124,14458,347556.00),(960,10124,14459,248116.00),(961,10124,14460,321816.00),(962,10124,14461,134244.00),(963,10124,14462,174196.00),(964,10124,14463,429396.00),(965,10124,14464,651156.00),(966,10124,14465,99999999.00),(967,10124,14466,321882.00),(968,10124,14467,434984.00),(969,10124,14468,778558.00),(970,10124,14469,607376.00),(971,10124,14470,441078.00),(972,10124,14471,765006.00),(973,10124,14472,225522.00),(974,10124,14473,99999999.00),(975,10124,14474,338162.00),(976,10124,14475,99999999.00),(977,10124,14476,691482.00),(978,10124,14477,539308.00),(979,10124,14478,217228.00),(980,10124,14479,358930.00),(981,10124,14480,260348.00),(982,10124,14481,569624.00),(983,10124,14482,353342.00),(984,10124,14483,669702.00),(985,10124,14484,218658.00),(986,10124,14485,332904.00),(987,10124,14486,767228.00),(988,10124,14487,99999999.00),(989,10124,14488,108064.00),(990,10124,14489,82918.00),(991,10124,14490,331870.00),(992,10124,14491,99999999.00),(993,10124,14492,99999999.00),(994,10124,14493,473044.00),(995,10124,14494,219956.00),(996,10124,14495,99999999.00),(997,10124,14496,765314.00),(998,10124,14497,346940.00),(999,10124,14498,260612.00),(1000,10124,14499,552486.00),(1001,10124,14500,49148.00),(1002,10124,14501,324368.00),(1003,10124,14502,441320.00),(1004,10124,14503,99999999.00),(1005,10124,14504,257598.00),(1006,10124,14505,136224.00),(1007,10124,14506,319022.00),(1008,10124,14507,304634.00),(1009,10124,14508,44792.00),(1010,10124,14509,99999999.00),(1011,10124,14510,465190.00),(1012,10124,14511,99999999.00),(1013,10124,14512,99999999.00),(1014,10124,14513,430430.00),(1015,10124,14514,411532.00),(1016,10124,14515,99999999.00),(1017,10124,14516,682726.00),(1018,10124,14517,403216.00),(1019,10124,14518,42922.00),(1020,10124,14519,734976.00),(1021,10124,14520,295812.00),(1022,10124,14521,247104.00),(1023,10124,14522,92224.00),(1024,10124,14523,99999999.00),(1025,10124,14524,99999999.00),(1026,10124,14525,218020.00),(1027,10124,14526,272206.00),(1028,10124,14527,174988.00),(1029,10124,14528,453640.00),(1030,10124,14529,221210.00),(1031,10124,14530,405790.00),(1032,10124,14531,175164.00),(1033,10124,14532,567556.00),(1034,10124,14533,645634.00),(1035,10124,14534,99999999.00),(1036,10124,14535,137940.00),(1037,10124,14536,264352.00),(1038,10124,14537,484484.00),(1039,10124,14538,99999999.00),(1040,10124,14539,99999999.00),(1041,10124,14540,658944.00),(1042,10124,14541,198330.00),(1043,10124,14542,337700.00),(1044,10124,14543,494010.00),(1045,10124,14544,86812.00),(1046,10124,14545,430056.00),(1047,10124,14546,165968.00),(1048,10124,14547,668712.00),(1049,10124,14548,758450.00),(1050,10124,14549,517660.00),(1051,10124,14550,260128.00),(1052,10124,14551,129646.00),(1053,10124,14552,173096.00),(1054,10124,14553,291368.00),(1055,10124,14554,214544.00),(1056,10124,14555,177408.00),(1057,10124,14556,103202.00),(1058,10124,14557,334928.00),(1059,10124,14558,544896.00),(1060,10124,14559,468930.00),(1061,10048,13687,4867.00);
/*!40000 ALTER TABLE `loan` ENABLE KEYS */;
UNLOCK TABLES;

--
-- Table structure for table `r_transaction`
--

DROP TABLE IF EXISTS `r_transaction`;
/*!40101 SET @saved_cs_client     = @@character_set_client */;
/*!50503 SET character_set_client = utf8mb4 */;
CREATE TABLE `r_transaction` (
  `Transaction_ID` int NOT NULL,
  `R_Type` enum('Deposit','Withdrawal','Transfer') DEFAULT NULL,
  `Amount` decimal(15,2) DEFAULT NULL,
  `Currency` enum('USD','TL') DEFAULT NULL,
  PRIMARY KEY (`Transaction_ID`),
  CONSTRAINT `r_transaction_ibfk_1` FOREIGN KEY (`Transaction_ID`) REFERENCES `transactions` (`Transaction_ID`) ON UPDATE CASCADE
) ENGINE=InnoDB DEFAULT CHARSET=utf8mb4 COLLATE=utf8mb4_0900_ai_ci;
/*!40101 SET character_set_client = @saved_cs_client */;

--
-- Dumping data for table `r_transaction`
--

LOCK TABLES `r_transaction` WRITE;
/*!40000 ALTER TABLE `r_transaction` DISABLE KEYS */;
INSERT INTO `r_transaction` VALUES (337,'Deposit',384746.25,'TL'),(338,'Deposit',708353.25,'TL'),(339,'Deposit',291479.25,'TL'),(340,'Deposit',713584.50,'TL'),(341,'Deposit',304781.25,'TL'),(342,'Deposit',183979.50,'TL'),(343,'Deposit',120130.50,'TL'),(344,'Deposit',270429.75,'TL'),(345,'Deposit',611901.75,'TL'),(346,'Deposit',499364.25,'TL'),(347,'Deposit',506032.50,'TL'),(348,'Deposit',362154.00,'TL'),(349,'Deposit',395202.00,'TL'),(350,'Deposit',261182.25,'TL'),(351,'Deposit',395629.50,'TL'),(352,'Deposit',27298.50,'TL'),(353,'Deposit',237526.50,'TL'),(354,'Deposit',663375.00,'TL'),(355,'Deposit',57195.75,'TL'),(356,'Deposit',399005.25,'TL'),(357,'Deposit',68688.00,'TL'),(358,'Deposit',34224.75,'TL'),(359,'Deposit',615016.50,'TL'),(360,'Deposit',749216.25,'TL'),(361,'Deposit',26420.25,'TL'),(362,'Deposit',714204.75,'TL'),(363,'Deposit',91377.00,'TL'),(364,'Deposit',597460.50,'TL'),(365,'Deposit',210412.50,'TL'),(366,'Deposit',21242.25,'TL'),(367,'Deposit',165832.50,'TL'),(368,'Deposit',358536.00,'TL'),(369,'Deposit',579800.25,'TL'),(370,'Deposit',509021.25,'TL'),(371,'Deposit',628547.25,'TL'),(372,'Deposit',448446.00,'TL'),(373,'Deposit',601636.50,'TL'),(374,'Deposit',102603.75,'TL'),(375,'Deposit',139028.25,'TL'),(376,'Deposit',517713.75,'TL'),(377,'Deposit',107254.50,'TL'),(378,'Deposit',254001.75,'TL'),(379,'Deposit',653288.25,'TL'),(380,'Deposit',285631.50,'TL'),(381,'Deposit',654972.00,'TL'),(382,'Deposit',748368.75,'TL'),(383,'Deposit',1352.25,'TL'),(384,'Deposit',558152.25,'TL'),(385,'Deposit',531324.75,'TL'),(386,'Deposit',209202.75,'TL'),(387,'Deposit',583132.50,'TL'),(388,'Deposit',425925.75,'TL'),(389,'Deposit',98970.75,'TL'),(390,'Deposit',448365.75,'TL'),(391,'Deposit',3936.00,'TL'),(392,'Deposit',107506.50,'TL'),(393,'Deposit',517479.75,'TL'),(394,'Deposit',83834.25,'TL'),(395,'Deposit',191363.25,'TL'),(396,'Deposit',425934.75,'TL'),(397,'Deposit',423564.75,'TL'),(398,'Deposit',304851.00,'TL'),(399,'Deposit',622968.00,'TL'),(400,'Deposit',234802.50,'TL'),(401,'Deposit',709775.25,'TL'),(402,'Deposit',550672.50,'TL'),(403,'Deposit',248913.75,'TL'),(404,'Deposit',742446.00,'TL'),(405,'Deposit',585372.00,'TL'),(406,'Deposit',685215.00,'TL'),(407,'Deposit',265857.00,'TL'),(408,'Deposit',620196.75,'TL'),(409,'Deposit',139945.50,'TL'),(410,'Deposit',495798.00,'TL'),(411,'Deposit',587516.25,'TL'),(412,'Deposit',272544.75,'TL'),(413,'Deposit',159408.75,'TL'),(414,'Deposit',519688.50,'TL'),(415,'Deposit',163775.25,'TL'),(416,'Deposit',193711.50,'TL'),(417,'Deposit',465231.00,'TL'),(418,'Deposit',307387.50,'TL'),(419,'Deposit',223745.25,'TL'),(420,'Deposit',686436.00,'TL'),(421,'Deposit',61210.50,'TL'),(422,'Deposit',266517.75,'TL'),(423,'Deposit',58995.00,'TL'),(424,'Deposit',624794.25,'TL'),(425,'Deposit',377685.00,'TL'),(426,'Deposit',694758.00,'TL'),(427,'Deposit',121111.50,'TL'),(428,'Deposit',153563.25,'TL'),(429,'Deposit',150903.75,'TL'),(430,'Deposit',4563.75,'TL'),(431,'Deposit',732898.50,'TL'),(432,'Deposit',232014.75,'TL'),(433,'Deposit',215255.25,'TL'),(434,'Deposit',216389.25,'TL'),(435,'Deposit',354850.50,'TL'),(436,'Deposit',500104.50,'TL'),(437,'Deposit',718237.50,'TL'),(438,'Deposit',50787.75,'TL'),(439,'Deposit',358079.25,'TL'),(440,'Deposit',569760.75,'TL'),(441,'Deposit',242406.75,'TL'),(442,'Deposit',133114.50,'TL'),(443,'Deposit',131550.00,'TL'),(444,'Deposit',273442.50,'TL'),(445,'Deposit',35112.00,'TL'),(446,'Deposit',437588.25,'TL'),(447,'Deposit',345414.00,'TL'),(448,'Deposit',136248.00,'TL'),(449,'Deposit',255552.00,'TL'),(450,'Deposit',640212.75,'TL'),(451,'Deposit',303273.75,'TL'),(452,'Deposit',376682.25,'TL'),(453,'Deposit',599612.25,'TL'),(454,'Deposit',272442.00,'TL'),(455,'Deposit',544520.25,'TL'),(456,'Deposit',84695.25,'TL'),(457,'Deposit',106076.25,'TL'),(458,'Deposit',469597.50,'TL'),(459,'Deposit',703321.50,'TL'),(460,'Deposit',373806.75,'TL'),(461,'Deposit',133083.00,'TL'),(462,'Deposit',439820.25,'TL'),(463,'Deposit',593486.25,'TL'),(464,'Deposit',506987.25,'TL'),(465,'Deposit',171216.00,'TL'),(466,'Deposit',40817.25,'TL'),(467,'Deposit',568281.75,'TL'),(468,'Deposit',503566.50,'TL'),(469,'Deposit',579264.00,'TL'),(470,'Deposit',542829.75,'TL'),(471,'Deposit',401277.00,'TL'),(472,'Deposit',546674.25,'TL'),(473,'Deposit',240579.00,'TL'),(474,'Deposit',277085.25,'TL'),(475,'Deposit',748517.25,'TL'),(476,'Deposit',627667.50,'TL'),(477,'Deposit',292003.50,'TL'),(478,'Deposit',669554.25,'TL'),(479,'Deposit',433715.25,'TL'),(480,'Deposit',35633.25,'TL'),(481,'Deposit',723565.50,'TL'),(482,'Deposit',640038.00,'TL'),(483,'Deposit',596736.75,'TL'),(484,'Deposit',276366.00,'TL'),(485,'Deposit',35589.00,'TL'),(486,'Deposit',6537.75,'TL'),(487,'Deposit',411431.25,'TL'),(488,'Deposit',536235.75,'TL'),(489,'Deposit',520473.75,'TL'),(490,'Deposit',124443.75,'TL'),(491,'Deposit',611802.75,'TL'),(492,'Deposit',392041.50,'TL'),(493,'Deposit',359193.00,'TL'),(494,'Deposit',259390.50,'TL'),(495,'Deposit',465688.50,'TL'),(496,'Deposit',108348.75,'TL'),(497,'Deposit',337560.00,'TL'),(498,'Deposit',641565.00,'TL'),(499,'Deposit',352418.25,'TL'),(500,'Deposit',58839.75,'TL'),(501,'Deposit',344487.75,'TL'),(502,'Deposit',277964.25,'TL'),(503,'Deposit',735473.25,'TL'),(504,'Deposit',308015.25,'TL'),(505,'Deposit',163826.25,'TL'),(506,'Deposit',407391.00,'TL'),(507,'Deposit',72849.00,'TL'),(508,'Deposit',443968.50,'TL'),(509,'Deposit',412927.50,'TL'),(510,'Deposit',721068.00,'TL'),(511,'Deposit',76753.50,'TL'),(512,'Deposit',612141.00,'TL'),(513,'Deposit',64808.25,'TL'),(514,'Deposit',389443.50,'TL'),(515,'Deposit',470317.50,'TL'),(516,'Deposit',613737.75,'TL'),(517,'Deposit',66733.50,'TL'),(518,'Deposit',283173.00,'TL'),(519,'Deposit',742304.25,'TL'),(520,'Deposit',651028.50,'TL'),(521,'Deposit',136137.00,'TL'),(522,'Deposit',553382.25,'TL'),(523,'Deposit',371232.00,'TL'),(524,'Deposit',74921.25,'TL'),(525,'Deposit',375105.75,'TL'),(526,'Deposit',443082.75,'TL'),(527,'Deposit',577995.00,'TL'),(528,'Deposit',68094.00,'TL'),(529,'Deposit',147155.25,'TL'),(530,'Deposit',338097.75,'TL'),(531,'Deposit',620885.25,'TL'),(532,'Deposit',579537.00,'TL'),(533,'Deposit',204678.75,'TL'),(534,'Deposit',632014.50,'TL'),(535,'Deposit',218943.00,'TL'),(536,'Deposit',263602.50,'TL'),(537,'Deposit',342345.75,'TL'),(538,'Deposit',725525.25,'TL'),(539,'Deposit',128783.25,'TL'),(540,'Deposit',668619.75,'TL'),(541,'Deposit',130749.00,'TL'),(542,'Deposit',406067.25,'TL'),(543,'Deposit',456424.50,'TL'),(544,'Deposit',466751.25,'TL'),(545,'Deposit',555863.25,'TL'),(546,'Deposit',208878.00,'TL'),(547,'Deposit',209242.50,'TL'),(548,'Deposit',618081.75,'TL'),(549,'Deposit',403297.50,'TL'),(550,'Deposit',645522.75,'TL'),(551,'Deposit',383946.00,'TL'),(552,'Deposit',267954.00,'TL'),(553,'Deposit',231928.50,'TL'),(554,'Deposit',400511.25,'TL'),(555,'Deposit',544410.00,'TL'),(556,'Deposit',387242.25,'TL'),(557,'Deposit',529330.50,'TL'),(558,'Deposit',490953.00,'TL'),(559,'Deposit',368378.25,'TL'),(560,'Deposit',680640.00,'TL'),(561,'Deposit',631371.00,'TL'),(562,'Deposit',458133.75,'TL'),(563,'Deposit',284354.25,'TL'),(564,'Deposit',358114.50,'TL'),(565,'Deposit',720561.75,'TL'),(566,'Deposit',413587.50,'TL'),(567,'Deposit',579539.25,'TL'),(568,'Deposit',489420.75,'TL'),(569,'Deposit',192079.50,'TL'),(570,'Deposit',195572.25,'TL'),(571,'Deposit',736371.75,'TL'),(572,'Deposit',591033.00,'TL'),(573,'Deposit',392955.00,'TL'),(574,'Deposit',254902.50,'TL'),(575,'Deposit',249135.00,'TL'),(576,'Deposit',578953.50,'TL'),(577,'Deposit',448647.00,'TL'),(578,'Deposit',431805.00,'TL'),(579,'Deposit',283161.75,'TL'),(580,'Deposit',509711.25,'TL'),(581,'Deposit',342160.50,'TL'),(582,'Deposit',7897.50,'TL'),(583,'Deposit',17458.50,'TL'),(584,'Deposit',625335.75,'TL'),(585,'Deposit',353975.25,'TL'),(586,'Deposit',569466.00,'TL'),(587,'Deposit',107017.50,'TL'),(588,'Deposit',366311.25,'TL'),(589,'Deposit',406358.25,'TL'),(590,'Deposit',50013.75,'TL'),(591,'Deposit',163731.75,'TL'),(592,'Deposit',469374.00,'TL'),(593,'Deposit',533118.00,'TL'),(594,'Deposit',331542.75,'TL'),(595,'Deposit',484675.50,'TL'),(596,'Deposit',24613.50,'TL'),(597,'Deposit',365542.50,'TL'),(598,'Deposit',725159.25,'TL'),(599,'Deposit',453505.50,'TL'),(600,'Deposit',678552.75,'TL'),(601,'Deposit',187128.75,'TL'),(602,'Deposit',22474.50,'TL'),(603,'Deposit',604986.00,'TL'),(604,'Deposit',536874.75,'TL'),(605,'Deposit',13755.00,'TL'),(606,'Deposit',609800.25,'TL'),(607,'Deposit',24001.50,'TL'),(608,'Deposit',742047.75,'TL'),(609,'Deposit',302196.00,'TL'),(610,'Deposit',617349.75,'TL'),(611,'Deposit',49031.25,'TL'),(612,'Deposit',677456.25,'TL'),(613,'Deposit',528309.00,'TL'),(614,'Deposit',485583.75,'TL'),(615,'Deposit',415808.25,'TL'),(616,'Deposit',280619.25,'TL'),(617,'Deposit',6829.50,'TL'),(618,'Deposit',670437.75,'TL'),(619,'Deposit',259866.75,'TL'),(620,'Deposit',283807.50,'TL'),(621,'Deposit',447514.50,'TL'),(622,'Deposit',728442.75,'TL'),(623,'Deposit',46815.75,'TL'),(624,'Deposit',590709.00,'TL'),(625,'Deposit',107380.50,'TL'),(626,'Deposit',721742.25,'TL'),(627,'Deposit',16506.00,'TL'),(628,'Deposit',692898.75,'TL'),(629,'Deposit',5931.75,'TL'),(630,'Deposit',261656.25,'TL'),(631,'Deposit',111798.00,'TL'),(632,'Deposit',279600.00,'TL'),(633,'Deposit',269664.00,'TL'),(634,'Deposit',567802.50,'TL'),(635,'Deposit',114321.75,'TL'),(636,'Deposit',248679.75,'TL'),(637,'Deposit',13677.75,'TL'),(638,'Deposit',157817.25,'TL'),(639,'Deposit',78539.25,'TL'),(640,'Deposit',685948.50,'TL'),(641,'Deposit',501954.00,'TL'),(642,'Deposit',450444.00,'TL'),(643,'Deposit',391493.25,'TL'),(644,'Deposit',293652.75,'TL'),(645,'Deposit',403810.50,'TL'),(646,'Deposit',162171.75,'TL'),(647,'Deposit',138894.75,'TL'),(648,'Deposit',217547.25,'TL'),(649,'Deposit',532132.50,'TL'),(650,'Deposit',154698.00,'TL'),(651,'Deposit',178664.25,'TL'),(652,'Deposit',495150.75,'TL'),(653,'Deposit',9306.75,'TL'),(654,'Deposit',597292.50,'TL'),(655,'Deposit',410697.75,'TL'),(656,'Deposit',425636.25,'TL'),(657,'Deposit',609258.75,'TL'),(658,'Deposit',694592.25,'TL'),(659,'Deposit',686442.75,'TL'),(660,'Deposit',44403.00,'TL'),(661,'Deposit',68669.25,'TL'),(662,'Deposit',546543.75,'TL'),(663,'Deposit',373902.00,'TL'),(664,'Deposit',322617.75,'TL'),(665,'Deposit',697338.75,'TL'),(666,'Deposit',703032.75,'TL'),(667,'Deposit',532906.50,'TL'),(668,'Deposit',453968.25,'TL'),(669,'Deposit',646673.25,'TL'),(670,'Deposit',651303.00,'TL'),(671,'Deposit',711855.75,'TL'),(672,'Deposit',637487.25,'TL'),(673,'Deposit',466560.75,'TL'),(674,'Deposit',79476.00,'TL'),(675,'Deposit',550756.50,'TL'),(676,'Deposit',616635.75,'TL'),(677,'Deposit',344285.25,'TL'),(678,'Deposit',294393.00,'TL'),(679,'Deposit',166118.25,'TL'),(680,'Deposit',140841.00,'TL'),(681,'Deposit',424776.75,'TL'),(682,'Deposit',386617.50,'TL'),(683,'Deposit',451260.75,'TL'),(684,'Deposit',476364.75,'TL'),(685,'Deposit',109277.25,'TL'),(686,'Deposit',129697.50,'TL'),(687,'Deposit',450702.00,'TL'),(688,'Deposit',108777.75,'TL'),(689,'Deposit',219501.75,'TL'),(690,'Deposit',674793.00,'TL'),(691,'Deposit',109650.75,'TL'),(692,'Deposit',599360.25,'TL'),(693,'Deposit',146551.50,'TL'),(694,'Deposit',105404.25,'TL'),(695,'Deposit',209151.00,'TL'),(696,'Deposit',182536.50,'TL'),(697,'Deposit',78198.75,'TL'),(698,'Deposit',350311.50,'TL'),(699,'Deposit',424105.50,'TL'),(700,'Deposit',120858.75,'TL'),(701,'Deposit',114710.25,'TL'),(702,'Deposit',565856.25,'TL'),(703,'Deposit',435348.75,'TL'),(704,'Deposit',568212.75,'TL'),(705,'Deposit',292134.75,'TL'),(706,'Deposit',641432.25,'TL'),(707,'Deposit',387977.25,'TL'),(708,'Deposit',230727.75,'TL'),(709,'Deposit',232884.00,'TL'),(710,'Deposit',704455.50,'TL'),(711,'Deposit',466449.75,'TL'),(712,'Deposit',208376.25,'TL'),(713,'Deposit',586567.50,'TL'),(714,'Deposit',153189.00,'TL'),(715,'Deposit',702411.00,'TL'),(716,'Deposit',298443.75,'TL'),(717,'Deposit',359348.25,'TL'),(718,'Deposit',77586.00,'TL'),(719,'Deposit',593844.75,'TL'),(720,'Deposit',244937.25,'TL'),(721,'Deposit',657546.75,'TL'),(722,'Deposit',439780.50,'TL'),(723,'Deposit',443999.25,'TL'),(724,'Deposit',175552.50,'TL'),(725,'Deposit',290952.75,'TL'),(726,'Deposit',77025.75,'TL'),(727,'Deposit',525544.50,'TL'),(728,'Deposit',530095.50,'TL'),(729,'Deposit',343098.75,'TL'),(730,'Deposit',210732.75,'TL'),(731,'Deposit',489625.50,'TL'),(732,'Deposit',651186.00,'TL'),(733,'Deposit',219879.00,'TL'),(734,'Deposit',195786.75,'TL'),(735,'Deposit',370893.00,'TL'),(736,'Deposit',379698.75,'TL'),(737,'Deposit',334066.50,'TL'),(738,'Deposit',474548.25,'TL'),(739,'Deposit',588141.00,'TL'),(740,'Deposit',223728.75,'TL'),(741,'Deposit',471760.50,'TL'),(742,'Deposit',609872.25,'TL'),(743,'Deposit',505998.00,'TL'),(744,'Deposit',700859.25,'TL'),(745,'Deposit',17385.00,'TL'),(746,'Deposit',361048.50,'TL'),(747,'Deposit',406026.75,'TL'),(748,'Deposit',39215.25,'TL'),(749,'Deposit',586674.75,'TL'),(750,'Deposit',285888.75,'TL'),(751,'Deposit',615783.75,'TL'),(752,'Deposit',313157.25,'TL'),(753,'Deposit',482057.25,'TL'),(754,'Deposit',301125.00,'TL'),(755,'Deposit',61686.00,'TL'),(756,'Deposit',534547.50,'TL'),(757,'Deposit',242049.00,'TL'),(758,'Deposit',261983.25,'TL'),(759,'Deposit',646066.50,'TL'),(760,'Deposit',470266.50,'TL'),(761,'Deposit',655610.25,'TL'),(762,'Deposit',180105.75,'TL'),(763,'Deposit',350523.75,'TL'),(764,'Deposit',511114.50,'TL'),(765,'Deposit',203987.25,'TL'),(766,'Deposit',187070.25,'TL'),(767,'Deposit',586539.00,'TL'),(768,'Deposit',276343.50,'TL'),(769,'Deposit',226299.75,'TL'),(770,'Deposit',518452.50,'TL'),(771,'Deposit',50443.50,'TL'),(772,'Deposit',551908.50,'TL'),(773,'Deposit',181047.00,'TL'),(774,'Deposit',390801.75,'TL'),(775,'Deposit',693077.25,'TL'),(776,'Deposit',379009.50,'TL'),(777,'Deposit',693846.00,'TL'),(778,'Deposit',670997.25,'TL'),(779,'Deposit',634934.25,'TL'),(780,'Deposit',132708.75,'TL'),(781,'Deposit',391993.50,'TL'),(782,'Deposit',194243.25,'TL'),(783,'Deposit',195261.00,'TL'),(784,'Deposit',258267.00,'TL'),(785,'Deposit',578956.50,'TL'),(786,'Deposit',223425.75,'TL'),(787,'Deposit',408372.75,'TL'),(788,'Deposit',465436.50,'TL'),(789,'Deposit',346548.75,'TL'),(790,'Deposit',608724.75,'TL'),(791,'Deposit',222505.50,'TL'),(792,'Deposit',118182.00,'TL'),(793,'Deposit',509435.25,'TL'),(794,'Deposit',202227.75,'TL'),(795,'Deposit',15709.50,'TL'),(796,'Deposit',549253.50,'TL'),(797,'Deposit',525663.00,'TL'),(798,'Deposit',257812.50,'TL'),(799,'Deposit',369702.75,'TL'),(800,'Deposit',575671.50,'TL'),(801,'Deposit',338123.25,'TL'),(802,'Deposit',151813.50,'TL'),(803,'Deposit',216170.25,'TL'),(804,'Deposit',342492.75,'TL'),(805,'Deposit',85330.50,'TL'),(806,'Deposit',544877.25,'TL'),(807,'Deposit',260777.25,'TL'),(808,'Deposit',278231.25,'TL'),(809,'Deposit',635466.00,'TL'),(810,'Deposit',70020.75,'TL'),(811,'Deposit',748130.25,'TL'),(812,'Deposit',406017.75,'TL'),(813,'Deposit',395472.75,'TL'),(814,'Deposit',276210.00,'TL'),(815,'Deposit',406041.75,'TL'),(816,'Deposit',19938.00,'TL'),(817,'Deposit',86968.50,'TL'),(818,'Deposit',630707.25,'TL'),(819,'Deposit',299814.00,'TL'),(820,'Deposit',306080.25,'TL'),(821,'Deposit',412909.50,'TL'),(822,'Deposit',637154.25,'TL'),(823,'Deposit',586769.25,'TL'),(824,'Deposit',362564.25,'TL'),(825,'Deposit',13320.00,'TL'),(826,'Deposit',559655.25,'TL'),(827,'Deposit',37955.25,'TL'),(828,'Deposit',502272.75,'TL'),(829,'Deposit',74951.25,'TL'),(830,'Deposit',356203.50,'TL'),(831,'Deposit',187863.00,'TL'),(832,'Deposit',206139.00,'TL'),(833,'Deposit',418455.00,'TL'),(834,'Deposit',717487.50,'TL'),(835,'Deposit',584076.75,'TL'),(836,'Deposit',633658.50,'TL'),(837,'Deposit',337624.50,'TL'),(838,'Deposit',79542.75,'TL'),(839,'Deposit',587031.00,'TL'),(840,'Deposit',190796.25,'TL'),(841,'Deposit',658323.00,'TL'),(842,'Deposit',630815.25,'TL'),(843,'Deposit',515537.25,'TL'),(844,'Deposit',53668.50,'TL'),(845,'Deposit',670060.50,'TL'),(846,'Deposit',665976.00,'TL'),(847,'Deposit',146362.50,'TL'),(848,'Deposit',749236.50,'TL'),(849,'Deposit',10651.50,'TL'),(850,'Deposit',400317.75,'TL'),(851,'Deposit',155988.75,'TL'),(852,'Deposit',651843.75,'TL'),(853,'Deposit',254067.75,'TL'),(854,'Deposit',549714.00,'TL'),(855,'Deposit',289707.00,'TL'),(856,'Deposit',566652.75,'TL'),(857,'Deposit',363464.25,'TL'),(858,'Deposit',101976.00,'TL'),(859,'Deposit',357397.50,'TL'),(860,'Deposit',188018.25,'TL'),(861,'Deposit',325415.25,'TL'),(862,'Deposit',505980.00,'TL'),(863,'Deposit',86750.25,'TL'),(864,'Deposit',642435.00,'TL'),(865,'Deposit',677628.75,'TL'),(866,'Deposit',235161.75,'TL'),(867,'Deposit',413272.50,'TL'),(868,'Deposit',552020.25,'TL'),(869,'Deposit',30843.75,'TL'),(870,'Deposit',341887.50,'TL'),(871,'Deposit',452182.50,'TL'),(872,'Deposit',585517.50,'TL'),(873,'Deposit',66217.50,'TL'),(874,'Deposit',208803.00,'TL'),(875,'Deposit',180258.75,'TL'),(876,'Deposit',49479.75,'TL'),(877,'Deposit',112335.75,'TL'),(878,'Deposit',722565.00,'TL'),(879,'Deposit',255872.25,'TL'),(880,'Deposit',212676.00,'TL'),(881,'Deposit',270939.00,'TL'),(882,'Deposit',294322.50,'TL'),(883,'Deposit',422730.75,'TL'),(884,'Deposit',501838.50,'TL'),(885,'Deposit',417663.00,'TL'),(886,'Deposit',279972.00,'TL'),(887,'Deposit',577425.75,'TL'),(888,'Deposit',206630.25,'TL'),(889,'Deposit',3434.25,'TL'),(890,'Deposit',661579.50,'TL'),(891,'Deposit',82545.75,'TL'),(892,'Deposit',136128.00,'TL'),(893,'Deposit',673737.00,'TL'),(894,'Deposit',89381.25,'TL'),(895,'Deposit',526041.75,'TL'),(896,'Deposit',278284.50,'TL'),(897,'Deposit',56685.75,'TL'),(898,'Deposit',301505.25,'TL'),(899,'Deposit',613599.75,'TL'),(900,'Deposit',427622.25,'TL'),(901,'Deposit',646781.25,'TL'),(902,'Deposit',35978.25,'TL'),(903,'Deposit',484056.00,'TL'),(904,'Deposit',214931.25,'TL'),(905,'Deposit',29335.50,'TL'),(906,'Deposit',326658.75,'TL'),(907,'Deposit',708337.50,'TL'),(908,'Deposit',495935.25,'TL'),(909,'Deposit',500856.75,'TL'),(910,'Deposit',281549.25,'TL'),(911,'Deposit',320076.75,'TL'),(912,'Deposit',383767.50,'TL'),(913,'Deposit',693174.00,'TL'),(914,'Deposit',578404.50,'TL'),(915,'Deposit',180860.25,'TL'),(916,'Deposit',92664.00,'TL'),(917,'Deposit',103760.25,'TL'),(918,'Deposit',228704.25,'TL'),(919,'Deposit',555108.75,'TL'),(920,'Deposit',697554.00,'TL'),(921,'Deposit',721576.50,'TL'),(922,'Deposit',406931.25,'TL'),(923,'Deposit',458788.50,'TL'),(924,'Deposit',156144.75,'TL'),(925,'Deposit',716814.75,'TL'),(926,'Deposit',317611.50,'TL'),(927,'Deposit',402556.50,'TL'),(928,'Deposit',236751.00,'TL'),(929,'Deposit',684155.25,'TL'),(930,'Deposit',427812.75,'TL'),(931,'Deposit',573513.75,'TL'),(932,'Deposit',596427.75,'TL'),(933,'Deposit',692580.75,'TL'),(934,'Deposit',177695.25,'TL'),(935,'Deposit',290523.00,'TL'),(936,'Deposit',659970.75,'TL'),(937,'Deposit',400410.75,'USD'),(938,'Deposit',746328.75,'USD'),(939,'Deposit',476007.00,'USD'),(940,'Deposit',411042.75,'USD'),(941,'Deposit',242012.25,'USD'),(942,'Deposit',344253.75,'USD'),(943,'Deposit',162281.25,'USD'),(944,'Deposit',222077.25,'USD'),(945,'Deposit',682647.00,'USD'),(946,'Deposit',328256.25,'USD'),(947,'Deposit',442814.25,'USD'),(948,'Deposit',169645.50,'USD'),(949,'Deposit',520076.25,'USD'),(950,'Deposit',687477.00,'USD'),(951,'Deposit',38333.25,'USD'),(952,'Deposit',656779.50,'USD'),(953,'Deposit',435927.75,'USD'),(954,'Deposit',133338.75,'USD'),(955,'Deposit',524396.25,'USD'),(956,'Deposit',343132.50,'USD'),(957,'Deposit',466364.25,'USD'),(958,'Deposit',138797.25,'USD'),(959,'Deposit',510948.00,'USD'),(960,'Deposit',618039.75,'USD'),(961,'Deposit',520347.75,'USD'),(962,'Deposit',65150.25,'USD'),(963,'Deposit',425465.25,'USD'),(964,'Deposit',390311.25,'USD'),(965,'Deposit',274713.75,'USD'),(966,'Deposit',237063.00,'USD'),(967,'Deposit',279573.00,'USD'),(968,'Deposit',562146.00,'USD'),(969,'Deposit',468387.00,'USD'),(970,'Deposit',228552.75,'USD'),(971,'Deposit',394453.50,'USD'),(972,'Deposit',702702.75,'USD'),(973,'Deposit',303369.75,'USD'),(974,'Deposit',204469.50,'USD'),(975,'Deposit',23033.25,'USD'),(976,'Deposit',639775.50,'USD'),(977,'Deposit',587632.50,'USD'),(978,'Deposit',673479.75,'USD'),(979,'Deposit',136776.00,'USD'),(980,'Deposit',695577.00,'USD'),(981,'Deposit',174704.25,'USD'),(982,'Deposit',699733.50,'USD'),(983,'Deposit',341892.00,'USD'),(984,'Deposit',354890.25,'USD'),(985,'Deposit',416628.75,'USD'),(986,'Deposit',741229.50,'USD'),(987,'Deposit',454031.25,'USD'),(988,'Deposit',20794.50,'USD'),(989,'Deposit',1017.00,'USD'),(990,'Deposit',583445.25,'USD'),(991,'Deposit',441894.00,'USD'),(992,'Deposit',684799.50,'USD'),(993,'Deposit',439137.75,'USD'),(994,'Deposit',67004.25,'USD'),(995,'Deposit',498780.00,'USD'),(996,'Deposit',314544.75,'USD'),(997,'Deposit',610450.50,'USD'),(998,'Deposit',468088.50,'USD'),(999,'Deposit',666879.75,'USD'),(1000,'Deposit',543222.00,'USD'),(1001,'Deposit',649579.50,'USD'),(1002,'Deposit',479886.75,'USD'),(1003,'Deposit',222064.50,'USD'),(1004,'Deposit',580571.25,'USD'),(1005,'Deposit',584525.25,'USD'),(1006,'Deposit',12660.75,'USD'),(1007,'Deposit',177067.50,'USD'),(1008,'Deposit',655690.50,'USD'),(1009,'Deposit',249927.75,'USD'),(1010,'Deposit',728982.75,'USD'),(1011,'Deposit',528309.00,'USD'),(1012,'Deposit',496958.25,'USD'),(1013,'Deposit',106335.75,'USD'),(1014,'Deposit',109376.25,'USD'),(1015,'Deposit',6106.50,'USD'),(1016,'Deposit',354126.00,'USD'),(1017,'Deposit',695835.00,'USD'),(1018,'Deposit',151917.00,'USD'),(1019,'Deposit',589749.75,'USD'),(1020,'Deposit',622082.25,'USD'),(1021,'Deposit',55921.50,'USD'),(1022,'Deposit',297402.75,'USD'),(1023,'Deposit',167796.00,'USD'),(1024,'Deposit',734925.75,'USD'),(1025,'Deposit',247253.25,'USD'),(1026,'Deposit',589425.75,'USD'),(1027,'Deposit',210039.75,'USD'),(1028,'Deposit',662792.25,'USD'),(1029,'Deposit',726837.75,'USD'),(1030,'Deposit',676092.00,'USD'),(1031,'Deposit',670869.75,'USD'),(1032,'Deposit',62394.75,'USD'),(1033,'Deposit',616336.50,'USD'),(1034,'Deposit',537222.00,'USD'),(1035,'Deposit',314191.50,'USD'),(1036,'Deposit',155427.00,'USD'),(1037,'Deposit',225453.75,'USD'),(1038,'Deposit',527672.25,'USD'),(1039,'Deposit',737748.75,'USD'),(1040,'Deposit',486861.75,'USD'),(1041,'Deposit',742888.50,'USD'),(1042,'Deposit',463872.00,'USD'),(1043,'Deposit',79485.75,'USD'),(1044,'Deposit',97739.25,'USD'),(1045,'Deposit',301990.50,'USD'),(1046,'Deposit',296853.00,'USD'),(1047,'Deposit',460650.75,'USD'),(1048,'Deposit',334309.50,'USD'),(1049,'Deposit',165129.00,'USD'),(1050,'Deposit',160876.50,'USD'),(1051,'Deposit',659509.50,'USD'),(1052,'Deposit',507318.00,'USD'),(1053,'Deposit',549840.75,'USD'),(1054,'Deposit',262316.25,'USD'),(1055,'Deposit',315966.75,'USD'),(1056,'Deposit',411864.75,'USD'),(1057,'Deposit',141061.50,'USD'),(1058,'Deposit',678679.50,'USD'),(1059,'Deposit',140964.75,'USD'),(1060,'Deposit',319597.50,'USD'),(1061,'Deposit',347172.00,'USD'),(1062,'Deposit',672543.00,'USD'),(1063,'Deposit',145290.75,'USD'),(1064,'Deposit',460971.00,'USD'),(1065,'Deposit',613204.50,'USD'),(1066,'Deposit',339808.50,'USD'),(1067,'Deposit',560402.25,'USD'),(1068,'Deposit',226038.00,'USD'),(1069,'Deposit',352356.75,'USD'),(1070,'Deposit',55941.00,'USD'),(1071,'Deposit',149013.00,'USD'),(1072,'Deposit',327591.75,'USD'),(1073,'Deposit',296965.50,'USD'),(1074,'Deposit',7854.00,'USD'),(1075,'Deposit',745518.00,'USD'),(1076,'Deposit',240555.75,'USD'),(1077,'Deposit',52236.00,'USD'),(1078,'Deposit',602737.50,'USD'),(1079,'Deposit',625866.00,'USD'),(1080,'Deposit',356274.75,'USD'),(1081,'Deposit',610434.00,'USD'),(1082,'Deposit',728511.75,'USD'),(1083,'Deposit',683176.50,'USD'),(1084,'Deposit',469803.75,'USD'),(1085,'Deposit',49753.50,'USD'),(1086,'Deposit',453591.00,'USD'),(1087,'Deposit',379329.00,'USD'),(1088,'Deposit',202414.50,'USD'),(1089,'Deposit',100857.75,'USD'),(1090,'Deposit',296387.25,'USD'),(1091,'Deposit',553793.25,'USD'),(1092,'Deposit',250374.75,'USD'),(1093,'Deposit',714974.25,'USD'),(1094,'Deposit',167392.50,'USD'),(1095,'Deposit',649282.50,'USD'),(1096,'Deposit',694543.50,'USD'),(1097,'Deposit',710585.25,'USD'),(1098,'Deposit',738774.75,'USD'),(1099,'Deposit',259236.75,'USD'),(1100,'Deposit',3521.25,'USD'),(1101,'Deposit',261015.75,'USD'),(1102,'Deposit',578205.75,'USD'),(1103,'Deposit',614814.00,'USD'),(1104,'Deposit',65999.25,'USD'),(1105,'Deposit',162744.00,'USD'),(1106,'Deposit',645129.00,'USD'),(1107,'Deposit',208890.00,'USD'),(1108,'Deposit',595472.25,'USD'),(1109,'Deposit',743915.25,'USD'),(1110,'Deposit',188816.25,'USD'),(1111,'Deposit',701579.25,'USD'),(1112,'Deposit',62794.50,'USD'),(1113,'Deposit',434424.00,'USD'),(1114,'Deposit',458433.00,'USD'),(1115,'Deposit',566030.25,'USD'),(1116,'Deposit',428941.50,'USD'),(1117,'Deposit',672954.75,'USD'),(1118,'Deposit',435849.00,'USD'),(1119,'Deposit',114604.50,'USD'),(1120,'Deposit',122027.25,'USD'),(1121,'Deposit',222649.50,'USD'),(1122,'Deposit',282176.25,'USD'),(1123,'Deposit',94161.75,'USD'),(1124,'Deposit',428900.25,'USD'),(1125,'Deposit',355464.00,'USD'),(1126,'Deposit',348908.25,'USD'),(1127,'Deposit',704941.50,'USD'),(1128,'Deposit',2670.00,'USD'),(1129,'Deposit',245903.25,'USD'),(1130,'Deposit',694151.25,'USD'),(1131,'Deposit',430463.25,'USD'),(1132,'Deposit',273214.50,'USD'),(1133,'Deposit',537637.50,'USD'),(1134,'Deposit',563712.00,'USD'),(1135,'Deposit',216066.75,'USD'),(1136,'Deposit',688071.75,'USD'),(1137,'Deposit',161477.25,'USD'),(1138,'Deposit',745788.00,'USD'),(1139,'Deposit',50986.50,'USD'),(1140,'Deposit',156222.75,'USD'),(1141,'Deposit',590369.25,'USD'),(1142,'Deposit',86672.25,'USD'),(1143,'Deposit',143424.00,'USD'),(1144,'Deposit',317006.25,'USD'),(1145,'Deposit',566436.75,'USD'),(1146,'Deposit',263222.25,'USD'),(1147,'Deposit',629767.50,'USD'),(1148,'Deposit',60843.75,'USD'),(1149,'Deposit',426651.75,'USD'),(1150,'Deposit',145887.75,'USD'),(1151,'Deposit',378007.50,'USD'),(1152,'Deposit',87614.25,'USD'),(1153,'Deposit',487448.25,'USD'),(1154,'Deposit',253824.75,'USD'),(1155,'Deposit',681487.50,'USD'),(1156,'Deposit',702298.50,'USD'),(1157,'Deposit',24535.50,'USD'),(1158,'Deposit',401007.00,'USD'),(1159,'Deposit',242390.25,'USD'),(1160,'Deposit',16053.00,'USD'),(1161,'Deposit',452263.50,'USD'),(1162,'Deposit',659391.00,'USD'),(1163,'Deposit',314835.00,'USD'),(1164,'Deposit',744036.75,'USD'),(1165,'Deposit',367206.00,'USD'),(1166,'Deposit',721923.75,'USD'),(1167,'Deposit',215086.50,'USD'),(1168,'Deposit',619218.00,'USD'),(1169,'Deposit',423129.00,'USD'),(1170,'Deposit',134709.00,'USD'),(1171,'Deposit',611226.00,'USD'),(1172,'Deposit',73949.25,'USD'),(1173,'Deposit',49164.00,'USD'),(1174,'Deposit',183766.50,'USD'),(1175,'Deposit',326655.75,'USD'),(1176,'Deposit',528344.25,'USD'),(1177,'Deposit',59887.50,'USD'),(1178,'Deposit',467706.75,'USD'),(1179,'Deposit',81011.25,'USD'),(1180,'Deposit',366453.75,'USD'),(1181,'Deposit',735066.75,'USD'),(1182,'Deposit',113142.00,'USD'),(1183,'Deposit',398442.75,'USD'),(1184,'Deposit',477846.00,'USD'),(1185,'Deposit',718050.75,'USD'),(1186,'Deposit',444909.75,'USD'),(1187,'Deposit',586846.50,'USD'),(1188,'Deposit',343539.00,'USD'),(1189,'Deposit',345231.75,'USD'),(1190,'Deposit',208092.75,'USD'),(1191,'Deposit',732348.75,'USD'),(1192,'Deposit',301214.25,'USD'),(1193,'Deposit',524616.75,'USD'),(1194,'Deposit',153391.50,'USD'),(1195,'Deposit',61347.00,'USD'),(1196,'Deposit',585356.25,'USD'),(1197,'Deposit',279331.50,'USD'),(1198,'Deposit',191734.50,'USD'),(1199,'Deposit',547536.75,'USD'),(1200,'Deposit',503323.50,'USD'),(1201,'Deposit',311904.00,'USD'),(1202,'Deposit',147953.25,'USD'),(1203,'Deposit',533689.50,'USD'),(1204,'Deposit',678442.50,'USD'),(1205,'Deposit',677310.75,'USD'),(1206,'Deposit',147025.50,'USD'),(1207,'Deposit',647473.50,'USD'),(1208,'Deposit',665964.00,'USD'),(1209,'Deposit',127176.75,'USD'),(1210,'Deposit',349734.00,'USD'),(1211,'Deposit',167315.25,'USD'),(1212,'Deposit',177156.00,'USD'),(1213,'Deposit',654036.75,'USD'),(1214,'Deposit',367637.25,'USD'),(1215,'Deposit',488194.50,'USD'),(1216,'Deposit',630957.00,'USD'),(1217,'Deposit',723330.75,'USD'),(1218,'Deposit',729952.50,'USD'),(1219,'Deposit',448359.00,'USD'),(1220,'Deposit',41419.50,'USD'),(1221,'Deposit',381717.00,'USD'),(1222,'Deposit',247383.75,'USD'),(1223,'Deposit',256197.75,'USD'),(1224,'Deposit',92673.75,'USD'),(1225,'Deposit',623419.50,'USD'),(1226,'Deposit',20013.00,'USD'),(1227,'Deposit',601986.75,'USD'),(1228,'Deposit',651354.75,'USD'),(1229,'Deposit',581602.50,'USD'),(1230,'Deposit',418170.75,'USD'),(1231,'Deposit',1870.50,'USD'),(1232,'Deposit',669297.75,'USD'),(1233,'Deposit',539291.25,'USD'),(1234,'Deposit',126664.50,'USD'),(1235,'Deposit',251255.25,'USD'),(1236,'Transfer',128248.75,'TL'),(1237,'Transfer',236117.75,'TL'),(1238,'Transfer',97159.75,'TL'),(1239,'Transfer',237861.50,'TL'),(1240,'Transfer',101593.75,'TL'),(1241,'Transfer',61326.50,'TL'),(1242,'Transfer',40043.50,'TL'),(1243,'Transfer',90143.25,'TL'),(1244,'Transfer',203967.25,'TL'),(1245,'Transfer',166454.75,'TL'),(1246,'Transfer',168677.50,'TL'),(1247,'Transfer',120718.00,'TL'),(1248,'Transfer',131734.00,'TL'),(1249,'Transfer',87060.75,'TL'),(1250,'Transfer',131876.50,'TL'),(1251,'Transfer',9099.50,'TL'),(1252,'Transfer',79175.50,'TL'),(1253,'Transfer',221125.00,'TL'),(1254,'Transfer',19065.25,'TL'),(1255,'Transfer',133001.75,'TL'),(1256,'Transfer',22896.00,'TL'),(1257,'Transfer',11408.25,'TL'),(1258,'Transfer',205005.50,'TL'),(1259,'Transfer',249738.75,'TL'),(1260,'Transfer',8806.75,'TL'),(1261,'Transfer',238068.25,'TL'),(1262,'Transfer',30459.00,'TL'),(1263,'Transfer',199153.50,'TL'),(1264,'Transfer',70137.50,'TL'),(1265,'Transfer',7080.75,'TL'),(1266,'Transfer',55277.50,'TL'),(1267,'Transfer',119512.00,'TL'),(1268,'Transfer',193266.75,'TL'),(1269,'Transfer',169673.75,'TL'),(1270,'Transfer',209515.75,'TL'),(1271,'Transfer',149482.00,'TL'),(1272,'Transfer',200545.50,'TL'),(1273,'Transfer',34201.25,'TL'),(1274,'Transfer',46342.75,'TL'),(1275,'Transfer',172571.25,'TL'),(1276,'Transfer',35751.50,'TL'),(1277,'Transfer',84667.25,'TL'),(1278,'Transfer',217762.75,'TL'),(1279,'Transfer',95210.50,'TL'),(1280,'Transfer',218324.00,'TL'),(1281,'Transfer',249456.25,'TL'),(1282,'Transfer',450.75,'TL'),(1283,'Transfer',186050.75,'TL'),(1284,'Transfer',177108.25,'TL'),(1285,'Transfer',69734.25,'TL'),(1286,'Transfer',194377.50,'TL'),(1287,'Transfer',141975.25,'TL'),(1288,'Transfer',32990.25,'TL'),(1289,'Transfer',149455.25,'TL'),(1290,'Transfer',1312.00,'TL'),(1291,'Transfer',35835.50,'TL'),(1292,'Transfer',172493.25,'TL'),(1293,'Transfer',27944.75,'TL'),(1294,'Transfer',63787.75,'TL'),(1295,'Transfer',141978.25,'TL'),(1296,'Transfer',141188.25,'TL'),(1297,'Transfer',101617.00,'TL'),(1298,'Transfer',207656.00,'TL'),(1299,'Transfer',78267.50,'TL'),(1300,'Transfer',236591.75,'TL'),(1301,'Transfer',183557.50,'TL'),(1302,'Transfer',82971.25,'TL'),(1303,'Transfer',247482.00,'TL'),(1304,'Transfer',195124.00,'TL'),(1305,'Transfer',228405.00,'TL'),(1306,'Transfer',88619.00,'TL'),(1307,'Transfer',206732.25,'TL'),(1308,'Transfer',46648.50,'TL'),(1309,'Transfer',165266.00,'TL'),(1310,'Transfer',195838.75,'TL'),(1311,'Transfer',90848.25,'TL'),(1312,'Transfer',53136.25,'TL'),(1313,'Transfer',173229.50,'TL'),(1314,'Transfer',54591.75,'TL'),(1315,'Transfer',64570.50,'TL'),(1316,'Transfer',155077.00,'TL'),(1317,'Transfer',102462.50,'TL'),(1318,'Transfer',74581.75,'TL'),(1319,'Transfer',228812.00,'TL'),(1320,'Transfer',20403.50,'TL'),(1321,'Transfer',88839.25,'TL'),(1322,'Transfer',19665.00,'TL'),(1323,'Transfer',208264.75,'TL'),(1324,'Transfer',125895.00,'TL'),(1325,'Transfer',231586.00,'TL'),(1326,'Transfer',40370.50,'TL'),(1327,'Transfer',51187.75,'TL'),(1328,'Transfer',50301.25,'TL'),(1329,'Transfer',1521.25,'TL'),(1330,'Transfer',244299.50,'TL'),(1331,'Transfer',77338.25,'TL'),(1332,'Transfer',71751.75,'TL'),(1333,'Transfer',72129.75,'TL'),(1334,'Transfer',118283.50,'TL'),(1335,'Transfer',166701.50,'TL'),(1336,'Transfer',239412.50,'TL'),(1337,'Transfer',16929.25,'TL'),(1338,'Transfer',119359.75,'TL'),(1339,'Transfer',189920.25,'TL'),(1340,'Transfer',80802.25,'TL'),(1341,'Transfer',44371.50,'TL'),(1342,'Transfer',43850.00,'TL'),(1343,'Transfer',91147.50,'TL'),(1344,'Transfer',11704.00,'TL'),(1345,'Transfer',145862.75,'TL'),(1346,'Transfer',115138.00,'TL'),(1347,'Transfer',45416.00,'TL'),(1348,'Transfer',85184.00,'TL'),(1349,'Transfer',213404.25,'TL'),(1350,'Transfer',101091.25,'TL'),(1351,'Transfer',125560.75,'TL'),(1352,'Transfer',199870.75,'TL'),(1353,'Transfer',90814.00,'TL'),(1354,'Transfer',181506.75,'TL'),(1355,'Transfer',28231.75,'TL'),(1356,'Transfer',35358.75,'TL'),(1357,'Transfer',156532.50,'TL'),(1358,'Transfer',234440.50,'TL'),(1359,'Transfer',124602.25,'TL'),(1360,'Transfer',44361.00,'TL'),(1361,'Transfer',146606.75,'TL'),(1362,'Transfer',197828.75,'TL'),(1363,'Transfer',168995.75,'TL'),(1364,'Transfer',57072.00,'TL'),(1365,'Transfer',13605.75,'TL'),(1366,'Transfer',189427.25,'TL'),(1367,'Transfer',167855.50,'TL'),(1368,'Transfer',193088.00,'TL'),(1369,'Transfer',180943.25,'TL'),(1370,'Transfer',133759.00,'TL'),(1371,'Transfer',182224.75,'TL'),(1372,'Transfer',80193.00,'TL'),(1373,'Transfer',92361.75,'TL'),(1374,'Transfer',249505.75,'TL'),(1375,'Transfer',209222.50,'TL'),(1376,'Transfer',97334.50,'TL'),(1377,'Transfer',223184.75,'TL'),(1378,'Transfer',144571.75,'TL'),(1379,'Transfer',11877.75,'TL'),(1380,'Transfer',241188.50,'TL'),(1381,'Transfer',213346.00,'TL'),(1382,'Transfer',198912.25,'TL'),(1383,'Transfer',92122.00,'TL'),(1384,'Transfer',11863.00,'TL'),(1385,'Transfer',2179.25,'TL'),(1386,'Transfer',137143.75,'TL'),(1387,'Transfer',178745.25,'TL'),(1388,'Transfer',173491.25,'TL'),(1389,'Transfer',41481.25,'TL'),(1390,'Transfer',203934.25,'TL'),(1391,'Transfer',130680.50,'TL'),(1392,'Transfer',119731.00,'TL'),(1393,'Transfer',86463.50,'TL'),(1394,'Transfer',155229.50,'TL'),(1395,'Transfer',36116.25,'TL'),(1396,'Transfer',112520.00,'TL'),(1397,'Transfer',213855.00,'TL'),(1398,'Transfer',117472.75,'TL'),(1399,'Transfer',19613.25,'TL'),(1400,'Transfer',114829.25,'TL'),(1401,'Transfer',92654.75,'TL'),(1402,'Transfer',245157.75,'TL'),(1403,'Transfer',102671.75,'TL'),(1404,'Transfer',54608.75,'TL'),(1405,'Transfer',135797.00,'TL'),(1406,'Transfer',24283.00,'TL'),(1407,'Transfer',147989.50,'TL'),(1408,'Transfer',137642.50,'TL'),(1409,'Transfer',240356.00,'TL'),(1410,'Transfer',25584.50,'TL'),(1411,'Transfer',204047.00,'TL'),(1412,'Transfer',21602.75,'TL'),(1413,'Transfer',129814.50,'TL'),(1414,'Transfer',156772.50,'TL'),(1415,'Transfer',204579.25,'TL'),(1416,'Transfer',22244.50,'TL'),(1417,'Transfer',94391.00,'TL'),(1418,'Transfer',247434.75,'TL'),(1419,'Transfer',217009.50,'TL'),(1420,'Transfer',45379.00,'TL'),(1421,'Transfer',184460.75,'TL'),(1422,'Transfer',123744.00,'TL'),(1423,'Transfer',24973.75,'TL'),(1424,'Transfer',125035.25,'TL'),(1425,'Transfer',147694.25,'TL'),(1426,'Transfer',192665.00,'TL'),(1427,'Transfer',22698.00,'TL'),(1428,'Transfer',49051.75,'TL'),(1429,'Transfer',112699.25,'TL'),(1430,'Transfer',206961.75,'TL'),(1431,'Transfer',193179.00,'TL'),(1432,'Transfer',68226.25,'TL'),(1433,'Transfer',210671.50,'TL'),(1434,'Transfer',72981.00,'TL'),(1435,'Transfer',87867.50,'TL'),(1436,'Transfer',114115.25,'TL'),(1437,'Transfer',241841.75,'TL'),(1438,'Transfer',42927.75,'TL'),(1439,'Transfer',222873.25,'TL'),(1440,'Transfer',43583.00,'TL'),(1441,'Transfer',135355.75,'TL'),(1442,'Transfer',152141.50,'TL'),(1443,'Transfer',155583.75,'TL'),(1444,'Transfer',185287.75,'TL'),(1445,'Transfer',69626.00,'TL'),(1446,'Transfer',69747.50,'TL'),(1447,'Transfer',206027.25,'TL'),(1448,'Transfer',134432.50,'TL'),(1449,'Transfer',215174.25,'TL'),(1450,'Transfer',127982.00,'TL'),(1451,'Transfer',89318.00,'TL'),(1452,'Transfer',77309.50,'TL'),(1453,'Transfer',133503.75,'TL'),(1454,'Transfer',181470.00,'TL'),(1455,'Transfer',129080.75,'TL'),(1456,'Transfer',176443.50,'TL'),(1457,'Transfer',163651.00,'TL'),(1458,'Transfer',122792.75,'TL'),(1459,'Transfer',226880.00,'TL'),(1460,'Transfer',210457.00,'TL'),(1461,'Transfer',152711.25,'TL'),(1462,'Transfer',94784.75,'TL'),(1463,'Transfer',119371.50,'TL'),(1464,'Transfer',240187.25,'TL'),(1465,'Transfer',137862.50,'TL'),(1466,'Transfer',193179.75,'TL'),(1467,'Transfer',163140.25,'TL'),(1468,'Transfer',64026.50,'TL'),(1469,'Transfer',65190.75,'TL'),(1470,'Transfer',245457.25,'TL'),(1471,'Transfer',197011.00,'TL'),(1472,'Transfer',130985.00,'TL'),(1473,'Transfer',84967.50,'TL'),(1474,'Transfer',83045.00,'TL'),(1475,'Transfer',192984.50,'TL'),(1476,'Transfer',149549.00,'TL'),(1477,'Transfer',143935.00,'TL'),(1478,'Transfer',94387.25,'TL'),(1479,'Transfer',169903.75,'TL'),(1480,'Transfer',114053.50,'TL'),(1481,'Transfer',2632.50,'TL'),(1482,'Transfer',5819.50,'TL'),(1483,'Transfer',208445.25,'TL'),(1484,'Transfer',117991.75,'TL'),(1485,'Transfer',189822.00,'TL'),(1486,'Transfer',35672.50,'TL'),(1487,'Transfer',122103.75,'TL'),(1488,'Transfer',135452.75,'TL'),(1489,'Transfer',16671.25,'TL'),(1490,'Transfer',54577.25,'TL'),(1491,'Transfer',156458.00,'TL'),(1492,'Transfer',177706.00,'TL'),(1493,'Transfer',110514.25,'TL'),(1494,'Transfer',161558.50,'TL'),(1495,'Transfer',8204.50,'TL'),(1496,'Transfer',121847.50,'TL'),(1497,'Transfer',241719.75,'TL'),(1498,'Transfer',151168.50,'TL'),(1499,'Transfer',226184.25,'TL'),(1500,'Transfer',62376.25,'TL'),(1501,'Transfer',7491.50,'TL'),(1502,'Transfer',201662.00,'TL'),(1503,'Transfer',178958.25,'TL'),(1504,'Transfer',4585.00,'TL'),(1505,'Transfer',203266.75,'TL'),(1506,'Transfer',8000.50,'TL'),(1507,'Transfer',247349.25,'TL'),(1508,'Transfer',100732.00,'TL'),(1509,'Transfer',205783.25,'TL'),(1510,'Transfer',16343.75,'TL'),(1511,'Transfer',225818.75,'TL'),(1512,'Transfer',176103.00,'TL'),(1513,'Transfer',161861.25,'TL'),(1514,'Transfer',138602.75,'TL'),(1515,'Transfer',93539.75,'TL'),(1516,'Transfer',2276.50,'TL'),(1517,'Transfer',223479.25,'TL'),(1518,'Transfer',86622.25,'TL'),(1519,'Transfer',94602.50,'TL'),(1520,'Transfer',149171.50,'TL'),(1521,'Transfer',242814.25,'TL'),(1522,'Transfer',15605.25,'TL'),(1523,'Transfer',196903.00,'TL'),(1524,'Transfer',35793.50,'TL'),(1525,'Transfer',240580.75,'TL'),(1526,'Transfer',5502.00,'TL'),(1527,'Transfer',230966.25,'TL'),(1528,'Transfer',1977.25,'TL'),(1529,'Transfer',87218.75,'TL'),(1530,'Transfer',37266.00,'TL'),(1531,'Transfer',93200.00,'TL'),(1532,'Transfer',89888.00,'TL'),(1533,'Transfer',189267.50,'TL'),(1534,'Transfer',38107.25,'TL'),(1535,'Transfer',82893.25,'TL'),(1536,'Transfer',4559.25,'TL'),(1537,'Transfer',52605.75,'TL'),(1538,'Transfer',26179.75,'TL'),(1539,'Transfer',228649.50,'TL'),(1540,'Transfer',167318.00,'TL'),(1541,'Transfer',150148.00,'TL'),(1542,'Transfer',130497.75,'TL'),(1543,'Transfer',97884.25,'TL'),(1544,'Transfer',134603.50,'TL'),(1545,'Transfer',54057.25,'TL'),(1546,'Transfer',46298.25,'TL'),(1547,'Transfer',72515.75,'TL'),(1548,'Transfer',177377.50,'TL'),(1549,'Transfer',51566.00,'TL'),(1550,'Transfer',59554.75,'TL'),(1551,'Transfer',165050.25,'TL'),(1552,'Transfer',3102.25,'TL'),(1553,'Transfer',199097.50,'TL'),(1554,'Transfer',136899.25,'TL'),(1555,'Transfer',141878.75,'TL'),(1556,'Transfer',203086.25,'TL'),(1557,'Transfer',231530.75,'TL'),(1558,'Transfer',228814.25,'TL'),(1559,'Transfer',14801.00,'TL'),(1560,'Transfer',22889.75,'TL'),(1561,'Transfer',182181.25,'TL'),(1562,'Transfer',124634.00,'TL'),(1563,'Transfer',107539.25,'TL'),(1564,'Transfer',232446.25,'TL'),(1565,'Transfer',234344.25,'TL'),(1566,'Transfer',177635.50,'TL'),(1567,'Transfer',151322.75,'TL'),(1568,'Transfer',215557.75,'TL'),(1569,'Transfer',217101.00,'TL'),(1570,'Transfer',237285.25,'TL'),(1571,'Transfer',212495.75,'TL'),(1572,'Transfer',155520.25,'TL'),(1573,'Transfer',26492.00,'TL'),(1574,'Transfer',183585.50,'TL'),(1575,'Transfer',205545.25,'TL'),(1576,'Transfer',114761.75,'TL'),(1577,'Transfer',98131.00,'TL'),(1578,'Transfer',55372.75,'TL'),(1579,'Transfer',46947.00,'TL'),(1580,'Transfer',141592.25,'TL'),(1581,'Transfer',128872.50,'TL'),(1582,'Transfer',150420.25,'TL'),(1583,'Transfer',158788.25,'TL'),(1584,'Transfer',36425.75,'TL'),(1585,'Transfer',43232.50,'TL'),(1586,'Transfer',150234.00,'TL'),(1587,'Transfer',36259.25,'TL'),(1588,'Transfer',73167.25,'TL'),(1589,'Transfer',224931.00,'TL'),(1590,'Transfer',36550.25,'TL'),(1591,'Transfer',199786.75,'TL'),(1592,'Transfer',48850.50,'TL'),(1593,'Transfer',35134.75,'TL'),(1594,'Transfer',69717.00,'TL'),(1595,'Transfer',60845.50,'TL'),(1596,'Transfer',26066.25,'TL'),(1597,'Transfer',116770.50,'TL'),(1598,'Transfer',141368.50,'TL'),(1599,'Transfer',40286.25,'TL'),(1600,'Transfer',38236.75,'TL'),(1601,'Transfer',188618.75,'TL'),(1602,'Transfer',145116.25,'TL'),(1603,'Transfer',189404.25,'TL'),(1604,'Transfer',97378.25,'TL'),(1605,'Transfer',213810.75,'TL'),(1606,'Transfer',129325.75,'TL'),(1607,'Transfer',76909.25,'TL'),(1608,'Transfer',77628.00,'TL'),(1609,'Transfer',234818.50,'TL'),(1610,'Transfer',155483.25,'TL'),(1611,'Transfer',69458.75,'TL'),(1612,'Transfer',195522.50,'TL'),(1613,'Transfer',51063.00,'TL'),(1614,'Transfer',234137.00,'TL'),(1615,'Transfer',99481.25,'TL'),(1616,'Transfer',119782.75,'TL'),(1617,'Transfer',25862.00,'TL'),(1618,'Transfer',197948.25,'TL'),(1619,'Transfer',81645.75,'TL'),(1620,'Transfer',219182.25,'TL'),(1621,'Transfer',146593.50,'TL'),(1622,'Transfer',147999.75,'TL'),(1623,'Transfer',58517.50,'TL'),(1624,'Transfer',96984.25,'TL'),(1625,'Transfer',25675.25,'TL'),(1626,'Transfer',175181.50,'TL'),(1627,'Transfer',176698.50,'TL'),(1628,'Transfer',114366.25,'TL'),(1629,'Transfer',70244.25,'TL'),(1630,'Transfer',163208.50,'TL'),(1631,'Transfer',217062.00,'TL'),(1632,'Transfer',73293.00,'TL'),(1633,'Transfer',65262.25,'TL'),(1634,'Transfer',123631.00,'TL'),(1635,'Transfer',126566.25,'TL'),(1636,'Transfer',111355.50,'TL'),(1637,'Transfer',158182.75,'TL'),(1638,'Transfer',196047.00,'TL'),(1639,'Transfer',74576.25,'TL'),(1640,'Transfer',157253.50,'TL'),(1641,'Transfer',203290.75,'TL'),(1642,'Transfer',168666.00,'TL'),(1643,'Transfer',233619.75,'TL'),(1644,'Transfer',5795.00,'TL'),(1645,'Transfer',120349.50,'TL'),(1646,'Transfer',135342.25,'TL'),(1647,'Transfer',13071.75,'TL'),(1648,'Transfer',195558.25,'TL'),(1649,'Transfer',95296.25,'TL'),(1650,'Transfer',205261.25,'TL'),(1651,'Transfer',104385.75,'TL'),(1652,'Transfer',160685.75,'TL'),(1653,'Transfer',100375.00,'TL'),(1654,'Transfer',20562.00,'TL'),(1655,'Transfer',178182.50,'TL'),(1656,'Transfer',80683.00,'TL'),(1657,'Transfer',87327.75,'TL'),(1658,'Transfer',215355.50,'TL'),(1659,'Transfer',156755.50,'TL'),(1660,'Transfer',218536.75,'TL'),(1661,'Transfer',60035.25,'TL'),(1662,'Transfer',116841.25,'TL'),(1663,'Transfer',170371.50,'TL'),(1664,'Transfer',67995.75,'TL'),(1665,'Transfer',62356.75,'TL'),(1666,'Transfer',195513.00,'TL'),(1667,'Transfer',92114.50,'TL'),(1668,'Transfer',75433.25,'TL'),(1669,'Transfer',172817.50,'TL'),(1670,'Transfer',16814.50,'TL'),(1671,'Transfer',183969.50,'TL'),(1672,'Transfer',60349.00,'TL'),(1673,'Transfer',130267.25,'TL'),(1674,'Transfer',231025.75,'TL'),(1675,'Transfer',126336.50,'TL'),(1676,'Transfer',231282.00,'TL'),(1677,'Transfer',223665.75,'TL'),(1678,'Transfer',211644.75,'TL'),(1679,'Transfer',44236.25,'TL'),(1680,'Transfer',130664.50,'TL'),(1681,'Transfer',64747.75,'TL'),(1682,'Transfer',65087.00,'TL'),(1683,'Transfer',86089.00,'TL'),(1684,'Transfer',192985.50,'TL'),(1685,'Transfer',74475.25,'TL'),(1686,'Transfer',136124.25,'TL'),(1687,'Transfer',155145.50,'TL'),(1688,'Transfer',115516.25,'TL'),(1689,'Transfer',202908.25,'TL'),(1690,'Transfer',74168.50,'TL'),(1691,'Transfer',39394.00,'TL'),(1692,'Transfer',169811.75,'TL'),(1693,'Transfer',67409.25,'TL'),(1694,'Transfer',5236.50,'TL'),(1695,'Transfer',183084.50,'TL'),(1696,'Transfer',175221.00,'TL'),(1697,'Transfer',85937.50,'TL'),(1698,'Transfer',123234.25,'TL'),(1699,'Transfer',191890.50,'TL'),(1700,'Transfer',112707.75,'TL'),(1701,'Transfer',50604.50,'TL'),(1702,'Transfer',72056.75,'TL'),(1703,'Transfer',114164.25,'TL'),(1704,'Transfer',28443.50,'TL'),(1705,'Transfer',181625.75,'TL'),(1706,'Transfer',86925.75,'TL'),(1707,'Transfer',92743.75,'TL'),(1708,'Transfer',211822.00,'TL'),(1709,'Transfer',23340.25,'TL'),(1710,'Transfer',249376.75,'TL'),(1711,'Transfer',135339.25,'TL'),(1712,'Transfer',131824.25,'TL'),(1713,'Transfer',92070.00,'TL'),(1714,'Transfer',135347.25,'TL'),(1715,'Transfer',6646.00,'TL'),(1716,'Transfer',28989.50,'TL'),(1717,'Transfer',210235.75,'TL'),(1718,'Transfer',99938.00,'TL'),(1719,'Transfer',102026.75,'TL'),(1720,'Transfer',137636.50,'TL'),(1721,'Transfer',212384.75,'TL'),(1722,'Transfer',195589.75,'TL'),(1723,'Transfer',120854.75,'TL'),(1724,'Transfer',4440.00,'TL'),(1725,'Transfer',186551.75,'TL'),(1726,'Transfer',12651.75,'TL'),(1727,'Transfer',167424.25,'TL'),(1728,'Transfer',24983.75,'TL'),(1729,'Transfer',118734.50,'TL'),(1730,'Transfer',62621.00,'TL'),(1731,'Transfer',68713.00,'TL'),(1732,'Transfer',139485.00,'TL'),(1733,'Transfer',239162.50,'TL'),(1734,'Transfer',194692.25,'TL'),(1735,'Transfer',211219.50,'TL'),(1736,'Transfer',112541.50,'TL'),(1737,'Transfer',26514.25,'TL'),(1738,'Transfer',195677.00,'TL'),(1739,'Transfer',63598.75,'TL'),(1740,'Transfer',219441.00,'TL'),(1741,'Transfer',210271.75,'TL'),(1742,'Transfer',171845.75,'TL'),(1743,'Transfer',17889.50,'TL'),(1744,'Transfer',223353.50,'TL'),(1745,'Transfer',221992.00,'TL'),(1746,'Transfer',48787.50,'TL'),(1747,'Transfer',249745.50,'TL'),(1748,'Transfer',3550.50,'TL'),(1749,'Transfer',133439.25,'TL'),(1750,'Transfer',51996.25,'TL'),(1751,'Transfer',217281.25,'TL'),(1752,'Transfer',84689.25,'TL'),(1753,'Transfer',183238.00,'TL'),(1754,'Transfer',96569.00,'TL'),(1755,'Transfer',188884.25,'TL'),(1756,'Transfer',121154.75,'TL'),(1757,'Transfer',33992.00,'TL'),(1758,'Transfer',119132.50,'TL'),(1759,'Transfer',62672.75,'TL'),(1760,'Transfer',108471.75,'TL'),(1761,'Transfer',168660.00,'TL'),(1762,'Transfer',28916.75,'TL'),(1763,'Transfer',214145.00,'TL'),(1764,'Transfer',225876.25,'TL'),(1765,'Transfer',78387.25,'TL'),(1766,'Transfer',137757.50,'TL'),(1767,'Transfer',184006.75,'TL'),(1768,'Transfer',10281.25,'TL'),(1769,'Transfer',113962.50,'TL'),(1770,'Transfer',150727.50,'TL'),(1771,'Transfer',195172.50,'TL'),(1772,'Transfer',22072.50,'TL'),(1773,'Transfer',69601.00,'TL'),(1774,'Transfer',60086.25,'TL'),(1775,'Transfer',16493.25,'TL'),(1776,'Transfer',37445.25,'TL'),(1777,'Transfer',240855.00,'TL'),(1778,'Transfer',85290.75,'TL'),(1779,'Transfer',70892.00,'TL'),(1780,'Transfer',90313.00,'TL'),(1781,'Transfer',98107.50,'TL'),(1782,'Transfer',140910.25,'TL'),(1783,'Transfer',167279.50,'TL'),(1784,'Transfer',139221.00,'TL'),(1785,'Transfer',93324.00,'TL'),(1786,'Transfer',192475.25,'TL'),(1787,'Transfer',68876.75,'TL'),(1788,'Transfer',1144.75,'TL'),(1789,'Transfer',220526.50,'TL'),(1790,'Transfer',27515.25,'TL'),(1791,'Transfer',45376.00,'TL'),(1792,'Transfer',224579.00,'TL'),(1793,'Transfer',29793.75,'TL'),(1794,'Transfer',175347.25,'TL'),(1795,'Transfer',92761.50,'TL'),(1796,'Transfer',18895.25,'TL'),(1797,'Transfer',100501.75,'TL'),(1798,'Transfer',204533.25,'TL'),(1799,'Transfer',142540.75,'TL'),(1800,'Transfer',215593.75,'TL'),(1801,'Transfer',11992.75,'TL'),(1802,'Transfer',161352.00,'TL'),(1803,'Transfer',71643.75,'TL'),(1804,'Transfer',9778.50,'TL'),(1805,'Transfer',108886.25,'TL'),(1806,'Transfer',236112.50,'TL'),(1807,'Transfer',165311.75,'TL'),(1808,'Transfer',166952.25,'TL'),(1809,'Transfer',93849.75,'TL'),(1810,'Transfer',106692.25,'TL'),(1811,'Transfer',127922.50,'TL'),(1812,'Transfer',231058.00,'TL'),(1813,'Transfer',192801.50,'TL'),(1814,'Transfer',60286.75,'TL'),(1815,'Transfer',30888.00,'TL'),(1816,'Transfer',34586.75,'TL'),(1817,'Transfer',76234.75,'TL'),(1818,'Transfer',185036.25,'TL'),(1819,'Transfer',232518.00,'TL'),(1820,'Transfer',240525.50,'TL'),(1821,'Transfer',135643.75,'TL'),(1822,'Transfer',152929.50,'TL'),(1823,'Transfer',52048.25,'TL'),(1824,'Transfer',238938.25,'TL'),(1825,'Transfer',105870.50,'TL'),(1826,'Transfer',134185.50,'TL'),(1827,'Transfer',78917.00,'TL'),(1828,'Transfer',228051.75,'TL'),(1829,'Transfer',142604.25,'TL'),(1830,'Transfer',191171.25,'TL'),(1831,'Transfer',198809.25,'TL'),(1832,'Transfer',230860.25,'TL'),(1833,'Transfer',59231.75,'TL'),(1834,'Transfer',96841.00,'TL'),(1835,'Transfer',219990.25,'TL'),(1836,'Transfer',133470.25,'USD'),(1837,'Transfer',248776.25,'USD'),(1838,'Transfer',158669.00,'USD'),(1839,'Transfer',137014.25,'USD'),(1840,'Transfer',80670.75,'USD'),(1841,'Transfer',114751.25,'USD'),(1842,'Transfer',54093.75,'USD'),(1843,'Transfer',74025.75,'USD'),(1844,'Transfer',227549.00,'USD'),(1845,'Transfer',109418.75,'USD'),(1846,'Transfer',147604.75,'USD'),(1847,'Transfer',56548.50,'USD'),(1848,'Transfer',173358.75,'USD'),(1849,'Transfer',229159.00,'USD'),(1850,'Transfer',12777.75,'USD'),(1851,'Transfer',218926.50,'USD'),(1852,'Transfer',145309.25,'USD'),(1853,'Transfer',44446.25,'USD'),(1854,'Transfer',174798.75,'USD'),(1855,'Transfer',114377.50,'USD'),(1856,'Transfer',155454.75,'USD'),(1857,'Transfer',46265.75,'USD'),(1858,'Transfer',170316.00,'USD'),(1859,'Transfer',206013.25,'USD'),(1860,'Transfer',173449.25,'USD'),(1861,'Transfer',21716.75,'USD'),(1862,'Transfer',141821.75,'USD'),(1863,'Transfer',130103.75,'USD'),(1864,'Transfer',91571.25,'USD'),(1865,'Transfer',79021.00,'USD'),(1866,'Transfer',93191.00,'USD'),(1867,'Transfer',187382.00,'USD'),(1868,'Transfer',156129.00,'USD'),(1869,'Transfer',76184.25,'USD'),(1870,'Transfer',131484.50,'USD'),(1871,'Transfer',234234.25,'USD'),(1872,'Transfer',101123.25,'USD'),(1873,'Transfer',68156.50,'USD'),(1874,'Transfer',7677.75,'USD'),(1875,'Transfer',213258.50,'USD'),(1876,'Transfer',195877.50,'USD'),(1877,'Transfer',224493.25,'USD'),(1878,'Transfer',45592.00,'USD'),(1879,'Transfer',231859.00,'USD'),(1880,'Transfer',58234.75,'USD'),(1881,'Transfer',233244.50,'USD'),(1882,'Transfer',113964.00,'USD'),(1883,'Transfer',118296.75,'USD'),(1884,'Transfer',138876.25,'USD'),(1885,'Transfer',247076.50,'USD'),(1886,'Transfer',151343.75,'USD'),(1887,'Transfer',6931.50,'USD'),(1888,'Transfer',339.00,'USD'),(1889,'Transfer',194481.75,'USD'),(1890,'Transfer',147298.00,'USD'),(1891,'Transfer',228266.50,'USD'),(1892,'Transfer',146379.25,'USD'),(1893,'Transfer',22334.75,'USD'),(1894,'Transfer',166260.00,'USD'),(1895,'Transfer',104848.25,'USD'),(1896,'Transfer',203483.50,'USD'),(1897,'Transfer',156029.50,'USD'),(1898,'Transfer',222293.25,'USD'),(1899,'Transfer',181074.00,'USD'),(1900,'Transfer',216526.50,'USD'),(1901,'Transfer',159962.25,'USD'),(1902,'Transfer',74021.50,'USD'),(1903,'Transfer',193523.75,'USD'),(1904,'Transfer',194841.75,'USD'),(1905,'Transfer',4220.25,'USD'),(1906,'Transfer',59022.50,'USD'),(1907,'Transfer',218563.50,'USD'),(1908,'Transfer',83309.25,'USD'),(1909,'Transfer',242994.25,'USD'),(1910,'Transfer',176103.00,'USD'),(1911,'Transfer',165652.75,'USD'),(1912,'Transfer',35445.25,'USD'),(1913,'Transfer',36458.75,'USD'),(1914,'Transfer',2035.50,'USD'),(1915,'Transfer',118042.00,'USD'),(1916,'Transfer',231945.00,'USD'),(1917,'Transfer',50639.00,'USD'),(1918,'Transfer',196583.25,'USD'),(1919,'Transfer',207360.75,'USD'),(1920,'Transfer',18640.50,'USD'),(1921,'Transfer',99134.25,'USD'),(1922,'Transfer',55932.00,'USD'),(1923,'Transfer',244975.25,'USD'),(1924,'Transfer',82417.75,'USD'),(1925,'Transfer',196475.25,'USD'),(1926,'Transfer',70013.25,'USD'),(1927,'Transfer',220930.75,'USD'),(1928,'Transfer',242279.25,'USD'),(1929,'Transfer',225364.00,'USD'),(1930,'Transfer',223623.25,'USD'),(1931,'Transfer',20798.25,'USD'),(1932,'Transfer',205445.50,'USD'),(1933,'Transfer',179074.00,'USD'),(1934,'Transfer',104730.50,'USD'),(1935,'Transfer',51809.00,'USD'),(1936,'Transfer',75151.25,'USD'),(1937,'Transfer',175890.75,'USD'),(1938,'Transfer',245916.25,'USD'),(1939,'Transfer',162287.25,'USD'),(1940,'Transfer',247629.50,'USD'),(1941,'Transfer',154624.00,'USD'),(1942,'Transfer',26495.25,'USD'),(1943,'Transfer',32579.75,'USD'),(1944,'Transfer',100663.50,'USD'),(1945,'Transfer',98951.00,'USD'),(1946,'Transfer',153550.25,'USD'),(1947,'Transfer',111436.50,'USD'),(1948,'Transfer',55043.00,'USD'),(1949,'Transfer',53625.50,'USD'),(1950,'Transfer',219836.50,'USD'),(1951,'Transfer',169106.00,'USD'),(1952,'Transfer',183280.25,'USD'),(1953,'Transfer',87438.75,'USD'),(1954,'Transfer',105322.25,'USD'),(1955,'Transfer',137288.25,'USD'),(1956,'Transfer',47020.50,'USD'),(1957,'Transfer',226226.50,'USD'),(1958,'Transfer',46988.25,'USD'),(1959,'Transfer',106532.50,'USD'),(1960,'Transfer',115724.00,'USD'),(1961,'Transfer',224181.00,'USD'),(1962,'Transfer',48430.25,'USD'),(1963,'Transfer',153657.00,'USD'),(1964,'Transfer',204401.50,'USD'),(1965,'Transfer',113269.50,'USD'),(1966,'Transfer',186800.75,'USD'),(1967,'Transfer',75346.00,'USD'),(1968,'Transfer',117452.25,'USD'),(1969,'Transfer',18647.00,'USD'),(1970,'Transfer',49671.00,'USD'),(1971,'Transfer',109197.25,'USD'),(1972,'Transfer',98988.50,'USD'),(1973,'Transfer',2618.00,'USD'),(1974,'Transfer',248506.00,'USD'),(1975,'Transfer',80185.25,'USD'),(1976,'Transfer',17412.00,'USD'),(1977,'Transfer',200912.50,'USD'),(1978,'Transfer',208622.00,'USD'),(1979,'Transfer',118758.25,'USD'),(1980,'Transfer',203478.00,'USD'),(1981,'Transfer',242837.25,'USD'),(1982,'Transfer',227725.50,'USD'),(1983,'Transfer',156601.25,'USD'),(1984,'Transfer',16584.50,'USD'),(1985,'Transfer',151197.00,'USD'),(1986,'Transfer',126443.00,'USD'),(1987,'Transfer',67471.50,'USD'),(1988,'Transfer',33619.25,'USD'),(1989,'Transfer',98795.75,'USD'),(1990,'Transfer',184597.75,'USD'),(1991,'Transfer',83458.25,'USD'),(1992,'Transfer',238324.75,'USD'),(1993,'Transfer',55797.50,'USD'),(1994,'Transfer',216427.50,'USD'),(1995,'Transfer',231514.50,'USD'),(1996,'Transfer',236861.75,'USD'),(1997,'Transfer',246258.25,'USD'),(1998,'Transfer',86412.25,'USD'),(1999,'Transfer',1173.75,'USD'),(2000,'Transfer',87005.25,'USD'),(2001,'Transfer',192735.25,'USD'),(2002,'Transfer',204938.00,'USD'),(2003,'Transfer',21999.75,'USD'),(2004,'Transfer',54248.00,'USD'),(2005,'Transfer',215043.00,'USD'),(2006,'Transfer',69630.00,'USD'),(2007,'Transfer',198490.75,'USD'),(2008,'Transfer',247971.75,'USD'),(2009,'Transfer',62938.75,'USD'),(2010,'Transfer',233859.75,'USD'),(2011,'Transfer',20931.50,'USD'),(2012,'Transfer',144808.00,'USD'),(2013,'Transfer',152811.00,'USD'),(2014,'Transfer',188676.75,'USD'),(2015,'Transfer',142980.50,'USD'),(2016,'Transfer',224318.25,'USD'),(2017,'Transfer',145283.00,'USD'),(2018,'Transfer',38201.50,'USD'),(2019,'Transfer',40675.75,'USD'),(2020,'Transfer',74216.50,'USD'),(2021,'Transfer',94058.75,'USD'),(2022,'Transfer',31387.25,'USD'),(2023,'Transfer',142966.75,'USD'),(2024,'Transfer',118488.00,'USD'),(2025,'Transfer',116302.75,'USD'),(2026,'Transfer',234980.50,'USD'),(2027,'Transfer',890.00,'USD'),(2028,'Transfer',81967.75,'USD'),(2029,'Transfer',231383.75,'USD'),(2030,'Transfer',143487.75,'USD'),(2031,'Transfer',91071.50,'USD'),(2032,'Transfer',179212.50,'USD'),(2033,'Transfer',187904.00,'USD'),(2034,'Transfer',72022.25,'USD'),(2035,'Transfer',229357.25,'USD'),(2036,'Transfer',53825.75,'USD'),(2037,'Transfer',248596.00,'USD'),(2038,'Transfer',16995.50,'USD'),(2039,'Transfer',52074.25,'USD'),(2040,'Transfer',196789.75,'USD'),(2041,'Transfer',28890.75,'USD'),(2042,'Transfer',47808.00,'USD'),(2043,'Transfer',105668.75,'USD'),(2044,'Transfer',188812.25,'USD'),(2045,'Transfer',87740.75,'USD'),(2046,'Transfer',209922.50,'USD'),(2047,'Transfer',20281.25,'USD'),(2048,'Transfer',142217.25,'USD'),(2049,'Transfer',48629.25,'USD'),(2050,'Transfer',126002.50,'USD'),(2051,'Transfer',29204.75,'USD'),(2052,'Transfer',162482.75,'USD'),(2053,'Transfer',84608.25,'USD'),(2054,'Transfer',227162.50,'USD'),(2055,'Transfer',234099.50,'USD'),(2056,'Transfer',8178.50,'USD'),(2057,'Transfer',133669.00,'USD'),(2058,'Transfer',80796.75,'USD'),(2059,'Transfer',5351.00,'USD'),(2060,'Transfer',150754.50,'USD'),(2061,'Transfer',219797.00,'USD'),(2062,'Transfer',104945.00,'USD'),(2063,'Transfer',248012.25,'USD'),(2064,'Transfer',122402.00,'USD'),(2065,'Transfer',240641.25,'USD'),(2066,'Transfer',71695.50,'USD'),(2067,'Transfer',206406.00,'USD'),(2068,'Transfer',141043.00,'USD'),(2069,'Transfer',44903.00,'USD'),(2070,'Transfer',203742.00,'USD'),(2071,'Transfer',24649.75,'USD'),(2072,'Transfer',16388.00,'USD'),(2073,'Transfer',61255.50,'USD'),(2074,'Transfer',108885.25,'USD'),(2075,'Transfer',176114.75,'USD'),(2076,'Transfer',19962.50,'USD'),(2077,'Transfer',155902.25,'USD'),(2078,'Transfer',27003.75,'USD'),(2079,'Transfer',122151.25,'USD'),(2080,'Transfer',245022.25,'USD'),(2081,'Transfer',37714.00,'USD'),(2082,'Transfer',132814.25,'USD'),(2083,'Transfer',159282.00,'USD'),(2084,'Transfer',239350.25,'USD'),(2085,'Transfer',148303.25,'USD'),(2086,'Transfer',195615.50,'USD'),(2087,'Transfer',114513.00,'USD'),(2088,'Transfer',115077.25,'USD'),(2089,'Transfer',69364.25,'USD'),(2090,'Transfer',244116.25,'USD'),(2091,'Transfer',100404.75,'USD'),(2092,'Transfer',174872.25,'USD'),(2093,'Transfer',51130.50,'USD'),(2094,'Transfer',20449.00,'USD'),(2095,'Transfer',195118.75,'USD'),(2096,'Transfer',93110.50,'USD'),(2097,'Transfer',63911.50,'USD'),(2098,'Transfer',182512.25,'USD'),(2099,'Transfer',167774.50,'USD'),(2100,'Transfer',103968.00,'USD'),(2101,'Transfer',49317.75,'USD'),(2102,'Transfer',177896.50,'USD'),(2103,'Transfer',226147.50,'USD'),(2104,'Transfer',225770.25,'USD'),(2105,'Transfer',49008.50,'USD'),(2106,'Transfer',215824.50,'USD'),(2107,'Transfer',221988.00,'USD'),(2108,'Transfer',42392.25,'USD'),(2109,'Transfer',116578.00,'USD'),(2110,'Transfer',55771.75,'USD'),(2111,'Transfer',59052.00,'USD'),(2112,'Transfer',218012.25,'USD'),(2113,'Transfer',122545.75,'USD'),(2114,'Transfer',162731.50,'USD'),(2115,'Transfer',210319.00,'USD'),(2116,'Transfer',241110.25,'USD'),(2117,'Transfer',243317.50,'USD'),(2118,'Transfer',149453.00,'USD'),(2119,'Transfer',13806.50,'USD'),(2120,'Transfer',127239.00,'USD'),(2121,'Transfer',82461.25,'USD'),(2122,'Transfer',85399.25,'USD'),(2123,'Transfer',30891.25,'USD'),(2124,'Transfer',207806.50,'USD'),(2125,'Transfer',6671.00,'USD'),(2126,'Transfer',200662.25,'USD'),(2127,'Transfer',217118.25,'USD'),(2128,'Transfer',193867.50,'USD'),(2129,'Transfer',139390.25,'USD'),(2130,'Transfer',623.50,'USD'),(2131,'Transfer',223099.25,'USD'),(2132,'Transfer',179763.75,'USD'),(2133,'Transfer',42221.50,'USD'),(2134,'Transfer',83751.75,'USD'),(2135,'Withdrawal',52917.00,'TL'),(2136,'Withdrawal',62464.00,'TL'),(2137,'Withdrawal',21096.00,'TL'),(2138,'Withdrawal',41253.00,'TL'),(2139,'Withdrawal',64243.00,'TL'),(2140,'Withdrawal',94990.00,'TL'),(2141,'Withdrawal',32352.00,'TL'),(2142,'Withdrawal',7804.00,'TL'),(2143,'Withdrawal',69396.00,'TL'),(2144,'Withdrawal',17935.00,'TL'),(2145,'Withdrawal',65946.00,'TL'),(2146,'Withdrawal',47938.00,'TL'),(2147,'Withdrawal',9530.00,'TL'),(2148,'Withdrawal',31439.00,'TL'),(2149,'Withdrawal',79723.00,'TL'),(2150,'Withdrawal',39574.00,'TL'),(2151,'Withdrawal',3397.00,'TL'),(2152,'Withdrawal',31264.00,'TL'),(2153,'Withdrawal',56660.00,'TL'),(2154,'Withdrawal',10902.00,'TL'),(2155,'Withdrawal',72013.00,'TL'),(2156,'Withdrawal',29912.00,'TL'),(2157,'Withdrawal',25581.00,'TL'),(2158,'Withdrawal',27948.00,'TL'),(2159,'Withdrawal',53633.00,'TL'),(2160,'Withdrawal',71184.00,'TL'),(2161,'Withdrawal',89195.00,'TL'),(2162,'Withdrawal',12627.00,'TL'),(2163,'Withdrawal',47689.00,'TL'),(2164,'Withdrawal',9243.00,'TL'),(2165,'Withdrawal',99905.00,'TL'),(2166,'Withdrawal',77051.00,'TL'),(2167,'Withdrawal',96336.00,'TL'),(2168,'Withdrawal',25355.00,'TL'),(2169,'Withdrawal',89178.00,'TL'),(2170,'Withdrawal',69747.00,'TL'),(2171,'Withdrawal',97915.00,'TL'),(2172,'Withdrawal',98080.00,'TL'),(2173,'Withdrawal',87183.00,'TL'),(2174,'Withdrawal',29916.00,'TL'),(2175,'Withdrawal',47900.00,'TL'),(2176,'Withdrawal',26049.00,'TL'),(2177,'Withdrawal',66049.00,'TL'),(2178,'Withdrawal',36977.00,'TL'),(2179,'Withdrawal',19802.00,'TL'),(2180,'Withdrawal',26359.00,'TL'),(2181,'Withdrawal',2229.00,'TL'),(2182,'Withdrawal',24385.00,'TL'),(2183,'Withdrawal',31010.00,'TL'),(2184,'Withdrawal',96173.00,'TL'),(2185,'Withdrawal',81354.00,'TL'),(2186,'Withdrawal',99065.00,'TL'),(2187,'Withdrawal',86702.00,'TL'),(2188,'Withdrawal',30286.00,'TL'),(2189,'Withdrawal',62372.00,'TL'),(2190,'Withdrawal',70811.00,'TL'),(2191,'Withdrawal',58726.00,'TL'),(2192,'Withdrawal',33230.00,'TL'),(2193,'Withdrawal',76876.00,'TL'),(2194,'Withdrawal',49582.00,'TL'),(2195,'Withdrawal',35749.00,'TL'),(2196,'Withdrawal',50901.00,'TL'),(2197,'Withdrawal',64214.00,'TL'),(2198,'Withdrawal',12899.00,'TL'),(2199,'Withdrawal',75974.00,'TL'),(2200,'Withdrawal',73759.00,'TL'),(2201,'Withdrawal',33322.00,'TL'),(2202,'Withdrawal',80390.00,'TL'),(2203,'Withdrawal',4409.00,'TL'),(2204,'Withdrawal',31305.00,'TL'),(2205,'Withdrawal',98163.00,'TL'),(2206,'Withdrawal',58013.00,'TL'),(2207,'Withdrawal',22886.00,'TL'),(2208,'Withdrawal',5868.00,'TL'),(2209,'Withdrawal',55253.00,'TL'),(2210,'Withdrawal',30623.00,'TL'),(2211,'Withdrawal',42982.00,'TL'),(2212,'Withdrawal',42633.00,'TL'),(2213,'Withdrawal',58942.00,'TL'),(2214,'Withdrawal',88271.00,'TL'),(2215,'Withdrawal',9458.00,'TL'),(2216,'Withdrawal',22415.00,'TL'),(2217,'Withdrawal',2974.00,'TL'),(2218,'Withdrawal',68982.00,'TL'),(2219,'Withdrawal',55022.00,'TL'),(2220,'Withdrawal',93842.00,'TL'),(2221,'Withdrawal',35282.00,'TL'),(2222,'Withdrawal',88765.00,'TL'),(2223,'Withdrawal',15965.00,'TL'),(2224,'Withdrawal',32424.00,'TL'),(2225,'Withdrawal',17080.00,'TL'),(2226,'Withdrawal',8204.00,'TL'),(2227,'Withdrawal',42614.00,'TL'),(2228,'Withdrawal',5399.00,'TL'),(2229,'Withdrawal',86999.00,'TL'),(2230,'Withdrawal',54227.00,'TL'),(2231,'Withdrawal',58592.00,'TL'),(2232,'Withdrawal',73314.00,'TL'),(2233,'Withdrawal',6364.00,'TL'),(2234,'Withdrawal',75511.00,'TL'),(2235,'Withdrawal',58474.00,'TL'),(2236,'Withdrawal',51946.00,'TL'),(2237,'Withdrawal',42655.00,'TL'),(2238,'Withdrawal',60470.00,'TL'),(2239,'Withdrawal',84743.00,'TL'),(2240,'Withdrawal',91516.00,'TL'),(2241,'Withdrawal',94782.00,'TL'),(2242,'Withdrawal',87878.00,'TL'),(2243,'Withdrawal',91819.00,'TL'),(2244,'Withdrawal',4014.00,'TL'),(2245,'Withdrawal',76009.00,'TL'),(2246,'Withdrawal',11937.00,'TL'),(2247,'Withdrawal',87457.00,'TL'),(2248,'Withdrawal',84060.00,'TL'),(2249,'Withdrawal',48195.00,'TL'),(2250,'Withdrawal',5941.00,'TL'),(2251,'Withdrawal',39960.00,'TL'),(2252,'Withdrawal',23873.00,'TL'),(2253,'Withdrawal',44470.00,'TL'),(2254,'Withdrawal',1683.00,'TL'),(2255,'Withdrawal',53416.00,'TL'),(2256,'Withdrawal',18707.00,'TL'),(2257,'Withdrawal',26573.00,'TL'),(2258,'Withdrawal',65382.00,'TL'),(2259,'Withdrawal',42572.00,'TL'),(2260,'Withdrawal',95593.00,'TL'),(2261,'Withdrawal',97734.00,'TL'),(2262,'Withdrawal',45113.00,'TL'),(2263,'Withdrawal',83967.00,'TL'),(2264,'Withdrawal',75204.00,'TL'),(2265,'Withdrawal',32378.00,'TL'),(2266,'Withdrawal',9612.00,'TL'),(2267,'Withdrawal',80594.00,'TL'),(2268,'Withdrawal',94394.00,'TL'),(2269,'Withdrawal',89829.00,'TL'),(2270,'Withdrawal',73815.00,'TL'),(2271,'Withdrawal',53637.00,'TL'),(2272,'Withdrawal',75243.00,'TL'),(2273,'Withdrawal',50815.00,'TL'),(2274,'Withdrawal',72579.00,'TL'),(2275,'Withdrawal',66713.00,'TL'),(2276,'Withdrawal',25353.00,'TL'),(2277,'Withdrawal',52759.00,'TL'),(2278,'Withdrawal',808.00,'TL'),(2279,'Withdrawal',95576.00,'TL'),(2280,'Withdrawal',93705.00,'TL'),(2281,'Withdrawal',2675.00,'TL'),(2282,'Withdrawal',85537.00,'TL'),(2283,'Withdrawal',79384.00,'TL'),(2284,'Withdrawal',86571.00,'TL'),(2285,'Withdrawal',14960.00,'TL'),(2286,'Withdrawal',93535.00,'TL'),(2287,'Withdrawal',28390.00,'TL'),(2288,'Withdrawal',68751.00,'TL'),(2289,'Withdrawal',55444.00,'TL'),(2290,'Withdrawal',6597.00,'TL'),(2291,'Withdrawal',17338.00,'TL'),(2292,'Withdrawal',36850.00,'TL'),(2293,'Withdrawal',72754.00,'TL'),(2294,'Withdrawal',15927.00,'TL'),(2295,'Withdrawal',63817.00,'TL'),(2296,'Withdrawal',53360.00,'TL'),(2297,'Withdrawal',63415.00,'TL'),(2298,'Withdrawal',96889.00,'TL'),(2299,'Withdrawal',76536.00,'TL'),(2300,'Withdrawal',72975.00,'TL'),(2301,'Withdrawal',48027.00,'TL'),(2302,'Withdrawal',25875.00,'TL'),(2303,'Withdrawal',59691.00,'TL'),(2304,'Withdrawal',75881.00,'TL'),(2305,'Withdrawal',32475.00,'TL'),(2306,'Withdrawal',92171.00,'TL'),(2307,'Withdrawal',76518.00,'TL'),(2308,'Withdrawal',46680.00,'TL'),(2309,'Withdrawal',90312.00,'TL'),(2310,'Withdrawal',39426.00,'TL'),(2311,'Withdrawal',7663.00,'TL'),(2312,'Withdrawal',2171.00,'TL'),(2313,'Withdrawal',30293.00,'TL'),(2314,'Withdrawal',43698.00,'TL'),(2315,'Withdrawal',88095.00,'TL'),(2316,'Withdrawal',76361.00,'TL'),(2317,'Withdrawal',6502.00,'TL'),(2318,'Withdrawal',98040.00,'TL'),(2319,'Withdrawal',70114.00,'TL'),(2320,'Withdrawal',16912.00,'TL'),(2321,'Withdrawal',87594.00,'TL'),(2322,'Withdrawal',27195.00,'TL'),(2323,'Withdrawal',39352.00,'TL'),(2324,'Withdrawal',33632.00,'TL'),(2325,'Withdrawal',26369.00,'TL'),(2326,'Withdrawal',229.00,'TL'),(2327,'Withdrawal',5725.00,'TL'),(2328,'Withdrawal',66673.00,'TL'),(2329,'Withdrawal',61242.00,'TL'),(2330,'Withdrawal',43752.00,'TL'),(2331,'Withdrawal',1900.00,'TL'),(2332,'Withdrawal',9793.00,'TL'),(2333,'Withdrawal',37125.00,'TL'),(2334,'Withdrawal',83919.00,'TL'),(2335,'Withdrawal',48153.00,'TL'),(2336,'Withdrawal',32301.00,'TL'),(2337,'Withdrawal',54815.00,'TL'),(2338,'Withdrawal',61471.00,'TL'),(2339,'Withdrawal',84339.00,'TL'),(2340,'Withdrawal',92286.00,'TL'),(2341,'Withdrawal',45197.00,'TL'),(2342,'Withdrawal',70841.00,'TL'),(2343,'Withdrawal',27269.00,'TL'),(2344,'Withdrawal',23216.00,'TL'),(2345,'Withdrawal',17389.00,'TL'),(2346,'Withdrawal',71698.00,'TL'),(2347,'Withdrawal',84880.00,'TL'),(2348,'Withdrawal',6228.00,'TL'),(2349,'Withdrawal',48438.00,'TL'),(2350,'Withdrawal',9304.00,'TL'),(2351,'Withdrawal',47404.00,'TL'),(2352,'Withdrawal',11192.00,'TL'),(2353,'Withdrawal',66227.00,'TL'),(2354,'Withdrawal',58661.00,'TL'),(2355,'Withdrawal',80086.00,'TL'),(2356,'Withdrawal',1078.00,'TL'),(2357,'Withdrawal',26978.00,'TL'),(2358,'Withdrawal',76662.00,'TL'),(2359,'Withdrawal',62068.00,'TL'),(2360,'Withdrawal',46196.00,'TL'),(2361,'Withdrawal',4081.00,'TL'),(2362,'Withdrawal',6346.00,'TL'),(2363,'Withdrawal',51671.00,'TL'),(2364,'Withdrawal',87549.00,'TL'),(2365,'Withdrawal',85898.00,'TL'),(2366,'Withdrawal',27805.00,'TL'),(2367,'Withdrawal',9580.00,'TL'),(2368,'Withdrawal',21872.00,'TL'),(2369,'Withdrawal',26809.00,'TL'),(2370,'Withdrawal',91443.00,'TL'),(2371,'Withdrawal',78337.00,'TL'),(2372,'Withdrawal',54805.00,'TL'),(2373,'Withdrawal',7959.00,'TL'),(2374,'Withdrawal',1010.00,'TL'),(2375,'Withdrawal',99077.00,'TL'),(2376,'Withdrawal',83240.00,'TL'),(2377,'Withdrawal',42000.00,'TL'),(2378,'Withdrawal',36180.00,'TL'),(2379,'Withdrawal',44562.00,'TL'),(2380,'Withdrawal',23052.00,'TL'),(2381,'Withdrawal',99567.00,'TL'),(2382,'Withdrawal',17471.00,'TL'),(2383,'Withdrawal',61349.00,'TL'),(2384,'Withdrawal',94190.00,'TL'),(2385,'Withdrawal',44333.00,'TL'),(2386,'Withdrawal',19878.00,'TL'),(2387,'Withdrawal',43338.00,'TL'),(2388,'Withdrawal',11588.00,'TL'),(2389,'Withdrawal',38180.00,'TL'),(2390,'Withdrawal',35843.00,'TL'),(2391,'Withdrawal',3942.00,'TL'),(2392,'Withdrawal',7351.00,'TL'),(2393,'Withdrawal',18345.00,'TL'),(2394,'Withdrawal',73067.00,'TL'),(2395,'Withdrawal',74771.00,'TL'),(2396,'Withdrawal',27385.00,'TL'),(2397,'Withdrawal',54381.00,'TL'),(2398,'Withdrawal',48120.00,'TL'),(2399,'Withdrawal',35007.00,'TL'),(2400,'Withdrawal',3916.00,'TL'),(2401,'Withdrawal',64337.00,'TL'),(2402,'Withdrawal',2964.00,'TL'),(2403,'Withdrawal',67524.00,'TL'),(2404,'Withdrawal',4294.00,'TL'),(2405,'Withdrawal',6781.00,'TL'),(2406,'Withdrawal',28187.00,'TL'),(2407,'Withdrawal',45327.00,'TL'),(2408,'Withdrawal',95993.00,'TL'),(2409,'Withdrawal',68101.00,'TL'),(2410,'Withdrawal',24173.00,'TL'),(2411,'Withdrawal',75047.00,'TL'),(2412,'Withdrawal',47942.00,'TL'),(2413,'Withdrawal',33001.00,'TL'),(2414,'Withdrawal',69362.00,'TL'),(2415,'Withdrawal',62977.00,'TL'),(2416,'Withdrawal',9066.00,'TL'),(2417,'Withdrawal',60181.00,'TL'),(2418,'Withdrawal',93408.00,'TL'),(2419,'Withdrawal',23538.00,'TL'),(2420,'Withdrawal',66400.00,'TL'),(2421,'Withdrawal',84891.00,'TL'),(2422,'Withdrawal',72264.00,'TL'),(2423,'Withdrawal',20085.00,'TL'),(2424,'Withdrawal',87142.00,'TL'),(2425,'Withdrawal',35378.00,'TL'),(2426,'Withdrawal',72083.00,'TL'),(2427,'Withdrawal',13605.00,'TL'),(2428,'Withdrawal',91708.00,'TL'),(2429,'Withdrawal',81233.00,'TL'),(2430,'Withdrawal',69332.00,'TL'),(2431,'Withdrawal',96130.00,'TL'),(2432,'Withdrawal',88167.00,'TL'),(2433,'Withdrawal',28179.00,'TL'),(2434,'Withdrawal',65594.00,'TL'),(2435,'Withdrawal',2573.00,'TL'),(2436,'Withdrawal',22320.00,'TL'),(2437,'Withdrawal',36090.00,'TL'),(2438,'Withdrawal',97323.00,'TL'),(2439,'Withdrawal',27240.00,'TL'),(2440,'Withdrawal',62280.00,'TL'),(2441,'Withdrawal',64839.00,'TL'),(2442,'Withdrawal',13117.00,'TL'),(2443,'Withdrawal',19381.00,'TL'),(2444,'Withdrawal',41562.00,'TL'),(2445,'Withdrawal',46036.00,'TL'),(2446,'Withdrawal',54122.00,'TL'),(2447,'Withdrawal',95941.00,'TL'),(2448,'Withdrawal',30491.00,'TL'),(2449,'Withdrawal',37806.00,'TL'),(2450,'Withdrawal',26754.00,'TL'),(2451,'Withdrawal',89047.00,'TL'),(2452,'Withdrawal',92177.00,'TL'),(2453,'Withdrawal',44453.00,'TL'),(2454,'Withdrawal',1180.00,'TL'),(2455,'Withdrawal',40808.00,'TL'),(2456,'Withdrawal',6354.00,'TL'),(2457,'Withdrawal',73192.00,'TL'),(2458,'Withdrawal',3857.00,'TL'),(2459,'Withdrawal',68620.00,'TL'),(2460,'Withdrawal',12026.00,'TL'),(2461,'Withdrawal',56101.00,'TL'),(2462,'Withdrawal',97924.00,'TL'),(2463,'Withdrawal',50473.00,'TL'),(2464,'Withdrawal',28225.00,'TL'),(2465,'Withdrawal',86995.00,'TL'),(2466,'Withdrawal',61347.00,'TL'),(2467,'Withdrawal',21607.00,'TL'),(2468,'Withdrawal',61037.00,'TL'),(2469,'Withdrawal',10171.00,'TL'),(2470,'Withdrawal',79454.00,'TL'),(2471,'Withdrawal',31443.00,'TL'),(2472,'Withdrawal',94671.00,'TL'),(2473,'Withdrawal',50775.00,'TL'),(2474,'Withdrawal',65875.00,'TL'),(2475,'Withdrawal',82795.00,'TL'),(2476,'Withdrawal',94472.00,'TL'),(2477,'Withdrawal',95012.00,'TL'),(2478,'Withdrawal',13864.00,'TL'),(2479,'Withdrawal',64184.00,'TL'),(2480,'Withdrawal',20609.00,'TL'),(2481,'Withdrawal',12495.00,'TL'),(2482,'Withdrawal',58633.00,'TL'),(2483,'Withdrawal',90455.00,'TL'),(2484,'Withdrawal',62587.00,'TL'),(2485,'Withdrawal',62749.00,'TL'),(2486,'Withdrawal',509.00,'TL'),(2487,'Withdrawal',86914.00,'TL'),(2488,'Withdrawal',56765.00,'TL'),(2489,'Withdrawal',43207.00,'TL'),(2490,'Withdrawal',98660.00,'TL'),(2491,'Withdrawal',87848.00,'TL'),(2492,'Withdrawal',41779.00,'TL'),(2493,'Withdrawal',16984.00,'TL'),(2494,'Withdrawal',95550.00,'TL'),(2495,'Withdrawal',71570.00,'TL'),(2496,'Withdrawal',40017.00,'TL'),(2497,'Withdrawal',5321.00,'TL'),(2498,'Withdrawal',73459.00,'TL'),(2499,'Withdrawal',21010.00,'TL'),(2500,'Withdrawal',27272.00,'TL'),(2501,'Withdrawal',41785.00,'TL'),(2502,'Withdrawal',76101.00,'TL'),(2503,'Withdrawal',81400.00,'TL'),(2504,'Withdrawal',67204.00,'TL'),(2505,'Withdrawal',63124.00,'TL'),(2506,'Withdrawal',50757.00,'TL'),(2507,'Withdrawal',84761.00,'TL'),(2508,'Withdrawal',42449.00,'TL'),(2509,'Withdrawal',55177.00,'TL'),(2510,'Withdrawal',79315.00,'TL'),(2511,'Withdrawal',24625.00,'TL'),(2512,'Withdrawal',9994.00,'TL'),(2513,'Withdrawal',81277.00,'TL'),(2514,'Withdrawal',70242.00,'TL'),(2515,'Withdrawal',93888.00,'TL'),(2516,'Withdrawal',44884.00,'TL'),(2517,'Withdrawal',95320.00,'TL'),(2518,'Withdrawal',77723.00,'TL'),(2519,'Withdrawal',43630.00,'TL'),(2520,'Withdrawal',13354.00,'TL'),(2521,'Withdrawal',81988.00,'TL'),(2522,'Withdrawal',99096.00,'TL'),(2523,'Withdrawal',81459.00,'TL'),(2524,'Withdrawal',34169.00,'TL'),(2525,'Withdrawal',72593.00,'TL'),(2526,'Withdrawal',77170.00,'TL'),(2527,'Withdrawal',4141.00,'TL'),(2528,'Withdrawal',45249.00,'TL'),(2529,'Withdrawal',56554.00,'TL'),(2530,'Withdrawal',158.00,'TL'),(2531,'Withdrawal',51222.00,'TL'),(2532,'Withdrawal',91603.00,'TL'),(2533,'Withdrawal',45777.00,'TL'),(2534,'Withdrawal',48661.00,'TL'),(2535,'Withdrawal',73833.00,'TL'),(2536,'Withdrawal',90098.00,'TL'),(2537,'Withdrawal',51985.00,'TL'),(2538,'Withdrawal',86540.00,'TL'),(2539,'Withdrawal',36037.00,'TL'),(2540,'Withdrawal',6829.00,'TL'),(2541,'Withdrawal',5547.00,'TL'),(2542,'Withdrawal',30457.00,'TL'),(2543,'Withdrawal',4827.00,'TL'),(2544,'Withdrawal',3601.00,'TL'),(2545,'Withdrawal',78413.00,'TL'),(2546,'Withdrawal',61532.00,'TL'),(2547,'Withdrawal',39301.00,'TL'),(2548,'Withdrawal',71492.00,'TL'),(2549,'Withdrawal',73471.00,'TL'),(2550,'Withdrawal',61744.00,'TL'),(2551,'Withdrawal',59530.00,'TL'),(2552,'Withdrawal',71504.00,'TL'),(2553,'Withdrawal',7984.00,'TL'),(2554,'Withdrawal',67619.00,'TL'),(2555,'Withdrawal',61315.00,'TL'),(2556,'Withdrawal',44996.00,'TL'),(2557,'Withdrawal',49718.00,'TL'),(2558,'Withdrawal',34202.00,'TL'),(2559,'Withdrawal',44264.00,'TL'),(2560,'Withdrawal',39870.00,'TL'),(2561,'Withdrawal',60940.00,'TL'),(2562,'Withdrawal',93435.00,'TL'),(2563,'Withdrawal',37542.00,'TL'),(2564,'Withdrawal',22444.00,'TL'),(2565,'Withdrawal',67694.00,'TL'),(2566,'Withdrawal',72805.00,'TL'),(2567,'Withdrawal',40147.00,'TL'),(2568,'Withdrawal',9453.00,'TL'),(2569,'Withdrawal',99590.00,'TL'),(2570,'Withdrawal',12485.00,'TL'),(2571,'Withdrawal',40723.00,'TL'),(2572,'Withdrawal',59834.00,'TL'),(2573,'Withdrawal',38776.00,'TL'),(2574,'Withdrawal',82177.00,'TL'),(2575,'Withdrawal',45677.00,'TL'),(2576,'Withdrawal',11733.00,'TL'),(2577,'Withdrawal',75882.00,'TL'),(2578,'Withdrawal',52476.00,'TL'),(2579,'Withdrawal',23786.00,'TL'),(2580,'Withdrawal',36586.00,'TL'),(2581,'Withdrawal',95389.00,'TL'),(2582,'Withdrawal',19838.00,'TL'),(2583,'Withdrawal',70460.00,'TL'),(2584,'Withdrawal',9210.00,'TL'),(2585,'Withdrawal',3265.00,'TL'),(2586,'Withdrawal',19054.00,'TL'),(2587,'Withdrawal',5516.00,'TL'),(2588,'Withdrawal',60487.00,'TL'),(2589,'Withdrawal',65591.00,'TL'),(2590,'Withdrawal',82660.00,'TL'),(2591,'Withdrawal',44552.00,'TL'),(2592,'Withdrawal',87522.00,'TL'),(2593,'Withdrawal',48561.00,'TL'),(2594,'Withdrawal',22810.00,'TL'),(2595,'Withdrawal',25928.00,'TL'),(2596,'Withdrawal',45127.00,'TL'),(2597,'Withdrawal',37393.00,'TL'),(2598,'Withdrawal',17867.00,'TL'),(2599,'Withdrawal',32862.00,'TL'),(2600,'Withdrawal',31962.00,'TL'),(2601,'Withdrawal',64534.00,'TL'),(2602,'Withdrawal',83360.00,'TL'),(2603,'Withdrawal',23310.00,'TL'),(2604,'Withdrawal',14904.00,'TL'),(2605,'Withdrawal',96014.00,'TL'),(2606,'Withdrawal',94905.00,'TL'),(2607,'Withdrawal',69061.00,'TL'),(2608,'Withdrawal',5987.00,'TL'),(2609,'Withdrawal',8868.00,'TL'),(2610,'Withdrawal',9336.00,'TL'),(2611,'Withdrawal',9869.00,'TL'),(2612,'Withdrawal',17673.00,'TL'),(2613,'Withdrawal',42259.00,'TL'),(2614,'Withdrawal',99509.00,'TL'),(2615,'Withdrawal',48466.00,'TL'),(2616,'Withdrawal',74290.00,'TL'),(2617,'Withdrawal',20262.00,'TL'),(2618,'Withdrawal',78113.00,'TL'),(2619,'Withdrawal',47955.00,'TL'),(2620,'Withdrawal',50129.00,'TL'),(2621,'Withdrawal',25244.00,'TL'),(2622,'Withdrawal',36303.00,'TL'),(2623,'Withdrawal',44332.00,'TL'),(2624,'Withdrawal',38001.00,'TL'),(2625,'Withdrawal',47328.00,'TL'),(2626,'Withdrawal',64106.00,'TL'),(2627,'Withdrawal',53799.00,'TL'),(2628,'Withdrawal',25982.00,'TL'),(2629,'Withdrawal',47659.00,'TL'),(2630,'Withdrawal',51246.00,'TL'),(2631,'Withdrawal',37030.00,'TL'),(2632,'Withdrawal',74616.00,'TL'),(2633,'Withdrawal',51017.00,'TL'),(2634,'Withdrawal',89454.00,'TL'),(2635,'Withdrawal',80729.00,'TL'),(2636,'Withdrawal',42031.00,'TL'),(2637,'Withdrawal',26769.00,'TL'),(2638,'Withdrawal',10263.00,'TL'),(2639,'Withdrawal',70538.00,'TL'),(2640,'Withdrawal',222.00,'TL'),(2641,'Withdrawal',26253.00,'TL'),(2642,'Withdrawal',95935.00,'TL'),(2643,'Withdrawal',58810.00,'TL'),(2644,'Withdrawal',22179.00,'TL'),(2645,'Withdrawal',19368.00,'TL'),(2646,'Withdrawal',95396.00,'TL'),(2647,'Withdrawal',75717.00,'TL'),(2648,'Withdrawal',96587.00,'TL'),(2649,'Withdrawal',13504.00,'TL'),(2650,'Withdrawal',61920.00,'TL'),(2651,'Withdrawal',92865.00,'TL'),(2652,'Withdrawal',44501.00,'TL'),(2653,'Withdrawal',43881.00,'TL'),(2654,'Withdrawal',4779.00,'TL'),(2655,'Withdrawal',24817.00,'TL'),(2656,'Withdrawal',70712.00,'TL'),(2657,'Withdrawal',95965.00,'TL'),(2658,'Withdrawal',13214.00,'TL'),(2659,'Withdrawal',45833.00,'TL'),(2660,'Withdrawal',81422.00,'TL'),(2661,'Withdrawal',57816.00,'TL'),(2662,'Withdrawal',67793.00,'TL'),(2663,'Withdrawal',6670.00,'TL'),(2664,'Withdrawal',39414.00,'TL'),(2665,'Withdrawal',3082.00,'TL'),(2666,'Withdrawal',1603.00,'TL'),(2667,'Withdrawal',59404.00,'TL'),(2668,'Withdrawal',8090.00,'TL'),(2669,'Withdrawal',73777.00,'TL'),(2670,'Withdrawal',11711.00,'TL'),(2671,'Withdrawal',37019.00,'TL'),(2672,'Withdrawal',56506.00,'TL'),(2673,'Withdrawal',66101.00,'TL'),(2674,'Withdrawal',49927.00,'TL'),(2675,'Withdrawal',88906.00,'TL'),(2676,'Withdrawal',59023.00,'TL'),(2677,'Withdrawal',22229.00,'TL'),(2678,'Withdrawal',41164.00,'TL'),(2679,'Withdrawal',43434.00,'TL'),(2680,'Withdrawal',25177.00,'TL'),(2681,'Withdrawal',96356.00,'TL'),(2682,'Withdrawal',87525.00,'TL'),(2683,'Withdrawal',54374.00,'TL'),(2684,'Withdrawal',38107.00,'TL'),(2685,'Withdrawal',94233.00,'TL'),(2686,'Withdrawal',16766.00,'TL'),(2687,'Withdrawal',89282.00,'TL'),(2688,'Withdrawal',63130.00,'TL'),(2689,'Withdrawal',81997.00,'TL'),(2690,'Withdrawal',24868.00,'TL'),(2691,'Withdrawal',34771.00,'TL'),(2692,'Withdrawal',12020.00,'TL'),(2693,'Withdrawal',22340.00,'TL'),(2694,'Withdrawal',44212.00,'TL'),(2695,'Withdrawal',26187.00,'TL'),(2696,'Withdrawal',13064.00,'TL'),(2697,'Withdrawal',23852.00,'TL'),(2698,'Withdrawal',41205.00,'TL'),(2699,'Withdrawal',57303.00,'TL'),(2700,'Withdrawal',42169.00,'TL'),(2701,'Withdrawal',82858.00,'TL'),(2702,'Withdrawal',10185.00,'TL'),(2703,'Withdrawal',89439.00,'TL'),(2704,'Withdrawal',16080.00,'TL'),(2705,'Withdrawal',56147.00,'TL'),(2706,'Withdrawal',84065.00,'TL'),(2707,'Withdrawal',58793.00,'TL'),(2708,'Withdrawal',35205.00,'TL'),(2709,'Withdrawal',27686.00,'TL'),(2710,'Withdrawal',26402.00,'TL'),(2711,'Withdrawal',75813.00,'TL'),(2712,'Withdrawal',90580.00,'TL'),(2713,'Withdrawal',22761.00,'TL'),(2714,'Withdrawal',4430.00,'TL'),(2715,'Withdrawal',21052.00,'TL'),(2716,'Withdrawal',17205.00,'TL'),(2717,'Withdrawal',78926.00,'TL'),(2718,'Withdrawal',68123.00,'TL'),(2719,'Withdrawal',68243.00,'TL'),(2720,'Withdrawal',84250.00,'TL'),(2721,'Withdrawal',4742.00,'TL'),(2722,'Withdrawal',76408.00,'TL'),(2723,'Withdrawal',7216.00,'TL'),(2724,'Withdrawal',61598.00,'TL'),(2725,'Withdrawal',44474.00,'TL'),(2726,'Withdrawal',18449.00,'TL'),(2727,'Withdrawal',96799.00,'TL'),(2728,'Withdrawal',91696.00,'TL'),(2729,'Withdrawal',19771.00,'TL'),(2730,'Withdrawal',75240.00,'TL'),(2731,'Withdrawal',50986.00,'TL'),(2732,'Withdrawal',25907.00,'TL'),(2733,'Withdrawal',37785.00,'TL'),(2734,'Withdrawal',54747.00,'TL'),(2735,'Withdrawal',50435.00,'USD'),(2736,'Withdrawal',55312.00,'USD'),(2737,'Withdrawal',39287.00,'USD'),(2738,'Withdrawal',12471.00,'USD'),(2739,'Withdrawal',75741.00,'USD'),(2740,'Withdrawal',77386.00,'USD'),(2741,'Withdrawal',10033.00,'USD'),(2742,'Withdrawal',38514.00,'USD'),(2743,'Withdrawal',78953.00,'USD'),(2744,'Withdrawal',91963.00,'USD'),(2745,'Withdrawal',93972.00,'USD'),(2746,'Withdrawal',52101.00,'USD'),(2747,'Withdrawal',45463.00,'USD'),(2748,'Withdrawal',12643.00,'USD'),(2749,'Withdrawal',27845.00,'USD'),(2750,'Withdrawal',95026.00,'USD'),(2751,'Withdrawal',49629.00,'USD'),(2752,'Withdrawal',13052.00,'USD'),(2753,'Withdrawal',63296.00,'USD'),(2754,'Withdrawal',56554.00,'USD'),(2755,'Withdrawal',74434.00,'USD'),(2756,'Withdrawal',1303.00,'USD'),(2757,'Withdrawal',54839.00,'USD'),(2758,'Withdrawal',94092.00,'USD'),(2759,'Withdrawal',47965.00,'USD'),(2760,'Withdrawal',30566.00,'USD'),(2761,'Withdrawal',69839.00,'USD'),(2762,'Withdrawal',36293.00,'USD'),(2763,'Withdrawal',47659.00,'USD'),(2764,'Withdrawal',8818.00,'USD'),(2765,'Withdrawal',20144.00,'USD'),(2766,'Withdrawal',68229.00,'USD'),(2767,'Withdrawal',37025.00,'USD'),(2768,'Withdrawal',66656.00,'USD'),(2769,'Withdrawal',24066.00,'USD'),(2770,'Withdrawal',1907.00,'USD'),(2771,'Withdrawal',28962.00,'USD'),(2772,'Withdrawal',78472.00,'USD'),(2773,'Withdrawal',82123.00,'USD'),(2774,'Withdrawal',29617.00,'USD'),(2775,'Withdrawal',14781.00,'USD'),(2776,'Withdrawal',9347.00,'USD'),(2777,'Withdrawal',90295.00,'USD'),(2778,'Withdrawal',42493.00,'USD'),(2779,'Withdrawal',58716.00,'USD'),(2780,'Withdrawal',77688.00,'USD'),(2781,'Withdrawal',20493.00,'USD'),(2782,'Withdrawal',72123.00,'USD'),(2783,'Withdrawal',33959.00,'USD'),(2784,'Withdrawal',81952.00,'USD'),(2785,'Withdrawal',69524.00,'USD'),(2786,'Withdrawal',79175.00,'USD'),(2787,'Withdrawal',68155.00,'USD'),(2788,'Withdrawal',38693.00,'USD'),(2789,'Withdrawal',15050.00,'USD'),(2790,'Withdrawal',69759.00,'USD'),(2791,'Withdrawal',73811.00,'USD'),(2792,'Withdrawal',18763.00,'USD'),(2793,'Withdrawal',19851.00,'USD'),(2794,'Withdrawal',67569.00,'USD'),(2795,'Withdrawal',62222.00,'USD'),(2796,'Withdrawal',48630.00,'USD'),(2797,'Withdrawal',94197.00,'USD'),(2798,'Withdrawal',7876.00,'USD'),(2799,'Withdrawal',78275.00,'USD'),(2800,'Withdrawal',64604.00,'USD'),(2801,'Withdrawal',60163.00,'USD'),(2802,'Withdrawal',48039.00,'USD'),(2803,'Withdrawal',47904.00,'USD'),(2804,'Withdrawal',69192.00,'USD'),(2805,'Withdrawal',61484.00,'USD'),(2806,'Withdrawal',8432.00,'USD'),(2807,'Withdrawal',99974.00,'USD'),(2808,'Withdrawal',40816.00,'USD'),(2809,'Withdrawal',27825.00,'USD'),(2810,'Withdrawal',67568.00,'USD'),(2811,'Withdrawal',10016.00,'USD'),(2812,'Withdrawal',90860.00,'USD'),(2813,'Withdrawal',33357.00,'USD'),(2814,'Withdrawal',35667.00,'USD'),(2815,'Withdrawal',14521.00,'USD'),(2816,'Withdrawal',45261.00,'USD'),(2817,'Withdrawal',86045.00,'USD'),(2818,'Withdrawal',22058.00,'USD'),(2819,'Withdrawal',61375.00,'USD'),(2820,'Withdrawal',51816.00,'USD'),(2821,'Withdrawal',46326.00,'USD'),(2822,'Withdrawal',93500.00,'USD'),(2823,'Withdrawal',94553.00,'USD'),(2824,'Withdrawal',78918.00,'USD'),(2825,'Withdrawal',1638.00,'USD'),(2826,'Withdrawal',92915.00,'USD'),(2827,'Withdrawal',19323.00,'USD'),(2828,'Withdrawal',76613.00,'USD'),(2829,'Withdrawal',16747.00,'USD'),(2830,'Withdrawal',50990.00,'USD'),(2831,'Withdrawal',57983.00,'USD'),(2832,'Withdrawal',16652.00,'USD'),(2833,'Withdrawal',38885.00,'USD'),(2834,'Withdrawal',76716.00,'USD'),(2835,'Withdrawal',85559.00,'USD'),(2836,'Withdrawal',14684.00,'USD'),(2837,'Withdrawal',61431.00,'USD'),(2838,'Withdrawal',57184.00,'USD'),(2839,'Withdrawal',29893.00,'USD'),(2840,'Withdrawal',64725.00,'USD'),(2841,'Withdrawal',40187.00,'USD'),(2842,'Withdrawal',31812.00,'USD'),(2843,'Withdrawal',31216.00,'USD'),(2844,'Withdrawal',83763.00,'USD'),(2845,'Withdrawal',12272.00,'USD'),(2846,'Withdrawal',31670.00,'USD'),(2847,'Withdrawal',82541.00,'USD'),(2848,'Withdrawal',72644.00,'USD'),(2849,'Withdrawal',89221.00,'USD'),(2850,'Withdrawal',90676.00,'USD'),(2851,'Withdrawal',14152.00,'USD'),(2852,'Withdrawal',48293.00,'USD'),(2853,'Withdrawal',83106.00,'USD'),(2854,'Withdrawal',42184.00,'USD'),(2855,'Withdrawal',42923.00,'USD'),(2856,'Withdrawal',91909.00,'USD'),(2857,'Withdrawal',77302.00,'USD'),(2858,'Withdrawal',11840.00,'USD'),(2859,'Withdrawal',80406.00,'USD'),(2860,'Withdrawal',87911.00,'USD'),(2861,'Withdrawal',72001.00,'USD'),(2862,'Withdrawal',5577.00,'USD'),(2863,'Withdrawal',82352.00,'USD'),(2864,'Withdrawal',99247.00,'USD'),(2865,'Withdrawal',18650.00,'USD'),(2866,'Withdrawal',70231.00,'USD'),(2867,'Withdrawal',26757.00,'USD'),(2868,'Withdrawal',36075.00,'USD'),(2869,'Withdrawal',7181.00,'USD'),(2870,'Withdrawal',73489.00,'USD'),(2871,'Withdrawal',27502.00,'USD'),(2872,'Withdrawal',26901.00,'USD'),(2873,'Withdrawal',85271.00,'USD'),(2874,'Withdrawal',9761.00,'USD'),(2875,'Withdrawal',26363.00,'USD'),(2876,'Withdrawal',93916.00,'USD'),(2877,'Withdrawal',69783.00,'USD'),(2878,'Withdrawal',89044.00,'USD'),(2879,'Withdrawal',57366.00,'USD'),(2880,'Withdrawal',67573.00,'USD'),(2881,'Withdrawal',57150.00,'USD'),(2882,'Withdrawal',6961.00,'USD'),(2883,'Withdrawal',44415.00,'USD'),(2884,'Withdrawal',49403.00,'USD'),(2885,'Withdrawal',51662.00,'USD'),(2886,'Withdrawal',25900.00,'USD'),(2887,'Withdrawal',75598.00,'USD'),(2888,'Withdrawal',46569.00,'USD'),(2889,'Withdrawal',8456.00,'USD'),(2890,'Withdrawal',19532.00,'USD'),(2891,'Withdrawal',95762.00,'USD'),(2892,'Withdrawal',56879.00,'USD'),(2893,'Withdrawal',31434.00,'USD'),(2894,'Withdrawal',45989.00,'USD'),(2895,'Withdrawal',72666.00,'USD'),(2896,'Withdrawal',78751.00,'USD'),(2897,'Withdrawal',75477.00,'USD'),(2898,'Withdrawal',18595.00,'USD'),(2899,'Withdrawal',21470.00,'USD'),(2900,'Withdrawal',57062.00,'USD'),(2901,'Withdrawal',76963.00,'USD'),(2902,'Withdrawal',37255.00,'USD'),(2903,'Withdrawal',17295.00,'USD'),(2904,'Withdrawal',52860.00,'USD'),(2905,'Withdrawal',76972.00,'USD'),(2906,'Withdrawal',28512.00,'USD'),(2907,'Withdrawal',86256.00,'USD'),(2908,'Withdrawal',42588.00,'USD'),(2909,'Withdrawal',7509.00,'USD'),(2910,'Withdrawal',17742.00,'USD'),(2911,'Withdrawal',41636.00,'USD'),(2912,'Withdrawal',10789.00,'USD'),(2913,'Withdrawal',82646.00,'USD'),(2914,'Withdrawal',23071.00,'USD'),(2915,'Withdrawal',23756.00,'USD'),(2916,'Withdrawal',99160.00,'USD'),(2917,'Withdrawal',73712.00,'USD'),(2918,'Withdrawal',17349.00,'USD'),(2919,'Withdrawal',9623.00,'USD'),(2920,'Withdrawal',14393.00,'USD'),(2921,'Withdrawal',50461.00,'USD'),(2922,'Withdrawal',51880.00,'USD'),(2923,'Withdrawal',81581.00,'USD'),(2924,'Withdrawal',77407.00,'USD'),(2925,'Withdrawal',38648.00,'USD'),(2926,'Withdrawal',73570.00,'USD'),(2927,'Withdrawal',82963.00,'USD'),(2928,'Withdrawal',17397.00,'USD'),(2929,'Withdrawal',78477.00,'USD'),(2930,'Withdrawal',95804.00,'USD'),(2931,'Withdrawal',43114.00,'USD'),(2932,'Withdrawal',75500.00,'USD'),(2933,'Withdrawal',68136.00,'USD'),(2934,'Withdrawal',2572.00,'USD'),(2935,'Withdrawal',24223.00,'USD'),(2936,'Withdrawal',85003.00,'USD'),(2937,'Withdrawal',41928.00,'USD'),(2938,'Withdrawal',75250.00,'USD'),(2939,'Withdrawal',27990.00,'USD'),(2940,'Withdrawal',37627.00,'USD'),(2941,'Withdrawal',63504.00,'USD'),(2942,'Withdrawal',31910.00,'USD'),(2943,'Withdrawal',1458.00,'USD'),(2944,'Withdrawal',28754.00,'USD'),(2945,'Withdrawal',11235.00,'USD'),(2946,'Withdrawal',60157.00,'USD'),(2947,'Withdrawal',98237.00,'USD'),(2948,'Withdrawal',98400.00,'USD'),(2949,'Withdrawal',95029.00,'USD'),(2950,'Withdrawal',6236.00,'USD'),(2951,'Withdrawal',83836.00,'USD'),(2952,'Withdrawal',49243.00,'USD'),(2953,'Withdrawal',71667.00,'USD'),(2954,'Withdrawal',55494.00,'USD'),(2955,'Withdrawal',22004.00,'USD'),(2956,'Withdrawal',28259.00,'USD'),(2957,'Withdrawal',19242.00,'USD'),(2958,'Withdrawal',2302.00,'USD'),(2959,'Withdrawal',42715.00,'USD'),(2960,'Withdrawal',4242.00,'USD'),(2961,'Withdrawal',90337.00,'USD'),(2962,'Withdrawal',61111.00,'USD'),(2963,'Withdrawal',71846.00,'USD'),(2964,'Withdrawal',59973.00,'USD'),(2965,'Withdrawal',88295.00,'USD'),(2966,'Withdrawal',14611.00,'USD'),(2967,'Withdrawal',97621.00,'USD'),(2968,'Withdrawal',44832.00,'USD'),(2969,'Withdrawal',1258.00,'USD'),(2970,'Withdrawal',29764.00,'USD'),(2971,'Withdrawal',59511.00,'USD'),(2972,'Withdrawal',1294.00,'USD'),(2973,'Withdrawal',84624.00,'USD'),(2974,'Withdrawal',98025.00,'USD'),(2975,'Withdrawal',71587.00,'USD'),(2976,'Withdrawal',87112.00,'USD'),(2977,'Withdrawal',4140.00,'USD'),(2978,'Withdrawal',72141.00,'USD'),(2979,'Withdrawal',34189.00,'USD'),(2980,'Withdrawal',63856.00,'USD'),(2981,'Withdrawal',39064.00,'USD'),(2982,'Withdrawal',78667.00,'USD'),(2983,'Withdrawal',45299.00,'USD'),(2984,'Withdrawal',12060.00,'USD'),(2985,'Withdrawal',97647.00,'USD'),(2986,'Withdrawal',82721.00,'USD'),(2987,'Withdrawal',96170.00,'USD'),(2988,'Withdrawal',63401.00,'USD'),(2989,'Withdrawal',15668.00,'USD'),(2990,'Withdrawal',69443.00,'USD'),(2991,'Withdrawal',24502.00,'USD'),(2992,'Withdrawal',11128.00,'USD'),(2993,'Withdrawal',92811.00,'USD'),(2994,'Withdrawal',85294.00,'USD'),(2995,'Withdrawal',2870.00,'USD'),(2996,'Withdrawal',71389.00,'USD'),(2997,'Withdrawal',71395.00,'USD'),(2998,'Withdrawal',51514.00,'USD'),(2999,'Withdrawal',60130.00,'USD'),(3000,'Withdrawal',20151.00,'USD'),(3001,'Withdrawal',77301.00,'USD'),(3002,'Withdrawal',21965.00,'USD'),(3003,'Withdrawal',69165.00,'USD'),(3004,'Withdrawal',23094.00,'USD'),(3005,'Withdrawal',23888.00,'USD'),(3006,'Withdrawal',8043.00,'USD'),(3007,'Withdrawal',85597.00,'USD'),(3008,'Withdrawal',9143.00,'USD'),(3009,'Withdrawal',26268.00,'USD'),(3010,'Withdrawal',34475.00,'USD'),(3011,'Withdrawal',89010.00,'USD'),(3012,'Withdrawal',12251.00,'USD'),(3013,'Withdrawal',85550.00,'USD'),(3014,'Withdrawal',21547.00,'USD'),(3015,'Withdrawal',60716.00,'USD'),(3016,'Withdrawal',20567.00,'USD'),(3017,'Withdrawal',80441.00,'USD'),(3018,'Withdrawal',11668.00,'USD'),(3019,'Withdrawal',30269.00,'USD'),(3020,'Withdrawal',27335.00,'USD'),(3021,'Withdrawal',47103.00,'USD'),(3022,'Withdrawal',71182.00,'USD'),(3023,'Withdrawal',36688.00,'USD'),(3024,'Withdrawal',73640.00,'USD'),(3025,'Withdrawal',37207.00,'USD'),(3026,'Withdrawal',1926.00,'USD'),(3027,'Withdrawal',79731.00,'USD'),(3028,'Withdrawal',9551.00,'USD'),(3029,'Withdrawal',18852.00,'USD'),(3030,'Withdrawal',91293.00,'USD'),(3031,'Withdrawal',81627.00,'USD'),(3032,'Withdrawal',77277.00,'USD'),(3033,'Withdrawal',25354.00,'USD');
/*!40000 ALTER TABLE `r_transaction` ENABLE KEYS */;
UNLOCK TABLES;

--
-- Table structure for table `saving_account`
--

DROP TABLE IF EXISTS `saving_account`;
/*!40101 SET @saved_cs_client     = @@character_set_client */;
/*!50503 SET character_set_client = utf8mb4 */;
CREATE TABLE `saving_account` (
  `A_ID` int NOT NULL,
  `Balance` decimal(15,2) DEFAULT NULL,
  `Interest_rate` double DEFAULT NULL,
  `Currency` enum('USD','TL') DEFAULT NULL,
  PRIMARY KEY (`A_ID`),
  CONSTRAINT `saving_account_ibfk_1` FOREIGN KEY (`A_ID`) REFERENCES `accounts` (`A_ID`) ON UPDATE CASCADE
) ENGINE=InnoDB DEFAULT CHARSET=utf8mb4 COLLATE=utf8mb4_0900_ai_ci;
/*!40101 SET character_set_client = @saved_cs_client */;

--
-- Dumping data for table `saving_account`
--

LOCK TABLES `saving_account` WRITE;
/*!40000 ALTER TABLE `saving_account` DISABLE KEYS */;
INSERT INTO `saving_account` VALUES (1738,3320.00,5,'TL'),(1739,33918.00,6,'TL'),(1740,60655.00,1,'TL'),(1741,35646.00,3,'TL'),(1742,47811.00,6,'TL'),(1743,95702.00,2,'TL'),(1744,85228.00,2,'TL'),(1745,41280.00,6,'TL'),(1746,92762.00,1,'TL'),(1747,46735.00,3,'TL'),(1748,726402.00,1,'TL'),(1749,41653.00,5,'TL'),(1750,84055.00,3,'TL'),(1751,4994.00,2,'TL'),(1752,80906.00,1,'TL'),(1753,73335.00,6,'TL'),(1754,407967.00,5,'TL'),(1755,34730.00,1,'TL'),(1756,97474.00,2,'TL'),(1757,88761.00,6,'TL'),(1758,90837.00,3,'TL'),(1759,28059.00,4,'TL'),(1760,73620.00,5,'TL'),(1761,36940.00,5,'TL'),(1762,9368.00,6,'TL'),(1763,8704.00,2,'TL'),(1764,92728.00,3,'TL'),(1765,5458403.00,3,'TL'),(1766,37488.00,3,'TL'),(1767,16087.00,6,'TL'),(1768,93198.00,5,'TL'),(1769,89761.00,5,'TL'),(1770,10820.00,3,'TL'),(1771,52987.00,5,'TL'),(1772,16666.00,5,'TL'),(1773,99601.00,1,'TL'),(1774,8266.00,3,'TL'),(1775,4939.00,1,'TL'),(1776,5561175.00,4,'TL'),(1777,99711.00,6,'TL'),(1778,78475.00,3,'TL'),(1779,64618.00,4,'TL'),(1780,66211.00,2,'TL'),(1781,54049.00,3,'TL'),(1782,34446.00,5,'TL'),(1783,19365.00,6,'TL'),(1784,31701.00,1,'TL'),(1785,30129.00,1,'TL'),(1786,68242.00,4,'TL'),(1787,85100.00,4,'TL'),(1788,97669.00,6,'TL'),(1789,63876.00,3,'TL'),(1790,62745.00,5,'TL'),(1791,94795.00,1,'TL'),(1792,11764.00,6,'TL'),(1793,5025.00,4,'TL'),(1794,2428.00,10,'TL'),(1795,74727.00,1,'TL'),(1796,36461.00,2,'TL'),(1797,38777.00,10,'TL'),(1798,10074.00,1,'TL'),(1799,66709.00,3,'TL'),(1800,22933.00,3,'TL'),(1801,4406.00,3,'TL'),(1802,61411.00,5,'TL'),(1803,79498.00,5,'TL'),(1804,60685.00,5,'TL'),(1805,56520.00,5,'TL'),(1806,54617.00,3,'TL'),(1807,77589.00,4,'TL'),(1808,4221059.00,5,'TL'),(1809,3948933.00,6,'TL'),(1810,36630.00,3,'TL'),(1811,40600.00,6,'TL'),(1812,830423.00,3,'TL'),(1813,7193241.00,2,'TL'),(1814,13240.00,3,'TL'),(1815,51442.00,4,'TL'),(1816,60713.00,3,'TL'),(1817,59175.00,3,'TL'),(1818,94904.00,2,'TL'),(1819,96482.00,5,'TL'),(1820,5915825.00,5,'TL'),(1821,82176.00,4,'TL'),(1822,55228.00,2,'TL'),(1823,85908.00,2,'TL'),(1824,4336647.00,6,'TL'),(1825,33622.00,2,'TL'),(1826,4090.00,4,'TL'),(1827,27489.00,2,'TL'),(1828,39015.00,6,'TL'),(1829,94105.00,4,'TL'),(1830,2343.00,1,'TL'),(1831,11941.00,5,'TL'),(1832,42592.00,1,'TL'),(1833,71878.00,9,'TL'),(1834,6985388.00,1,'TL'),(1835,93095.00,4,'TL'),(1836,98442.00,2,'TL'),(1837,50687.00,8,'TL'),(1838,65224.00,6,'TL'),(1839,71075.00,1,'TL'),(1840,4866.00,5,'TL'),(1841,16601.00,4,'TL'),(1842,34976.00,5,'TL'),(1843,11693.00,1,'TL'),(1844,16504.00,5,'TL'),(1845,5931501.00,2,'TL'),(1846,66104.00,1,'TL'),(1847,60254.00,2,'TL'),(1848,31271.00,5,'TL'),(1849,70055.00,1,'TL'),(1850,86998.00,3,'TL'),(1851,32982.00,1,'TL'),(1852,76492.00,5,'TL'),(1853,7738622.00,2,'TL'),(1854,97857.00,1,'TL'),(1855,94262.00,7,'TL'),(1856,33690.00,3,'TL'),(1857,99988.00,2,'TL'),(1858,31167.00,5,'TL'),(1859,52919.00,3,'TL'),(1860,66482.00,6,'TL'),(1861,975.00,3,'TL'),(1862,69377.00,3,'TL'),(1863,35709.00,3,'TL'),(1864,41033.00,6,'TL'),(1865,75580.00,3,'TL'),(1866,71741.00,4,'TL'),(1867,21254.00,6,'TL'),(1868,53522.00,1,'TL'),(1869,9574.00,1,'TL'),(1870,87280.00,2,'TL'),(1871,42607.00,5,'TL'),(1872,4080.00,2,'TL'),(1873,83478.00,1,'TL'),(1874,55799.00,4,'TL'),(1875,9144882.00,6,'TL'),(1876,81641.00,3,'TL'),(1877,1670587.00,4,'TL'),(1878,23940.00,1,'TL'),(1879,83527.00,5,'TL'),(1880,49165.00,4,'TL'),(1881,73901.00,6,'TL'),(1882,28194.00,3,'TL'),(1883,64353.00,5,'TL'),(1884,43694.00,6,'TL'),(1885,75024.00,2,'TL'),(1886,21849.00,6,'TL'),(1887,70322.00,4,'TL'),(1888,30675.00,5,'TL'),(1889,86831.00,6,'TL'),(1890,47821.00,2,'TL'),(1891,71496.00,2,'TL'),(1892,77028.00,2,'TL'),(1893,84499.00,1,'TL'),(1894,84305.00,6,'TL'),(1895,58440.00,1,'TL'),(1896,32387.00,5,'TL'),(1897,807660.00,6,'TL'),(1898,15227.00,3,'TL'),(1899,54912.00,6,'TL'),(1900,32985.00,2,'TL'),(1901,5925926.00,4,'TL'),(1902,2428.00,3,'TL'),(1903,6461042.00,6,'TL'),(1904,67630.00,3,'TL'),(1905,6612.00,6,'TL'),(1906,61540.00,9,'TL'),(1907,86580.00,5,'TL'),(1908,70223.00,2,'TL'),(1909,97727.00,4,'TL'),(1910,68511.00,6,'TL'),(1911,53301.00,3,'TL'),(1912,28275.00,2,'TL'),(1913,9881240.00,1,'TL'),(1914,48726.00,6,'TL'),(1915,81620.00,1,'TL'),(1916,21872.00,6,'TL'),(1917,6037.00,6,'TL'),(1918,25685.00,5,'TL'),(1919,3757533.00,5,'TL'),(1920,32549.00,1,'TL'),(1921,9773346.00,1,'TL'),(1922,31179.00,2,'TL'),(1923,53878.00,4,'TL'),(1924,86514.00,4,'TL'),(1925,3011811.00,3,'TL'),(1926,373068.00,1,'TL'),(1927,52695.00,5,'TL'),(1928,21686.00,6,'TL'),(1929,87704.00,5,'TL'),(1930,28636.00,5,'TL'),(1931,64085.00,1,'TL'),(1932,9279809.00,4,'TL'),(1933,41054.00,3,'TL'),(1934,92394.00,6,'TL'),(1935,41338.00,7,'TL'),(1936,5520298.00,6,'TL'),(1937,81182.00,1,'TL'),(1938,60422.00,6,'TL'),(1939,10595.00,6,'TL'),(1940,89070.00,3,'TL'),(1941,23745.00,6,'TL'),(1942,9786542.00,6,'TL'),(1943,11560.00,5,'TL'),(1944,5599101.00,5,'TL'),(1945,6478.00,9,'TL'),(1946,91018.00,3,'TL'),(1947,12700.00,3,'TL'),(1948,3851.00,3,'TL'),(1949,2421685.00,5,'TL'),(1950,40739.00,6,'TL'),(1951,9154.00,2,'TL'),(1952,52458.00,9,'TL'),(1953,73775.00,1,'TL'),(1954,36967.00,2,'TL'),(1955,36526.00,2,'TL'),(1956,34121.00,2,'TL'),(1957,223.00,6,'TL'),(1958,34351.00,2,'TL'),(1959,58789.00,3,'TL'),(1960,70486.00,8,'TL'),(1961,72218.00,1,'TL'),(1962,85096.00,1,'TL'),(1963,13502.00,4,'TL'),(1964,4448.00,5,'TL'),(1965,25136.00,2,'TL'),(1966,440888.00,2,'TL'),(1967,2231711.00,6,'TL'),(1968,25209.00,1,'TL'),(1969,46881.00,5,'TL'),(1970,72076.00,2,'TL'),(1971,1415.00,5,'TL'),(1972,51133.00,6,'TL'),(1973,689.00,2,'TL'),(1974,92959.00,6,'TL'),(1975,25856.00,5,'TL'),(1976,59838.00,3,'TL'),(1977,5814.00,1,'TL'),(1978,7510915.00,1,'TL'),(1979,38035.00,3,'TL'),(1980,7979853.00,2,'TL'),(1981,21821.00,4,'TL'),(1982,9670160.00,2,'TL'),(1983,1473.00,5,'TL'),(1984,84295.00,3,'TL'),(1985,7168.00,5,'TL'),(1986,65129.00,3,'TL'),(1987,37325.00,1,'TL'),(1988,47981.00,3,'TL'),(1989,47791.00,5,'TL'),(1990,96593.00,5,'TL'),(1991,417.00,4,'TL'),(1992,62492.00,2,'TL'),(1993,76397.00,5,'TL'),(1994,68359.00,2,'TL'),(1995,78220.00,2,'TL'),(1996,1838487.00,5,'TL'),(1997,28162.00,4,'TL'),(1998,17825.00,6,'TL'),(1999,20947.00,2,'TL'),(2000,98426.00,6,'TL'),(2001,3539.00,5,'TL'),(2002,9296868.00,4,'TL'),(2003,35996.00,6,'TL'),(2004,41126.00,2,'TL'),(2005,33880.00,4,'TL'),(2006,81291.00,2,'TL'),(2007,473463.00,2,'TL'),(2008,71108.00,5,'TL'),(2009,70576.00,2,'TL'),(2010,65270.00,3,'TL'),(2011,6210.00,4,'TL'),(2012,3840.00,3,'TL'),(2013,43416.00,5,'TL'),(2014,88202.00,6,'TL'),(2015,51839.00,2,'TL'),(2016,68317.00,1,'TL'),(2017,5867159.00,6,'TL'),(2018,25453.00,3,'TL'),(2019,7101524.00,3,'TL'),(2020,1059373.00,6,'TL'),(2021,33996.00,3,'TL'),(2022,9202926.00,2,'TL'),(2023,278.00,3,'TL'),(2024,69184.00,2,'TL'),(2025,86679.00,2,'TL'),(2026,38429.00,1,'TL'),(2027,5905986.00,3,'TL'),(2028,3242784.00,4,'TL'),(2029,27902.00,6,'TL'),(2030,7761.00,3,'TL'),(2031,27149.00,4,'TL'),(2032,25605.00,5,'TL'),(2033,26750.00,9,'TL'),(2034,63015.00,2,'TL'),(2035,46165.00,1,'TL'),(2036,81143.00,6,'TL'),(2037,43856.00,4,'TL'),(2038,4514.00,3,'TL'),(2039,14354.00,2,'TL'),(2040,92479.00,2,'TL'),(2041,53989.00,3,'TL'),(2042,33644.00,4,'TL'),(2043,49581.00,5,'TL'),(2044,57701.00,4,'TL'),(2045,3482.00,3,'TL'),(2046,38444.00,5,'TL'),(2047,33085.00,3,'TL'),(2048,56779.00,2,'TL'),(2049,73215.00,4,'TL'),(2050,3201.00,3,'TL'),(2051,65809.00,3,'TL'),(2052,25453.00,1,'TL'),(2053,42843.00,9,'TL'),(2054,69000.00,1,'TL'),(2055,95703.00,6,'TL'),(2056,15443.00,6,'TL'),(2057,76984.00,5,'TL'),(2058,97189.00,4,'TL'),(2059,99218.00,4,'TL'),(2060,55402.00,5,'TL'),(2061,79058.00,7,'TL'),(2062,12706.00,3,'TL'),(2063,25178.00,5,'TL'),(2064,5190554.00,10,'TL'),(2065,83494.00,2,'TL'),(2066,29225.00,3,'TL'),(2067,34234.00,10,'TL'),(2068,96290.00,1,'TL'),(2069,81995.00,2,'TL'),(2070,83070.00,4,'TL'),(2071,92122.00,5,'TL'),(2072,62639.00,3,'TL'),(2073,4573.00,3,'TL'),(2074,27859.00,1,'TL'),(2075,99901.00,6,'TL'),(2076,18317.00,4,'TL'),(2077,1050.00,9,'TL'),(2078,66816.00,1,'TL'),(2079,69393.00,5,'TL'),(2080,79550.00,6,'TL'),(2081,93739.00,6,'TL'),(2082,2452614.00,1,'TL'),(2083,77027.00,5,'TL'),(2084,80683.00,3,'TL'),(2085,96992.00,1,'TL'),(2086,86452.00,4,'TL'),(2087,54276.00,6,'TL'),(2088,45172.00,6,'TL'),(2089,24338.00,4,'TL'),(2090,5382045.00,4,'TL'),(2091,97910.00,3,'TL'),(2092,72963.00,5,'TL'),(2093,28894.00,3,'TL'),(2094,99157.00,4,'TL'),(2095,8247.00,4,'TL'),(2096,83713.00,4,'TL'),(2097,47767.00,4,'TL'),(2098,13307.00,2,'TL'),(2099,88632.00,1,'TL'),(2100,8010726.00,2,'TL'),(2101,46143.00,5,'TL'),(2102,82010.00,3,'TL'),(2103,6411217.00,5,'TL'),(2104,22114.00,2,'TL'),(2105,81767.00,3,'TL'),(2106,35656.00,3,'TL'),(2107,3942.00,3,'TL'),(2108,22463.00,3,'TL'),(2109,35522.00,3,'TL'),(2110,53527.00,6,'TL'),(2111,5171970.00,6,'TL'),(2112,9745.00,1,'TL'),(2113,78800.00,5,'TL'),(2114,23100.00,1,'TL'),(2115,4714.00,6,'TL'),(2116,16647.00,4,'TL'),(2117,73378.00,4,'TL'),(2118,81550.00,9,'TL'),(2119,89464.00,6,'TL'),(2120,86927.00,5,'TL'),(2121,24499.00,4,'TL'),(2122,9122923.00,1,'TL'),(2123,27975.00,4,'TL'),(2124,14216.00,6,'TL'),(2125,32858.00,3,'TL'),(2126,27440.00,6,'TL'),(2127,94360.00,4,'TL'),(2128,52278.00,2,'TL'),(2129,16200.00,6,'TL'),(2130,76304.00,2,'USD'),(2131,99525.00,3,'USD'),(2132,61188.00,2,'USD'),(2133,96234.00,4,'USD'),(2134,7642112.00,4,'USD'),(2135,60684.00,4,'USD'),(2136,78893.00,4,'USD'),(2137,71554.00,5,'USD'),(2138,50716.00,1,'USD'),(2139,39124.00,4,'USD'),(2140,32581.00,5,'USD'),(2141,22298.00,3,'USD'),(2142,5427.00,3,'USD'),(2143,5421618.00,3,'USD'),(2144,29348.00,1,'USD'),(2145,17210.00,6,'USD'),(2146,3745.00,2,'USD'),(2147,8265.00,2,'USD'),(2148,90581.00,5,'USD'),(2149,18842.00,1,'USD'),(2150,34308.00,2,'USD'),(2151,76237.00,8,'USD'),(2152,19536.00,4,'USD'),(2153,7581.00,3,'USD'),(2154,30675.00,8,'USD'),(2155,50514.00,3,'USD'),(2156,16545.00,4,'USD'),(2157,70207.00,5,'USD'),(2158,17335.00,4,'USD'),(2159,41928.00,6,'USD'),(2160,81325.00,2,'USD'),(2161,23689.00,4,'USD'),(2162,84419.00,4,'USD'),(2163,74445.00,6,'USD'),(2164,66820.00,1,'USD'),(2165,69919.00,2,'USD'),(2166,18048.00,6,'USD'),(2167,30324.00,5,'USD'),(2168,74050.00,5,'USD'),(2169,2087.00,1,'USD'),(2170,38283.00,4,'USD'),(2171,29136.00,4,'USD'),(2172,2403.00,4,'USD'),(2173,8400.00,6,'USD'),(2174,21631.00,5,'USD'),(2175,48861.00,5,'USD'),(2176,94834.00,1,'USD'),(2177,43855.00,2,'USD'),(2178,10050.00,3,'USD'),(2179,22254.00,6,'USD'),(2180,42420.00,6,'USD'),(2181,65754.00,6,'USD'),(2182,33414.00,6,'USD'),(2183,66695.00,5,'USD'),(2184,37727.00,5,'USD'),(2185,53681.00,6,'USD'),(2186,97395.00,5,'USD'),(2187,30713.00,2,'USD'),(2188,91435.00,2,'USD'),(2189,59635.00,1,'USD'),(2190,13701.00,6,'USD'),(2191,65402.00,5,'USD'),(2192,51686.00,1,'USD'),(2193,59017.00,5,'USD'),(2194,74634.00,1,'USD'),(2195,53916.00,3,'USD'),(2196,90592.00,2,'USD'),(2197,98193.00,5,'USD'),(2198,98927.00,5,'USD'),(2199,57257.00,4,'USD'),(2200,47375.00,3,'USD'),(2201,5911297.00,5,'USD'),(2202,791.00,2,'USD'),(2203,59564.00,3,'USD'),(2204,42577.00,3,'USD'),(2205,8789914.00,3,'USD'),(2206,59149.00,6,'USD'),(2207,21084.00,4,'USD'),(2208,2798.00,2,'USD'),(2209,55321.00,6,'USD'),(2210,88998.00,1,'USD'),(2211,72057.00,4,'USD'),(2212,60418.00,3,'USD'),(2213,47635.00,3,'USD'),(2214,41852.00,2,'USD'),(2215,5694.00,2,'USD'),(2216,17754.00,2,'USD'),(2217,8502.00,5,'USD'),(2218,87226.00,1,'USD'),(2219,53464.00,2,'USD'),(2220,90102.00,4,'USD'),(2221,74893.00,5,'USD'),(2222,52101.00,2,'USD'),(2223,50893.00,10,'USD'),(2224,67124.00,9,'USD'),(2225,80480.00,4,'USD'),(2226,20341.00,3,'USD'),(2227,27071.00,4,'USD'),(2228,57029.00,5,'USD'),(2229,21014.00,6,'USD'),(2230,19001.00,2,'USD'),(2231,76075.00,1,'USD'),(2232,2992.00,2,'USD'),(2233,2594.00,1,'USD'),(2234,43486.00,1,'USD'),(2235,93512.00,3,'USD'),(2236,86290.00,1,'USD'),(2237,18532.00,6,'USD'),(2238,98505.00,6,'USD'),(2239,86385.00,4,'USD'),(2240,55578.00,1,'USD'),(2241,25520.00,2,'USD'),(2242,56794.00,2,'USD'),(2243,89477.00,3,'USD'),(2244,46777.00,1,'USD'),(2245,14788.00,4,'USD'),(2246,62532.00,2,'USD'),(2247,4627131.00,4,'USD'),(2248,83019.00,4,'USD'),(2249,98979.00,4,'USD'),(2250,31431.00,1,'USD'),(2251,38992.00,2,'USD'),(2252,69111.00,2,'USD'),(2253,60420.00,6,'USD'),(2254,24429.00,7,'USD'),(2255,71798.00,6,'USD'),(2256,19960.00,2,'USD'),(2257,31512.00,4,'USD'),(2258,96963.00,4,'USD'),(2259,47287.00,9,'USD'),(2260,87415.00,2,'USD'),(2261,2931.00,3,'USD'),(2262,50750.00,3,'USD'),(2263,87563.00,4,'USD'),(2264,74987.00,4,'USD'),(2265,80343.00,2,'USD'),(2266,3985450.00,6,'USD'),(2267,87234.00,5,'USD'),(2268,5469656.00,3,'USD'),(2269,3514475.00,6,'USD'),(2270,9367.00,1,'USD'),(2271,496536.00,2,'USD'),(2272,26881.00,6,'USD'),(2273,2111624.00,3,'USD'),(2274,64486.00,3,'USD'),(2275,28368.00,5,'USD'),(2276,83269.00,1,'USD'),(2277,49917.00,2,'USD'),(2278,371071.00,4,'USD'),(2279,66264.00,2,'USD'),(2280,6950166.00,1,'USD'),(2281,48902.00,1,'USD'),(2282,6232459.00,6,'USD'),(2283,58481.00,2,'USD'),(2284,56009.00,10,'USD'),(2285,46961.00,1,'USD'),(2286,44533.00,3,'USD'),(2287,4425.00,2,'USD'),(2288,56692.00,5,'USD'),(2289,56310.00,8,'USD'),(2290,47581.00,1,'USD'),(2291,47804.00,3,'USD'),(2292,65418.00,6,'USD'),(2293,48711.00,4,'USD'),(2294,5013.00,2,'USD'),(2295,74324.00,5,'USD'),(2296,93036.00,5,'USD'),(2297,45640.00,6,'USD'),(2298,98242.00,5,'USD'),(2299,555281.00,4,'USD'),(2300,23535.00,6,'USD'),(2301,68292.00,3,'USD'),(2302,16168.00,1,'USD'),(2303,98544.00,10,'USD'),(2304,27407.00,3,'USD'),(2305,18143.00,3,'USD'),(2306,63595.00,10,'USD'),(2307,80261.00,3,'USD'),(2308,96865.00,3,'USD'),(2309,83756.00,6,'USD'),(2310,45614.00,5,'USD'),(2311,81947.00,2,'USD'),(2312,92375.00,3,'USD'),(2313,94546.00,1,'USD'),(2314,79894.00,2,'USD'),(2315,4950095.00,5,'USD'),(2316,14943.00,2,'USD'),(2317,67200.00,6,'USD'),(2318,13838.00,6,'USD'),(2319,43620.00,4,'USD'),(2320,43628.00,4,'USD'),(2321,15459.00,5,'USD'),(2322,48558.00,1,'USD'),(2323,57351.00,1,'USD'),(2324,2716.00,6,'USD'),(2325,18961.00,8,'USD'),(2326,96615.00,6,'USD'),(2327,1620535.00,2,'USD'),(2328,48024.00,6,'USD'),(2329,71856.00,6,'USD'),(2330,25492.00,4,'USD'),(2331,38483.00,5,'USD'),(2332,86768.00,5,'USD'),(2333,56887.00,3,'USD'),(2334,63735.00,6,'USD'),(2335,63999.00,3,'USD'),(2336,70473.00,4,'USD'),(2337,15642.00,3,'USD'),(2338,71733.00,5,'USD'),(2339,89991.00,6,'USD'),(2340,25356.00,3,'USD'),(2341,10691.00,4,'USD'),(2342,4073.00,3,'USD'),(2343,65645.00,1,'USD'),(2344,944577.00,2,'USD'),(2345,289.00,2,'USD'),(2346,15434.00,1,'USD'),(2347,3242333.00,6,'USD'),(2348,12287.00,6,'USD'),(2349,71377.00,2,'USD'),(2350,86977.00,6,'USD'),(2351,1819032.00,5,'USD'),(2352,32503.00,5,'USD'),(2353,1556.00,6,'USD'),(2354,75166.00,4,'USD'),(2355,15772.00,5,'USD'),(2356,4621.00,8,'USD'),(2357,45753.00,3,'USD'),(2358,9993.00,1,'USD'),(2359,6916.00,4,'USD'),(2360,57675.00,2,'USD'),(2361,68285.00,5,'USD'),(2362,94553.00,2,'USD'),(2363,14867.00,6,'USD'),(2364,24193.00,6,'USD'),(2365,66009.00,2,'USD'),(2366,82910.00,8,'USD'),(2367,9077522.00,8,'USD'),(2368,37642.00,3,'USD'),(2369,5307847.00,3,'USD'),(2370,38236.00,2,'USD'),(2371,71318.00,6,'USD'),(2372,82978.00,5,'USD'),(2373,4387.00,6,'USD'),(2374,98137.00,4,'USD'),(2375,6016720.00,3,'USD'),(2376,89760.00,3,'USD'),(2377,74243.00,2,'USD'),(2378,99163.00,2,'USD'),(2379,25057.00,1,'USD'),(2380,82271.00,4,'USD'),(2381,42920.00,3,'USD'),(2382,37409.00,1,'USD'),(2383,7525.00,3,'USD'),(2384,26110.00,2,'USD'),(2385,54837.00,1,'USD'),(2386,67207.00,4,'USD'),(2387,89651.00,6,'USD'),(2388,35701.00,4,'USD'),(2389,4805355.00,6,'USD'),(2390,64819.00,3,'USD'),(2391,67666.00,3,'USD'),(2392,32175.00,6,'USD'),(2393,9556423.00,2,'USD'),(2394,9115.00,3,'USD'),(2395,19988.00,5,'USD'),(2396,66075.00,2,'USD'),(2397,1537.00,6,'USD'),(2398,56178.00,1,'USD'),(2399,76515.00,6,'USD'),(2400,44344.00,1,'USD'),(2401,25961.00,2,'USD'),(2402,9781.00,1,'USD'),(2403,22554.00,1,'USD'),(2404,2584407.00,2,'USD'),(2405,33415.00,6,'USD'),(2406,14706.00,2,'USD'),(2407,9542074.00,3,'USD'),(2408,76249.00,1,'USD'),(2409,83877.00,5,'USD'),(2410,24848.00,1,'USD'),(2411,58273.00,4,'USD'),(2412,92600.00,2,'USD'),(2413,1386582.00,6,'USD'),(2414,23050.00,5,'USD'),(2415,55232.00,2,'USD'),(2416,43924.00,4,'USD'),(2417,78802.00,1,'USD'),(2418,94643.00,5,'USD'),(2419,87935.00,1,'USD'),(2420,85412.00,4,'USD'),(2421,4813968.00,1,'USD'),(2422,81624.00,5,'USD'),(2423,64777.00,3,'USD'),(2424,39796.00,5,'USD'),(2425,82295.00,4,'USD'),(2426,69434.00,2,'USD'),(2427,10204.00,5,'USD'),(2428,58966.00,4,'USD'),(2429,2577283.00,1,'USD'),(2430,8309101.00,6,'USD'),(2431,40891.00,3,'USD'),(2432,5502.00,5,'USD'),(2433,99684.00,1,'USD'),(2434,96018.00,2,'USD'),(2435,4199131.00,6,'USD'),(2436,18554.00,2,'USD'),(2437,7667210.00,1,'USD'),(2438,74352.00,5,'USD'),(2439,3048.00,5,'USD'),(2440,53536.00,5,'USD'),(2441,71640.00,4,'USD'),(2442,15636.00,2,'USD'),(2443,9242006.00,5,'USD'),(2444,10084.00,4,'USD'),(2445,8128290.00,6,'USD'),(2446,5169440.00,4,'USD'),(2447,86751.00,5,'USD'),(2448,87724.00,3,'USD'),(2449,55837.00,1,'USD'),(2450,23217.00,3,'USD'),(2451,77563.00,3,'USD'),(2452,33718.00,1,'USD'),(2453,86233.00,4,'USD'),(2454,47427.00,8,'USD'),(2455,24315.00,4,'USD'),(2456,72524.00,1,'USD'),(2457,38683.00,4,'USD'),(2458,37952.00,5,'USD'),(2459,28763.00,2,'USD'),(2460,31337.00,1,'USD'),(2461,74060.00,3,'USD'),(2462,46888.00,3,'USD'),(2463,43221.00,1,'USD'),(2464,1158.00,8,'USD'),(2465,27136.00,2,'USD'),(2466,35191.00,3,'USD'),(2467,44516.00,2,'USD'),(2468,97839.00,3,'USD'),(2469,3980774.00,6,'USD'),(2470,96944.00,6,'USD'),(2471,32048.00,4,'USD'),(2472,12572.00,6,'USD'),(2473,70588.00,1,'USD'),(2474,89672.00,1,'USD'),(2475,33153.00,1,'USD'),(2476,66258.00,5,'USD'),(2477,21902.00,5,'USD'),(2478,47637.00,1,'USD'),(2479,23983.00,5,'USD'),(2480,7220.00,2,'USD'),(2481,62840.00,4,'USD'),(2482,80079.00,4,'USD'),(2483,99087.00,6,'USD'),(2484,16714.00,6,'USD'),(2485,36123.00,4,'USD'),(2486,81356.00,1,'USD'),(2487,47914.00,4,'USD');
/*!40000 ALTER TABLE `saving_account` ENABLE KEYS */;
UNLOCK TABLES;

--
-- Table structure for table `t_transaction`
--

DROP TABLE IF EXISTS `t_transaction`;
/*!40101 SET @saved_cs_client     = @@character_set_client */;
/*!50503 SET character_set_client = utf8mb4 */;
CREATE TABLE `t_transaction` (
  `Transaction_ID` int NOT NULL,
  `Asset_ID` int DEFAULT NULL,
  `Count` int DEFAULT NULL,
  PRIMARY KEY (`Transaction_ID`),
  KEY `Asset_ID` (`Asset_ID`),
  CONSTRAINT `t_transaction_ibfk_1` FOREIGN KEY (`Asset_ID`) REFERENCES `assets` (`Asset_ID`),
  CONSTRAINT `t_transaction_ibfk_2` FOREIGN KEY (`Transaction_ID`) REFERENCES `transactions` (`Transaction_ID`) ON UPDATE CASCADE
) ENGINE=InnoDB DEFAULT CHARSET=utf8mb4 COLLATE=utf8mb4_0900_ai_ci;
/*!40101 SET character_set_client = @saved_cs_client */;

--
-- Dumping data for table `t_transaction`
--

LOCK TABLES `t_transaction` WRITE;
/*!40000 ALTER TABLE `t_transaction` DISABLE KEYS */;
INSERT INTO `t_transaction` VALUES (1,15,39755),(2,15,96559),(3,9,15),(4,7,24),(5,1,51),(6,14,81),(7,2,22),(8,2,30),(9,5,24),(10,11,79),(11,2,36),(12,15,93268),(13,7,50),(14,4,59),(15,13,78),(16,15,75333),(17,13,13),(18,1,65),(19,2,43),(20,13,75),(21,14,98),(22,11,65),(23,9,41),(24,2,81),(25,15,11889),(26,4,37),(27,14,28),(28,7,57),(29,15,62897),(30,9,80),(31,13,51),(32,8,58),(33,14,15),(34,5,69),(35,5,98),(36,15,76528),(37,6,8),(38,9,96),(39,5,16),(40,13,62),(41,9,58),(42,10,85),(43,5,53),(44,2,30),(45,5,35),(46,15,40339),(47,6,88),(48,7,22),(49,10,43),(50,11,80),(51,4,32),(52,2,100),(53,1,88),(54,3,18),(55,12,9),(56,15,31867),(57,4,70),(58,2,4),(59,1,10),(60,9,70),(61,1,17),(62,5,29),(63,2,30),(64,12,34),(65,10,49),(66,9,39),(67,3,38),(68,2,52),(69,4,50),(70,10,66),(71,5,54),(72,15,47404),(73,14,2),(74,8,95),(75,4,4),(76,11,37),(77,15,93421),(78,7,24),(79,9,68),(80,6,78),(81,6,65),(82,12,13),(83,3,33),(84,8,53),(85,12,35),(86,15,79241),(87,5,88),(88,7,48),(89,12,35),(90,14,58),(91,10,14),(92,1,1),(93,2,94),(94,1,23),(95,11,78),(96,8,71),(97,13,47),(98,9,41),(99,11,27),(100,8,41),(101,4,4),(102,1,14),(103,9,56),(104,9,57),(105,15,27372),(106,10,91),(107,11,46),(108,3,67),(109,6,57),(110,10,91),(111,6,50),(112,8,6),(113,1,76),(114,8,59),(115,15,45869),(116,12,74),(117,2,59),(118,6,23),(119,10,28),(120,15,61140),(121,6,37),(122,7,67),(123,4,56),(124,7,89),(125,9,55),(126,10,40),(127,9,17),(128,6,78),(129,1,56),(130,9,3),(131,5,29),(132,14,60),(133,8,79),(134,12,29),(135,9,49),(136,13,2),(137,3,20),(138,13,56),(139,3,7),(140,14,29),(141,9,36),(142,2,18),(143,9,15),(144,15,97280),(145,3,19),(146,11,73),(147,15,80041),(148,10,68),(149,12,35),(150,4,89),(151,15,10595),(152,10,5),(153,13,80),(154,7,44),(155,9,45),(156,7,84),(157,9,60),(158,7,65),(159,3,66),(160,2,8),(161,14,36),(162,2,79),(163,14,17),(164,6,70),(165,2,10),(166,1,88),(167,2,80),(168,15,54755),(169,2,24),(170,6,92),(171,13,64),(172,12,66),(173,10,19),(174,1,92),(175,14,49),(176,13,24),(177,7,2),(178,12,49),(179,13,73),(180,10,15),(181,3,6),(182,12,15),(183,10,68),(184,14,87),(185,15,83621),(186,1,85),(187,13,32),(188,6,31),(189,8,6),(190,11,57),(191,14,51),(192,9,68),(193,14,55),(194,15,89469),(195,2,78),(196,13,39),(197,3,88),(198,7,97),(199,2,24),(200,8,31),(201,5,18),(202,9,27),(203,13,95),(204,7,8),(205,3,29),(206,5,61),(207,9,84),(208,15,2877),(209,9,27),(210,14,36),(211,5,53),(212,3,81),(213,4,55),(214,14,8),(215,7,16),(216,11,63),(217,4,3),(218,13,46),(219,12,45),(220,11,11),(221,4,74),(222,7,1),(223,10,82),(224,15,68833),(225,4,35),(226,11,7),(227,1,52),(228,7,43),(229,4,71),(230,9,6),(231,2,28),(232,4,55),(233,9,100),(234,5,30),(235,11,93),(236,15,82754),(237,14,46),(238,2,6),(239,6,33),(240,7,87),(241,1,82),(242,7,40),(243,3,54),(244,6,29),(245,6,69),(246,3,43),(247,5,68),(248,11,47),(249,14,52),(250,1,66),(251,2,3),(252,13,72),(253,1,85),(254,3,62),(255,5,52),(256,13,70),(257,13,39),(258,2,63),(259,15,72135),(260,11,8),(261,8,11),(262,5,87),(263,6,38),(264,6,98),(265,12,34),(266,11,19),(267,13,88),(268,6,13),(269,11,14),(270,5,21),(271,6,23),(272,9,66),(273,2,39),(274,7,53),(275,15,22428),(276,3,27),(277,9,93),(278,10,12),(279,7,35),(280,13,72),(281,1,74),(282,12,28),(283,4,12),(284,10,38),(285,15,79973),(286,9,77),(287,5,45),(288,6,28),(289,4,9),(290,1,90),(291,15,12822),(292,3,60),(293,13,66),(294,6,100),(295,15,15517),(296,12,43),(297,3,55),(298,3,18),(299,12,85),(300,4,65),(301,2,22),(302,11,3),(303,7,23),(304,8,51),(305,4,51),(306,9,48),(307,7,72),(308,10,52),(309,15,58494),(310,15,99838),(311,4,64),(312,5,89),(313,12,81),(314,5,34),(315,14,89),(316,15,57423),(317,6,7),(318,12,34),(319,6,50),(320,8,92),(321,13,99),(322,9,82),(323,9,49),(324,12,96),(325,4,23),(326,3,19),(327,6,14),(328,7,76),(329,2,66),(330,6,59),(331,12,99),(332,3,59),(333,5,28),(334,1,69),(335,9,83),(336,5,4);
/*!40000 ALTER TABLE `t_transaction` ENABLE KEYS */;
UNLOCK TABLES;

--
-- Table structure for table `title`
--

DROP TABLE IF EXISTS `title`;
/*!40101 SET @saved_cs_client     = @@character_set_client */;
/*!50503 SET character_set_client = utf8mb4 */;
CREATE TABLE `title` (
  `Emp_id` int NOT NULL,
  `Title_name` varchar(50) DEFAULT NULL,
  `From_Date` date DEFAULT NULL,
  `To_date` date DEFAULT NULL,
  PRIMARY KEY (`Emp_id`),
  CONSTRAINT `title_ibfk_1` FOREIGN KEY (`Emp_id`) REFERENCES `employee` (`emp_id`) ON UPDATE CASCADE
) ENGINE=InnoDB DEFAULT CHARSET=utf8mb4 COLLATE=utf8mb4_0900_ai_ci;
/*!40101 SET character_set_client = @saved_cs_client */;

--
-- Dumping data for table `title`
--

LOCK TABLES `title` WRITE;
/*!40000 ALTER TABLE `title` DISABLE KEYS */;
INSERT INTO `title` VALUES (10005,'Software Design Engineer','2017-03-20',NULL),(10008,'Product Manager','2021-03-17',NULL),(10010,'Director of Software Engineering','2007-12-28',NULL),(10013,'Sales Representative','2013-01-10',NULL),(10014,'HR Assistant','2007-04-18',NULL),(10016,'Data Analyst','2012-09-13',NULL),(10022,'Software Tester','2016-05-18',NULL),(10024,'Software Engineer','2017-07-31',NULL),(10027,'Staffing Specialist','2008-06-26',NULL),(10030,'Financial Planner','2017-01-24',NULL),(10033,'Staffing Coordinator','2021-04-19',NULL),(10038,'Accountant I','2004-10-21',NULL),(10039,'Administrative Assistant','2010-05-24',NULL),(10040,'Sales Coordinator','2011-04-28',NULL),(10042,'Wealth Management Advisor','2008-12-26',NULL),(10043,'Business Consultant','2018-10-19',NULL),(10044,'System Analyst','2010-08-09',NULL),(10045,'System Analyst','2010-12-01',NULL),(10048,'HR Representetive','2020-01-10',NULL),(10065,'HR Assistant','2016-05-18',NULL),(10071,'Software Developer','2012-10-31',NULL),(10072,'Regional Sales Manager','2012-03-26',NULL),(10078,'HR Supervisor','2013-02-19',NULL),(10079,'Requirements Manager','2012-12-18',NULL),(10085,'Software Developer','2013-01-03',NULL),(10086,'Business Consultant','2013-03-28',NULL),(10089,'President & CEO','2004-08-19',NULL),(10090,'Director of Business Analyst','2009-12-10',NULL),(10091,'HR Representetive','2018-04-06',NULL),(10095,'HR Supervisor','2007-09-19',NULL),(10099,'Financial Planner','2018-11-16',NULL),(10102,'Software Engineer','2018-01-30',NULL),(10103,'Investments Representative','2013-11-08',NULL),(10109,'Investments Representative','2013-09-05',NULL),(10110,'Software Design Engineer','2014-08-04',NULL),(10117,'HR Supervisor','2010-08-10',NULL),(10118,'Database Administrator','2017-10-19',NULL),(10119,'Product Manager','2009-08-24',NULL),(10121,'Wealth Management Advisor','2009-02-18',NULL),(10123,'Staffing Coordinator','2021-01-21',NULL),(10124,'Wealth Management Advisor','2009-05-15',NULL),(10126,'Software Design Engineer','2017-07-05',NULL),(10127,'System Analyst','2012-05-18',NULL),(10131,'Dİrector of HR','2006-05-09',NULL),(10134,'Shared Services Manager','2006-09-25',NULL),(10135,'HR Assistant','2007-05-01',NULL),(10141,'HR Representetive','2018-06-14',NULL),(10142,'Investments Representative','2013-05-27',NULL),(10146,'Staffing Specialist','2008-07-30',NULL),(10147,'Accountant I','2010-09-29',NULL),(10149,'Principal Data Architect','2016-12-14',NULL),(10150,'Software Engineer','2020-11-24',NULL),(10151,'Product Manager','2012-02-22',NULL),(10153,'Administrative Assistant','2010-08-26',NULL),(10155,'Software Developer','2013-08-08',NULL),(10157,'Quality Assurance Engineer','2017-06-06',NULL),(10161,'Sales Representative','2011-02-16',NULL),(10162,'Data Analyst','2015-07-03',NULL),(10165,'Investments Representative','2013-05-29',NULL),(10167,'Investments Representative','2013-01-10',NULL),(10169,'Staffing Specialist','2006-05-31',NULL),(10172,'Business Consultant','2016-05-13',NULL),(10173,'Business Consultant','2015-12-31',NULL),(10174,'Financial Planner','2017-05-08',NULL),(10178,'Data Analyst','2017-08-16',NULL),(10179,'System Analyst','2012-07-26',NULL),(10180,'System Analyst','2012-10-04',NULL),(10182,'Administrative Assistant','2004-01-01',NULL),(10183,'HR Supervisor','2010-09-06',NULL),(10188,'Sales Coordinator','2010-10-15',NULL),(10190,'Quality Assurance Engineer','2018-02-07',NULL),(10194,'Software Engineer','2012-08-06',NULL),(10198,'Marketing Specialist','2019-11-06',NULL),(10202,'Wealth Management Advisor','2007-12-20',NULL),(10204,'Quality Assurance Engineer','2018-03-21',NULL),(10209,'Staffing Specialist','2008-07-04',NULL),(10215,'Software Developer','2013-02-12',NULL),(10220,'Product Manager','2010-08-25',NULL),(10221,'Regional Sales Manager','2011-02-17',NULL),(10222,'Marketing Specialist','2020-11-19',NULL),(10229,'Data Analyst','2017-01-23',NULL),(10231,'Wealth Management Advisor','2007-08-28',NULL),(10232,'Requirements Manager','2012-05-01',NULL),(10233,'Software Tester','2015-07-01',NULL),(10238,'Accountant I','2005-08-19',NULL),(10239,'Business Consultant','2013-03-14',NULL),(10244,'Financial Advisor','2019-01-25',NULL),(10259,'Data Analyst','2012-08-03',NULL),(10260,'HR Supervisor','2007-03-09',NULL),(10264,'Quality Assurance Engineer','2019-02-12',NULL),(10266,'Software Tester','2015-12-30',NULL),(10268,'Regional Sales Manager','2012-03-06',NULL),(10270,'HR Representetive','2019-05-21',NULL),(10271,'Financial Planner','2017-06-19',NULL),(10272,'Director of Sales','2008-07-02',NULL),(10273,'Product Manager','2011-11-25',NULL),(10278,'HR Assistant','2005-01-27',NULL),(10286,'HR Supervisor','2013-05-15',NULL),(10287,'Financial Planner','2017-02-16',NULL),(10288,'Marketing Specialist','2018-11-27',NULL),(10290,'Software Developer','2013-12-19',NULL),(10291,'Financial Advisor','2005-07-20',NULL),(10293,'HR Manager','2008-10-01',NULL),(10295,'Software Tester','2015-06-12',NULL),(10301,'Staffing Coordinator','2009-02-16',NULL),(10302,'HR Representetive','2020-08-07',NULL),(10304,'Sales Coordinator','2012-04-05',NULL),(10306,'Sales Coordinator','2011-09-29',NULL),(10307,'Sales Representative','2010-03-12',NULL),(10311,'Staffing Coordinator','2011-07-15',NULL);
/*!40000 ALTER TABLE `title` ENABLE KEYS */;
UNLOCK TABLES;

--
-- Table structure for table `transactions`
--

DROP TABLE IF EXISTS `transactions`;
/*!40101 SET @saved_cs_client     = @@character_set_client */;
/*!50503 SET character_set_client = utf8mb4 */;
CREATE TABLE `transactions` (
  `Transaction_ID` int NOT NULL,
  `T_Date` date DEFAULT NULL,
  `Reciving_ID` int DEFAULT NULL,
  `Sending_ID` int DEFAULT NULL,
  `Explanation` varchar(200) DEFAULT NULL,
  PRIMARY KEY (`Transaction_ID`),
  KEY `Reciving_ID` (`Reciving_ID`),
  KEY `Sending_ID` (`Sending_ID`),
  CONSTRAINT `transactions_ibfk_1` FOREIGN KEY (`Reciving_ID`) REFERENCES `accounts` (`A_ID`) ON UPDATE CASCADE,
  CONSTRAINT `transactions_ibfk_2` FOREIGN KEY (`Sending_ID`) REFERENCES `accounts` (`A_ID`) ON UPDATE CASCADE
) ENGINE=InnoDB DEFAULT CHARSET=utf8mb4 COLLATE=utf8mb4_0900_ai_ci;
/*!40101 SET character_set_client = @saved_cs_client */;

--
-- Dumping data for table `transactions`
--

LOCK TABLES `transactions` WRITE;
/*!40000 ALTER TABLE `transactions` DISABLE KEYS */;
INSERT INTO `transactions` VALUES (1,'1990-07-13',2521,2493,'Trade'),(2,'1990-07-15',2535,2555,'Trade'),(3,'1990-09-26',2543,2536,'Trade'),(4,'1990-10-30',2560,2493,'Trade'),(5,'1991-01-10',2599,2555,'Trade'),(6,'1991-01-11',2579,2584,'Trade'),(7,'1991-01-28',2514,2543,'Trade'),(8,'1991-01-29',2512,2522,'Trade'),(9,'1991-01-30',2525,2576,'Trade'),(10,'1991-03-04',2519,2531,'Trade'),(11,'1991-03-05',2535,2548,'Trade'),(12,'1991-04-21',2572,2520,'Trade'),(13,'1991-04-28',2512,2582,'Trade'),(14,'1991-05-07',2501,2549,'Trade'),(15,'1991-05-12',2506,2590,'Trade'),(16,'1991-06-21',2552,2508,'Trade'),(17,'1991-08-04',2582,2556,'Trade'),(18,'1991-09-02',2561,2520,'Trade'),(19,'1992-03-05',2519,2594,'Trade'),(20,'1992-03-09',2499,2584,'Trade'),(21,'1992-05-17',2542,2575,'Trade'),(22,'1992-05-25',2511,2547,'Trade'),(23,'1992-07-27',2565,2491,'Trade'),(24,'1992-09-04',2538,2516,'Trade'),(25,'1992-10-07',2531,2537,'Trade'),(26,'1992-10-11',2551,2538,'Trade'),(27,'1992-12-01',2497,2521,'Trade'),(28,'1992-12-24',2544,2504,'Trade'),(29,'1992-12-30',2597,2578,'Trade'),(30,'1993-04-11',2540,2545,'Trade'),(31,'1993-04-13',2576,2509,'Trade'),(32,'1993-05-13',2537,2509,'Trade'),(33,'1993-07-03',2569,2520,'Trade'),(34,'1993-09-12',2581,2578,'Trade'),(35,'1993-09-28',2559,2521,'Trade'),(36,'1993-10-13',2503,2594,'Trade'),(37,'1994-02-05',2496,2595,'Trade'),(38,'1994-03-11',2546,2574,'Trade'),(39,'1994-03-27',2575,2546,'Trade'),(40,'1994-04-14',2585,2559,'Trade'),(41,'1994-05-05',2575,2586,'Trade'),(42,'1994-06-13',2488,2546,'Trade'),(43,'1994-08-29',2548,2492,'Trade'),(44,'1994-09-16',2549,2586,'Trade'),(45,'1994-09-27',2529,2560,'Trade'),(46,'1994-10-14',2540,2555,'Trade'),(47,'1994-12-15',2564,2595,'Trade'),(48,'1995-04-08',2518,2555,'Trade'),(49,'1995-04-26',2596,2545,'Trade'),(50,'1995-05-16',2594,2542,'Trade'),(51,'1995-06-06',2531,2495,'Trade'),(52,'1995-06-23',2533,2492,'Trade'),(53,'1995-07-03',2566,2545,'Trade'),(54,'1995-09-25',2552,2502,'Trade'),(55,'1995-11-17',2590,2491,'Trade'),(56,'1995-11-20',2525,2546,'Trade'),(57,'1995-12-17',2545,2512,'Trade'),(58,'1995-12-24',2523,2504,'Trade'),(59,'1995-12-27',2597,2505,'Trade'),(60,'1996-01-07',2505,2556,'Trade'),(61,'1996-03-02',2573,2526,'Trade'),(62,'1996-03-08',2530,2532,'Trade'),(63,'1996-04-17',2498,2595,'Trade'),(64,'1996-06-10',2496,2521,'Trade'),(65,'1996-08-26',2597,2573,'Trade'),(66,'1996-09-13',2561,2489,'Trade'),(67,'1996-10-04',2598,2577,'Trade'),(68,'1996-10-19',2495,2551,'Trade'),(69,'1996-10-21',2576,2503,'Trade'),(70,'1997-01-08',2509,2490,'Trade'),(71,'1997-02-01',2550,2581,'Trade'),(72,'1997-02-12',2557,2499,'Trade'),(73,'1997-02-22',2567,2565,'Trade'),(74,'1997-03-29',2562,2566,'Trade'),(75,'1997-04-12',2515,2596,'Trade'),(76,'1997-04-13',2537,2580,'Trade'),(77,'1997-04-25',2578,2516,'Trade'),(78,'1997-08-05',2588,2572,'Trade'),(79,'1997-08-31',2524,2526,'Trade'),(80,'1997-09-14',2580,2554,'Trade'),(81,'1997-09-20',2532,2508,'Trade'),(82,'1997-11-04',2549,2584,'Trade'),(83,'1997-11-30',2562,2550,'Trade'),(84,'1998-02-08',2563,2586,'Trade'),(85,'1998-03-04',2532,2562,'Trade'),(86,'1998-03-05',2541,2500,'Trade'),(87,'1998-08-07',2569,2521,'Trade'),(88,'1998-08-24',2534,2505,'Trade'),(89,'1998-09-18',2581,2588,'Trade'),(90,'1998-10-20',2512,2516,'Trade'),(91,'1998-11-26',2598,2551,'Trade'),(92,'1999-02-18',2556,2509,'Trade'),(93,'1999-02-25',2502,2500,'Trade'),(94,'1999-05-31',2490,2494,'Trade'),(95,'1999-09-17',2526,2577,'Trade'),(96,'1999-10-07',2516,2557,'Trade'),(97,'1999-11-26',2528,2509,'Trade'),(98,'2000-03-16',2530,2532,'Trade'),(99,'2000-03-27',2536,2488,'Trade'),(100,'2000-03-29',2517,2567,'Trade'),(101,'2000-06-01',2493,2577,'Trade'),(102,'2000-06-02',2503,2570,'Trade'),(103,'2000-06-26',2553,2501,'Trade'),(104,'2000-07-29',2529,2499,'Trade'),(105,'2000-08-18',2580,2586,'Trade'),(106,'2000-08-30',2501,2593,'Trade'),(107,'2000-09-04',2520,2571,'Trade'),(108,'2000-09-28',2578,2574,'Trade'),(109,'2000-11-29',2568,2597,'Trade'),(110,'2001-01-09',2522,2534,'Trade'),(111,'2001-01-15',2502,2557,'Trade'),(112,'2001-01-24',2545,2555,'Trade'),(113,'2001-01-27',2554,2557,'Trade'),(114,'2001-02-16',2591,2492,'Trade'),(115,'2001-02-25',2539,2540,'Trade'),(116,'2001-05-23',2502,2599,'Trade'),(117,'2001-06-29',2555,2511,'Trade'),(118,'2001-08-17',2573,2532,'Trade'),(119,'2001-09-17',2557,2499,'Trade'),(120,'2001-09-25',2523,2555,'Trade'),(121,'2001-10-12',2590,2548,'Trade'),(122,'2001-11-06',2542,2591,'Trade'),(123,'2001-12-08',2593,2500,'Trade'),(124,'2002-02-06',2586,2587,'Trade'),(125,'2002-04-05',2556,2527,'Trade'),(126,'2002-04-09',2554,2532,'Trade'),(127,'2002-05-11',2535,2595,'Trade'),(128,'2002-06-05',2551,2503,'Trade'),(129,'2002-07-03',2491,2538,'Trade'),(130,'2002-07-14',2525,2579,'Trade'),(131,'2002-08-07',2582,2592,'Trade'),(132,'2002-08-08',2544,2579,'Trade'),(133,'2002-08-15',2552,2598,'Trade'),(134,'2002-09-05',2554,2516,'Trade'),(135,'2002-09-10',2574,2554,'Trade'),(136,'2002-10-13',2561,2592,'Trade'),(137,'2002-10-13',2558,2536,'Trade'),(138,'2002-10-17',2583,2501,'Trade'),(139,'2002-10-31',2583,2514,'Trade'),(140,'2002-11-19',2566,2598,'Trade'),(141,'2002-12-29',2547,2505,'Trade'),(142,'2003-03-06',2544,2551,'Trade'),(143,'2003-05-16',2507,2571,'Trade'),(144,'2003-05-28',2573,2505,'Trade'),(145,'2003-06-05',2567,2549,'Trade'),(146,'2003-07-29',2547,2584,'Trade'),(147,'2004-01-16',2491,2507,'Trade'),(148,'2004-02-14',2533,2546,'Trade'),(149,'2004-04-05',2553,2514,'Trade'),(150,'2004-05-01',2509,2492,'Trade'),(151,'2004-05-04',2543,2499,'Trade'),(152,'2004-05-31',2594,2531,'Trade'),(153,'2004-06-17',2513,2592,'Trade'),(154,'2004-11-05',2495,2496,'Trade'),(155,'2005-02-07',2582,2493,'Trade'),(156,'2005-04-15',2539,2541,'Trade'),(157,'2005-04-21',2585,2535,'Trade'),(158,'2005-04-30',2490,2533,'Trade'),(159,'2005-05-29',2526,2575,'Trade'),(160,'2005-06-10',2589,2548,'Trade'),(161,'2005-07-04',2570,2497,'Trade'),(162,'2005-09-02',2594,2504,'Trade'),(163,'2005-09-12',2586,2517,'Trade'),(164,'2005-09-30',2599,2543,'Trade'),(165,'2005-11-18',2588,2572,'Trade'),(166,'2005-12-30',2510,2576,'Trade'),(167,'2006-02-18',2528,2577,'Trade'),(168,'2006-04-22',2534,2495,'Trade'),(169,'2006-05-27',2557,2537,'Trade'),(170,'2006-05-30',2515,2586,'Trade'),(171,'2006-07-19',2558,2537,'Trade'),(172,'2006-07-25',2509,2522,'Trade'),(173,'2006-07-28',2550,2551,'Trade'),(174,'2006-08-24',2563,2527,'Trade'),(175,'2006-09-14',2551,2521,'Trade'),(176,'2006-09-17',2538,2554,'Trade'),(177,'2006-09-18',2579,2524,'Trade'),(178,'2006-11-12',2505,2583,'Trade'),(179,'2006-12-21',2494,2546,'Trade'),(180,'2006-12-28',2508,2555,'Trade'),(181,'2006-12-29',2511,2518,'Trade'),(182,'2007-01-06',2574,2578,'Trade'),(183,'2007-03-04',2577,2565,'Trade'),(184,'2007-03-28',2591,2522,'Trade'),(185,'2007-04-05',2493,2536,'Trade'),(186,'2007-06-07',2539,2515,'Trade'),(187,'2007-06-12',2515,2522,'Trade'),(188,'2007-07-06',2572,2529,'Trade'),(189,'2007-07-14',2531,2555,'Trade'),(190,'2007-07-19',2592,2514,'Trade'),(191,'2007-07-24',2507,2546,'Trade'),(192,'2007-07-31',2566,2512,'Trade'),(193,'2007-08-04',2555,2523,'Trade'),(194,'2007-08-05',2556,2576,'Trade'),(195,'2007-08-09',2565,2502,'Trade'),(196,'2007-10-30',2546,2489,'Trade'),(197,'2007-11-16',2574,2519,'Trade'),(198,'2007-12-11',2519,2497,'Trade'),(199,'2008-02-25',2537,2592,'Trade'),(200,'2008-05-14',2593,2499,'Trade'),(201,'2008-05-15',2586,2599,'Trade'),(202,'2008-05-21',2521,2557,'Trade'),(203,'2008-06-11',2492,2555,'Trade'),(204,'2008-06-20',2541,2550,'Trade'),(205,'2008-08-08',2580,2575,'Trade'),(206,'2008-08-24',2518,2591,'Trade'),(207,'2008-11-11',2527,2515,'Trade'),(208,'2008-11-24',2516,2559,'Trade'),(209,'2009-03-24',2584,2581,'Trade'),(210,'2009-04-05',2559,2507,'Trade'),(211,'2009-05-08',2494,2538,'Trade'),(212,'2009-05-13',2497,2585,'Trade'),(213,'2009-07-25',2570,2585,'Trade'),(214,'2009-07-26',2593,2548,'Trade'),(215,'2009-07-29',2514,2597,'Trade'),(216,'2009-08-21',2564,2507,'Trade'),(217,'2009-10-02',2590,2519,'Trade'),(218,'2009-11-18',2508,2542,'Trade'),(219,'2010-01-26',2498,2539,'Trade'),(220,'2010-03-07',2529,2593,'Trade'),(221,'2010-03-09',2527,2521,'Trade'),(222,'2010-03-14',2583,2495,'Trade'),(223,'2010-03-14',2592,2567,'Trade'),(224,'2010-03-15',2504,2575,'Trade'),(225,'2010-04-09',2547,2496,'Trade'),(226,'2010-06-18',2550,2496,'Trade'),(227,'2010-06-20',2504,2508,'Trade'),(228,'2010-07-13',2538,2559,'Trade'),(229,'2010-08-09',2564,2547,'Trade'),(230,'2010-08-22',2513,2541,'Trade'),(231,'2010-08-29',2524,2500,'Trade'),(232,'2010-09-06',2517,2596,'Trade'),(233,'2010-09-20',2523,2527,'Trade'),(234,'2011-02-24',2587,2598,'Trade'),(235,'2011-03-23',2514,2505,'Trade'),(236,'2011-03-23',2522,2541,'Trade'),(237,'2011-03-27',2588,2542,'Trade'),(238,'2011-04-22',2500,2523,'Trade'),(239,'2011-04-27',2581,2583,'Trade'),(240,'2011-05-16',2520,2548,'Trade'),(241,'2011-06-03',2543,2563,'Trade'),(242,'2011-08-09',2549,2567,'Trade'),(243,'2011-08-11',2553,2596,'Trade'),(244,'2011-09-12',2492,2505,'Trade'),(245,'2012-01-19',2571,2599,'Trade'),(246,'2012-02-13',2532,2549,'Trade'),(247,'2012-02-18',2516,2533,'Trade'),(248,'2012-03-30',2599,2509,'Trade'),(249,'2012-12-24',2489,2494,'Trade'),(250,'2013-01-11',2521,2525,'Trade'),(251,'2013-01-20',2571,2583,'Trade'),(252,'2013-02-16',2560,2507,'Trade'),(253,'2013-03-16',2506,2488,'Trade'),(254,'2013-03-30',2496,2500,'Trade'),(255,'2013-04-08',2513,2490,'Trade'),(256,'2013-05-02',2533,2506,'Trade'),(257,'2013-06-03',2524,2581,'Trade'),(258,'2013-07-30',2540,2550,'Trade'),(259,'2013-08-17',2562,2588,'Trade'),(260,'2013-08-30',2518,2499,'Trade'),(261,'2013-10-08',2489,2542,'Trade'),(262,'2013-10-19',2505,2507,'Trade'),(263,'2013-11-16',2500,2544,'Trade'),(264,'2013-12-12',2497,2564,'Trade'),(265,'2013-12-18',2527,2504,'Trade'),(266,'2013-12-20',2500,2561,'Trade'),(267,'2013-12-27',2530,2535,'Trade'),(268,'2014-01-28',2558,2527,'Trade'),(269,'2014-03-23',2563,2514,'Trade'),(270,'2014-03-26',2595,2493,'Trade'),(271,'2014-03-31',2587,2517,'Trade'),(272,'2014-04-03',2555,2544,'Trade'),(273,'2014-04-16',2489,2506,'Trade'),(274,'2014-04-30',2595,2588,'Trade'),(275,'2014-08-25',2568,2506,'Trade'),(276,'2014-09-23',2596,2538,'Trade'),(277,'2014-10-14',2578,2515,'Trade'),(278,'2014-10-20',2503,2562,'Trade'),(279,'2014-10-31',2510,2498,'Trade'),(280,'2014-11-21',2510,2577,'Trade'),(281,'2014-11-23',2520,2591,'Trade'),(282,'2014-11-27',2577,2501,'Trade'),(283,'2015-02-12',2542,2536,'Trade'),(284,'2015-02-26',2548,2535,'Trade'),(285,'2015-02-26',2490,2529,'Trade'),(286,'2015-05-18',2499,2511,'Trade'),(287,'2015-05-23',2522,2501,'Trade'),(288,'2015-05-27',2559,2527,'Trade'),(289,'2015-07-12',2585,2537,'Trade'),(290,'2015-07-26',2541,2526,'Trade'),(291,'2015-09-06',2589,2597,'Trade'),(292,'2015-09-29',2534,2512,'Trade'),(293,'2015-10-01',2587,2593,'Trade'),(294,'2015-10-28',2506,2580,'Trade'),(295,'2015-11-20',2596,2542,'Trade'),(296,'2015-12-23',2598,2508,'Trade'),(297,'2016-01-19',2579,2565,'Trade'),(298,'2016-02-25',2507,2554,'Trade'),(299,'2016-03-09',2595,2557,'Trade'),(300,'2016-03-27',2560,2518,'Trade'),(301,'2016-05-30',2591,2593,'Trade'),(302,'2016-07-18',2501,2512,'Trade'),(303,'2016-12-06',2526,2587,'Trade'),(304,'2016-12-08',2569,2516,'Trade'),(305,'2017-01-22',2488,2514,'Trade'),(306,'2017-04-12',2493,2582,'Trade'),(307,'2017-05-08',2570,2590,'Trade'),(308,'2017-07-21',2511,2513,'Trade'),(309,'2017-08-04',2565,2543,'Trade'),(310,'2017-08-11',2575,2574,'Trade'),(311,'2017-08-14',2572,2598,'Trade'),(312,'2017-08-25',2546,2542,'Trade'),(313,'2017-09-01',2488,2592,'Trade'),(314,'2017-09-06',2592,2586,'Trade'),(315,'2018-01-03',2571,2549,'Trade'),(316,'2018-02-23',2545,2564,'Trade'),(317,'2018-03-11',2504,2586,'Trade'),(318,'2018-05-08',2517,2551,'Trade'),(319,'2018-06-14',2576,2579,'Trade'),(320,'2018-06-29',2491,2545,'Trade'),(321,'2018-08-26',2548,2502,'Trade'),(322,'2018-11-22',2494,2588,'Trade'),(323,'2018-12-01',2536,2548,'Trade'),(324,'2019-02-20',2495,2499,'Trade'),(325,'2019-04-09',2508,2491,'Trade'),(326,'2019-05-04',2492,2569,'Trade'),(327,'2019-06-11',2528,2569,'Trade'),(328,'2019-06-12',2567,2548,'Trade'),(329,'2019-08-09',2568,2506,'Trade'),(330,'2019-09-26',2498,2533,'Trade'),(331,'2019-10-03',2584,2557,'Trade'),(332,'2019-12-03',2499,2551,'Trade'),(333,'2020-01-23',2536,2563,'Trade'),(334,'2020-03-01',2577,2537,'Trade'),(335,'2020-03-15',2589,2528,'Trade'),(336,'2020-05-25',2584,2506,'Trade'),(337,'2006-10-18',1,NULL,'My Deposit'),(338,'2012-09-10',2,NULL,'My Deposit'),(339,'2018-10-19',3,NULL,'My Deposit'),(340,'1999-05-07',4,NULL,'My Deposit'),(341,'1995-09-14',5,NULL,'My Deposit'),(342,'1995-09-18',6,NULL,'My Deposit'),(343,'1991-10-14',7,NULL,'My Deposit'),(344,'2017-02-12',8,NULL,'My Deposit'),(345,'1992-08-04',9,NULL,'My Deposit'),(346,'2004-03-19',10,NULL,'My Deposit'),(347,'2015-12-24',11,NULL,'My Deposit'),(348,'2001-05-13',12,NULL,'My Deposit'),(349,'1991-06-16',13,NULL,'My Deposit'),(350,'2010-04-03',14,NULL,'My Deposit'),(351,'2011-08-19',15,NULL,'My Deposit'),(352,'1999-03-22',16,NULL,'My Deposit'),(353,'2006-03-08',17,NULL,'My Deposit'),(354,'2007-02-18',18,NULL,'My Deposit'),(355,'2007-06-17',19,NULL,'My Deposit'),(356,'1994-10-30',20,NULL,'My Deposit'),(357,'1991-04-11',21,NULL,'My Deposit'),(358,'2012-07-25',22,NULL,'My Deposit'),(359,'1997-12-08',23,NULL,'My Deposit'),(360,'2018-03-06',24,NULL,'My Deposit'),(361,'2004-07-25',25,NULL,'My Deposit'),(362,'2005-04-26',26,NULL,'My Deposit'),(363,'2004-11-24',27,NULL,'My Deposit'),(364,'2019-06-13',28,NULL,'My Deposit'),(365,'2005-03-13',29,NULL,'My Deposit'),(366,'2012-09-08',30,NULL,'My Deposit'),(367,'1994-11-05',31,NULL,'My Deposit'),(368,'2009-01-08',32,NULL,'My Deposit'),(369,'1995-07-28',33,NULL,'My Deposit'),(370,'2005-06-19',34,NULL,'My Deposit'),(371,'2007-08-20',35,NULL,'My Deposit'),(372,'2005-11-04',36,NULL,'My Deposit'),(373,'1991-08-17',37,NULL,'My Deposit'),(374,'2018-07-03',38,NULL,'My Deposit'),(375,'1995-04-16',39,NULL,'My Deposit'),(376,'2017-11-21',40,NULL,'My Deposit'),(377,'1998-04-14',41,NULL,'My Deposit'),(378,'2017-05-05',42,NULL,'My Deposit'),(379,'2005-01-15',43,NULL,'My Deposit'),(380,'2008-01-27',44,NULL,'My Deposit'),(381,'2005-12-09',45,NULL,'My Deposit'),(382,'1998-01-09',46,NULL,'My Deposit'),(383,'2011-04-05',47,NULL,'My Deposit'),(384,'1992-06-05',48,NULL,'My Deposit'),(385,'2003-01-20',49,NULL,'My Deposit'),(386,'1994-04-06',50,NULL,'My Deposit'),(387,'1996-04-26',51,NULL,'My Deposit'),(388,'1990-11-10',52,NULL,'My Deposit'),(389,'1998-11-20',53,NULL,'My Deposit'),(390,'1994-09-01',54,NULL,'My Deposit'),(391,'2012-03-06',55,NULL,'My Deposit'),(392,'2009-07-11',56,NULL,'My Deposit'),(393,'2008-11-21',57,NULL,'My Deposit'),(394,'2008-04-03',58,NULL,'My Deposit'),(395,'1994-05-14',59,NULL,'My Deposit'),(396,'2012-08-11',60,NULL,'My Deposit'),(397,'1993-10-31',61,NULL,'My Deposit'),(398,'1996-02-02',62,NULL,'My Deposit'),(399,'2017-12-26',63,NULL,'My Deposit'),(400,'1993-04-10',64,NULL,'My Deposit'),(401,'2012-09-14',65,NULL,'My Deposit'),(402,'2008-03-30',66,NULL,'My Deposit'),(403,'2018-02-24',67,NULL,'My Deposit'),(404,'1996-04-27',68,NULL,'My Deposit'),(405,'1994-01-08',69,NULL,'My Deposit'),(406,'2008-01-05',70,NULL,'My Deposit'),(407,'2008-10-09',71,NULL,'My Deposit'),(408,'2001-04-29',72,NULL,'My Deposit'),(409,'2013-02-05',73,NULL,'My Deposit'),(410,'1992-12-13',74,NULL,'My Deposit'),(411,'1995-01-17',75,NULL,'My Deposit'),(412,'2004-09-12',76,NULL,'My Deposit'),(413,'2002-08-01',77,NULL,'My Deposit'),(414,'2008-11-22',78,NULL,'My Deposit'),(415,'2012-12-11',79,NULL,'My Deposit'),(416,'1996-12-17',80,NULL,'My Deposit'),(417,'2008-08-08',81,NULL,'My Deposit'),(418,'1991-12-21',82,NULL,'My Deposit'),(419,'2014-03-25',83,NULL,'My Deposit'),(420,'2015-12-09',84,NULL,'My Deposit'),(421,'2003-05-15',85,NULL,'My Deposit'),(422,'2011-01-08',86,NULL,'My Deposit'),(423,'1990-06-26',87,NULL,'My Deposit'),(424,'2019-06-27',88,NULL,'My Deposit'),(425,'2007-11-11',89,NULL,'My Deposit'),(426,'2009-02-08',90,NULL,'My Deposit'),(427,'1994-05-01',91,NULL,'My Deposit'),(428,'2010-12-24',92,NULL,'My Deposit'),(429,'1999-03-26',93,NULL,'My Deposit'),(430,'2009-03-29',94,NULL,'My Deposit'),(431,'2008-11-03',95,NULL,'My Deposit'),(432,'2016-07-17',96,NULL,'My Deposit'),(433,'2016-08-16',97,NULL,'My Deposit'),(434,'1999-01-22',98,NULL,'My Deposit'),(435,'2004-06-12',99,NULL,'My Deposit'),(436,'2016-03-22',100,NULL,'My Deposit'),(437,'2001-01-18',101,NULL,'My Deposit'),(438,'1997-10-12',102,NULL,'My Deposit'),(439,'2011-11-15',103,NULL,'My Deposit'),(440,'1994-12-31',104,NULL,'My Deposit'),(441,'2003-12-30',105,NULL,'My Deposit'),(442,'2016-06-19',106,NULL,'My Deposit'),(443,'2015-08-31',107,NULL,'My Deposit'),(444,'1994-01-01',108,NULL,'My Deposit'),(445,'2018-11-09',109,NULL,'My Deposit'),(446,'2002-01-06',110,NULL,'My Deposit'),(447,'1995-06-18',111,NULL,'My Deposit'),(448,'2009-12-27',112,NULL,'My Deposit'),(449,'2008-07-01',113,NULL,'My Deposit'),(450,'1991-01-18',114,NULL,'My Deposit'),(451,'2005-12-14',115,NULL,'My Deposit'),(452,'1992-09-17',116,NULL,'My Deposit'),(453,'1993-08-18',117,NULL,'My Deposit'),(454,'2019-06-19',118,NULL,'My Deposit'),(455,'1995-09-26',119,NULL,'My Deposit'),(456,'2001-03-20',120,NULL,'My Deposit'),(457,'2010-01-16',121,NULL,'My Deposit'),(458,'2005-08-24',122,NULL,'My Deposit'),(459,'1993-09-03',123,NULL,'My Deposit'),(460,'2012-04-05',124,NULL,'My Deposit'),(461,'2007-03-03',125,NULL,'My Deposit'),(462,'2012-09-09',126,NULL,'My Deposit'),(463,'1995-10-05',127,NULL,'My Deposit'),(464,'2005-02-01',128,NULL,'My Deposit'),(465,'2014-05-25',129,NULL,'My Deposit'),(466,'2003-12-01',130,NULL,'My Deposit'),(467,'2003-12-24',131,NULL,'My Deposit'),(468,'2011-09-25',132,NULL,'My Deposit'),(469,'2000-11-16',133,NULL,'My Deposit'),(470,'2014-01-15',134,NULL,'My Deposit'),(471,'2014-11-20',135,NULL,'My Deposit'),(472,'2013-11-10',136,NULL,'My Deposit'),(473,'1991-04-21',137,NULL,'My Deposit'),(474,'2000-03-23',138,NULL,'My Deposit'),(475,'2010-03-17',139,NULL,'My Deposit'),(476,'2011-11-30',140,NULL,'My Deposit'),(477,'2018-07-06',141,NULL,'My Deposit'),(478,'2018-01-08',142,NULL,'My Deposit'),(479,'2019-12-08',143,NULL,'My Deposit'),(480,'1995-04-24',144,NULL,'My Deposit'),(481,'2007-06-21',145,NULL,'My Deposit'),(482,'2004-08-01',146,NULL,'My Deposit'),(483,'2020-02-28',147,NULL,'My Deposit'),(484,'2011-10-22',148,NULL,'My Deposit'),(485,'2007-12-14',149,NULL,'My Deposit'),(486,'2007-05-31',150,NULL,'My Deposit'),(487,'1997-08-01',151,NULL,'My Deposit'),(488,'1991-08-30',152,NULL,'My Deposit'),(489,'1999-10-21',153,NULL,'My Deposit'),(490,'1997-04-30',154,NULL,'My Deposit'),(491,'2002-12-28',155,NULL,'My Deposit'),(492,'2018-02-12',156,NULL,'My Deposit'),(493,'2001-04-16',157,NULL,'My Deposit'),(494,'2014-10-12',158,NULL,'My Deposit'),(495,'1992-10-23',159,NULL,'My Deposit'),(496,'2013-03-03',160,NULL,'My Deposit'),(497,'1996-12-02',161,NULL,'My Deposit'),(498,'1994-08-10',162,NULL,'My Deposit'),(499,'1992-04-24',163,NULL,'My Deposit'),(500,'2012-04-01',164,NULL,'My Deposit'),(501,'1994-05-30',165,NULL,'My Deposit'),(502,'2008-04-22',166,NULL,'My Deposit'),(503,'2016-02-17',167,NULL,'My Deposit'),(504,'1991-06-04',168,NULL,'My Deposit'),(505,'2008-05-28',169,NULL,'My Deposit'),(506,'2012-04-22',170,NULL,'My Deposit'),(507,'2016-01-04',171,NULL,'My Deposit'),(508,'2018-04-11',172,NULL,'My Deposit'),(509,'1999-01-08',173,NULL,'My Deposit'),(510,'2000-07-31',174,NULL,'My Deposit'),(511,'2000-11-01',175,NULL,'My Deposit'),(512,'2004-09-07',176,NULL,'My Deposit'),(513,'2013-06-15',177,NULL,'My Deposit'),(514,'2014-09-08',178,NULL,'My Deposit'),(515,'1992-08-20',179,NULL,'My Deposit'),(516,'1991-01-12',180,NULL,'My Deposit'),(517,'1994-11-07',181,NULL,'My Deposit'),(518,'2003-07-13',182,NULL,'My Deposit'),(519,'1999-02-24',183,NULL,'My Deposit'),(520,'2001-05-09',184,NULL,'My Deposit'),(521,'2006-03-05',185,NULL,'My Deposit'),(522,'2001-09-01',186,NULL,'My Deposit'),(523,'2012-11-09',187,NULL,'My Deposit'),(524,'2003-12-19',188,NULL,'My Deposit'),(525,'1999-01-17',189,NULL,'My Deposit'),(526,'2002-05-15',190,NULL,'My Deposit'),(527,'2000-06-01',191,NULL,'My Deposit'),(528,'2001-10-16',192,NULL,'My Deposit'),(529,'2002-02-23',193,NULL,'My Deposit'),(530,'2004-11-01',194,NULL,'My Deposit'),(531,'2016-06-05',195,NULL,'My Deposit'),(532,'2019-04-05',196,NULL,'My Deposit'),(533,'1995-06-14',197,NULL,'My Deposit'),(534,'2008-05-16',198,NULL,'My Deposit'),(535,'1996-11-18',199,NULL,'My Deposit'),(536,'2019-09-05',200,NULL,'My Deposit'),(537,'2008-09-20',201,NULL,'My Deposit'),(538,'2010-07-31',202,NULL,'My Deposit'),(539,'1990-11-30',203,NULL,'My Deposit'),(540,'2005-12-08',204,NULL,'My Deposit'),(541,'2016-03-09',205,NULL,'My Deposit'),(542,'2017-01-05',206,NULL,'My Deposit'),(543,'1996-06-16',207,NULL,'My Deposit'),(544,'2005-07-05',208,NULL,'My Deposit'),(545,'1999-03-01',209,NULL,'My Deposit'),(546,'2017-02-11',210,NULL,'My Deposit'),(547,'2018-11-22',211,NULL,'My Deposit'),(548,'2004-09-11',212,NULL,'My Deposit'),(549,'2012-09-27',213,NULL,'My Deposit'),(550,'2006-08-02',214,NULL,'My Deposit'),(551,'1990-08-13',215,NULL,'My Deposit'),(552,'2002-01-29',216,NULL,'My Deposit'),(553,'1998-07-09',217,NULL,'My Deposit'),(554,'2017-12-03',218,NULL,'My Deposit'),(555,'2019-11-06',219,NULL,'My Deposit'),(556,'2016-10-03',220,NULL,'My Deposit'),(557,'2004-10-02',221,NULL,'My Deposit'),(558,'1999-07-28',222,NULL,'My Deposit'),(559,'2013-06-29',223,NULL,'My Deposit'),(560,'2016-06-25',224,NULL,'My Deposit'),(561,'2005-02-07',225,NULL,'My Deposit'),(562,'2012-12-22',226,NULL,'My Deposit'),(563,'2004-04-19',227,NULL,'My Deposit'),(564,'1993-01-21',228,NULL,'My Deposit'),(565,'2008-03-30',229,NULL,'My Deposit'),(566,'2005-09-22',230,NULL,'My Deposit'),(567,'2014-03-30',231,NULL,'My Deposit'),(568,'1994-03-11',232,NULL,'My Deposit'),(569,'1991-01-03',233,NULL,'My Deposit'),(570,'2005-11-27',234,NULL,'My Deposit'),(571,'2008-09-25',235,NULL,'My Deposit'),(572,'1996-11-16',236,NULL,'My Deposit'),(573,'2005-06-25',237,NULL,'My Deposit'),(574,'2004-07-26',238,NULL,'My Deposit'),(575,'1994-12-16',239,NULL,'My Deposit'),(576,'2017-03-12',240,NULL,'My Deposit'),(577,'1991-08-16',241,NULL,'My Deposit'),(578,'2013-03-06',242,NULL,'My Deposit'),(579,'2001-11-11',243,NULL,'My Deposit'),(580,'2018-02-14',244,NULL,'My Deposit'),(581,'2015-07-01',245,NULL,'My Deposit'),(582,'2012-03-07',246,NULL,'My Deposit'),(583,'2000-08-20',247,NULL,'My Deposit'),(584,'2012-06-13',248,NULL,'My Deposit'),(585,'2000-07-24',249,NULL,'My Deposit'),(586,'1998-04-17',250,NULL,'My Deposit'),(587,'1999-11-14',251,NULL,'My Deposit'),(588,'2009-04-04',252,NULL,'My Deposit'),(589,'2000-05-13',253,NULL,'My Deposit'),(590,'2013-07-24',254,NULL,'My Deposit'),(591,'2007-01-03',255,NULL,'My Deposit'),(592,'2011-03-21',256,NULL,'My Deposit'),(593,'1996-02-29',257,NULL,'My Deposit'),(594,'2013-01-07',258,NULL,'My Deposit'),(595,'2003-08-11',259,NULL,'My Deposit'),(596,'1997-08-12',260,NULL,'My Deposit'),(597,'2012-07-28',261,NULL,'My Deposit'),(598,'2001-02-14',262,NULL,'My Deposit'),(599,'2000-05-10',263,NULL,'My Deposit'),(600,'2019-08-26',264,NULL,'My Deposit'),(601,'2011-10-04',265,NULL,'My Deposit'),(602,'1991-12-02',266,NULL,'My Deposit'),(603,'2010-06-14',267,NULL,'My Deposit'),(604,'2015-10-17',268,NULL,'My Deposit'),(605,'2002-06-03',269,NULL,'My Deposit'),(606,'2006-01-29',270,NULL,'My Deposit'),(607,'2009-02-02',271,NULL,'My Deposit'),(608,'2014-02-20',272,NULL,'My Deposit'),(609,'2018-09-12',273,NULL,'My Deposit'),(610,'2009-03-09',274,NULL,'My Deposit'),(611,'1999-10-16',275,NULL,'My Deposit'),(612,'1991-01-28',276,NULL,'My Deposit'),(613,'2006-12-19',277,NULL,'My Deposit'),(614,'2016-11-30',278,NULL,'My Deposit'),(615,'2004-09-30',279,NULL,'My Deposit'),(616,'2010-04-10',280,NULL,'My Deposit'),(617,'2001-02-15',281,NULL,'My Deposit'),(618,'2007-05-15',282,NULL,'My Deposit'),(619,'2009-06-23',283,NULL,'My Deposit'),(620,'2013-02-15',284,NULL,'My Deposit'),(621,'2003-12-09',285,NULL,'My Deposit'),(622,'2017-12-31',286,NULL,'My Deposit'),(623,'2019-06-03',287,NULL,'My Deposit'),(624,'2011-02-26',288,NULL,'My Deposit'),(625,'2006-08-04',289,NULL,'My Deposit'),(626,'2002-09-30',290,NULL,'My Deposit'),(627,'2006-05-21',291,NULL,'My Deposit'),(628,'1991-07-12',292,NULL,'My Deposit'),(629,'2016-08-10',293,NULL,'My Deposit'),(630,'1997-06-10',294,NULL,'My Deposit'),(631,'1990-10-08',295,NULL,'My Deposit'),(632,'2009-10-15',296,NULL,'My Deposit'),(633,'1994-04-15',297,NULL,'My Deposit'),(634,'2002-11-04',298,NULL,'My Deposit'),(635,'2014-09-16',299,NULL,'My Deposit'),(636,'2010-12-08',300,NULL,'My Deposit'),(637,'2009-01-22',301,NULL,'My Deposit'),(638,'1991-07-19',302,NULL,'My Deposit'),(639,'1997-10-09',303,NULL,'My Deposit'),(640,'2016-12-08',304,NULL,'My Deposit'),(641,'2002-11-13',305,NULL,'My Deposit'),(642,'1993-04-19',306,NULL,'My Deposit'),(643,'2009-06-15',307,NULL,'My Deposit'),(644,'2018-11-10',308,NULL,'My Deposit'),(645,'1992-02-27',309,NULL,'My Deposit'),(646,'1999-12-03',310,NULL,'My Deposit'),(647,'1991-11-06',311,NULL,'My Deposit'),(648,'2003-01-22',312,NULL,'My Deposit'),(649,'1992-11-15',313,NULL,'My Deposit'),(650,'1997-07-24',314,NULL,'My Deposit'),(651,'1993-07-23',315,NULL,'My Deposit'),(652,'2018-05-10',316,NULL,'My Deposit'),(653,'2015-03-18',317,NULL,'My Deposit'),(654,'2004-04-01',318,NULL,'My Deposit'),(655,'2002-09-21',319,NULL,'My Deposit'),(656,'2011-10-31',320,NULL,'My Deposit'),(657,'1991-01-24',321,NULL,'My Deposit'),(658,'2009-06-30',322,NULL,'My Deposit'),(659,'1991-12-15',323,NULL,'My Deposit'),(660,'2018-01-27',324,NULL,'My Deposit'),(661,'1996-10-28',325,NULL,'My Deposit'),(662,'2000-01-21',326,NULL,'My Deposit'),(663,'1998-12-11',327,NULL,'My Deposit'),(664,'2017-08-21',328,NULL,'My Deposit'),(665,'1997-02-06',329,NULL,'My Deposit'),(666,'1998-02-02',330,NULL,'My Deposit'),(667,'2004-07-20',331,NULL,'My Deposit'),(668,'1993-04-26',332,NULL,'My Deposit'),(669,'2018-08-13',333,NULL,'My Deposit'),(670,'2018-06-29',334,NULL,'My Deposit'),(671,'2005-12-23',335,NULL,'My Deposit'),(672,'2010-05-29',336,NULL,'My Deposit'),(673,'1993-11-08',337,NULL,'My Deposit'),(674,'2010-04-04',338,NULL,'My Deposit'),(675,'1997-10-31',339,NULL,'My Deposit'),(676,'1999-01-17',340,NULL,'My Deposit'),(677,'1996-03-20',341,NULL,'My Deposit'),(678,'2002-04-27',342,NULL,'My Deposit'),(679,'2008-02-11',343,NULL,'My Deposit'),(680,'2015-09-11',344,NULL,'My Deposit'),(681,'2018-07-24',345,NULL,'My Deposit'),(682,'2013-09-26',346,NULL,'My Deposit'),(683,'1992-01-25',347,NULL,'My Deposit'),(684,'2010-11-04',348,NULL,'My Deposit'),(685,'1998-10-19',349,NULL,'My Deposit'),(686,'2009-12-28',350,NULL,'My Deposit'),(687,'2011-04-09',351,NULL,'My Deposit'),(688,'2006-05-18',352,NULL,'My Deposit'),(689,'2018-11-07',353,NULL,'My Deposit'),(690,'2003-01-15',354,NULL,'My Deposit'),(691,'2007-07-27',355,NULL,'My Deposit'),(692,'2011-03-23',356,NULL,'My Deposit'),(693,'1996-01-11',357,NULL,'My Deposit'),(694,'1994-08-21',358,NULL,'My Deposit'),(695,'2018-10-03',359,NULL,'My Deposit'),(696,'2001-02-03',360,NULL,'My Deposit'),(697,'2007-12-15',361,NULL,'My Deposit'),(698,'1995-05-12',362,NULL,'My Deposit'),(699,'2002-05-26',363,NULL,'My Deposit'),(700,'2002-09-30',364,NULL,'My Deposit'),(701,'2017-07-02',365,NULL,'My Deposit'),(702,'2008-05-18',366,NULL,'My Deposit'),(703,'2011-01-07',367,NULL,'My Deposit'),(704,'2019-09-25',368,NULL,'My Deposit'),(705,'2017-03-24',369,NULL,'My Deposit'),(706,'2002-09-18',370,NULL,'My Deposit'),(707,'2001-07-20',371,NULL,'My Deposit'),(708,'1998-06-14',372,NULL,'My Deposit'),(709,'2000-08-01',373,NULL,'My Deposit'),(710,'2003-05-17',374,NULL,'My Deposit'),(711,'1997-08-18',375,NULL,'My Deposit'),(712,'1995-04-20',376,NULL,'My Deposit'),(713,'2014-01-07',377,NULL,'My Deposit'),(714,'2013-10-25',378,NULL,'My Deposit'),(715,'1992-11-11',379,NULL,'My Deposit'),(716,'2017-06-16',380,NULL,'My Deposit'),(717,'1995-06-01',381,NULL,'My Deposit'),(718,'2004-10-10',382,NULL,'My Deposit'),(719,'2006-08-28',383,NULL,'My Deposit'),(720,'2020-03-30',384,NULL,'My Deposit'),(721,'1990-09-10',385,NULL,'My Deposit'),(722,'1996-08-27',386,NULL,'My Deposit'),(723,'2015-08-13',387,NULL,'My Deposit'),(724,'2000-09-23',388,NULL,'My Deposit'),(725,'2018-01-30',389,NULL,'My Deposit'),(726,'1992-09-17',390,NULL,'My Deposit'),(727,'2004-05-29',391,NULL,'My Deposit'),(728,'2017-08-25',392,NULL,'My Deposit'),(729,'2016-06-08',393,NULL,'My Deposit'),(730,'2000-06-04',394,NULL,'My Deposit'),(731,'2001-12-16',395,NULL,'My Deposit'),(732,'1991-01-10',396,NULL,'My Deposit'),(733,'1994-11-16',397,NULL,'My Deposit'),(734,'2012-05-14',398,NULL,'My Deposit'),(735,'2017-04-11',399,NULL,'My Deposit'),(736,'2013-06-09',400,NULL,'My Deposit'),(737,'1990-10-23',401,NULL,'My Deposit'),(738,'1991-05-18',402,NULL,'My Deposit'),(739,'1992-11-27',403,NULL,'My Deposit'),(740,'1995-02-27',404,NULL,'My Deposit'),(741,'2007-02-15',405,NULL,'My Deposit'),(742,'2014-12-18',406,NULL,'My Deposit'),(743,'2011-12-07',407,NULL,'My Deposit'),(744,'1994-08-30',408,NULL,'My Deposit'),(745,'2020-01-20',409,NULL,'My Deposit'),(746,'1998-02-11',410,NULL,'My Deposit'),(747,'2002-12-11',411,NULL,'My Deposit'),(748,'2008-02-04',412,NULL,'My Deposit'),(749,'1999-08-23',413,NULL,'My Deposit'),(750,'1993-12-13',414,NULL,'My Deposit'),(751,'2001-05-18',415,NULL,'My Deposit'),(752,'2002-11-24',416,NULL,'My Deposit'),(753,'1995-08-20',417,NULL,'My Deposit'),(754,'2005-02-27',418,NULL,'My Deposit'),(755,'2019-05-28',419,NULL,'My Deposit'),(756,'1993-06-15',420,NULL,'My Deposit'),(757,'1990-06-06',421,NULL,'My Deposit'),(758,'1994-05-24',422,NULL,'My Deposit'),(759,'2008-06-16',423,NULL,'My Deposit'),(760,'2005-01-06',424,NULL,'My Deposit'),(761,'2003-10-15',425,NULL,'My Deposit'),(762,'2004-09-13',426,NULL,'My Deposit'),(763,'1998-01-04',427,NULL,'My Deposit'),(764,'2013-11-13',428,NULL,'My Deposit'),(765,'2019-12-19',429,NULL,'My Deposit'),(766,'2002-10-11',430,NULL,'My Deposit'),(767,'2007-11-15',431,NULL,'My Deposit'),(768,'1994-08-08',432,NULL,'My Deposit'),(769,'2009-12-21',433,NULL,'My Deposit'),(770,'1991-08-17',434,NULL,'My Deposit'),(771,'1994-05-17',435,NULL,'My Deposit'),(772,'2019-08-11',436,NULL,'My Deposit'),(773,'2019-06-21',437,NULL,'My Deposit'),(774,'2002-12-10',438,NULL,'My Deposit'),(775,'2005-06-14',439,NULL,'My Deposit'),(776,'2001-10-20',440,NULL,'My Deposit'),(777,'2010-05-15',441,NULL,'My Deposit'),(778,'1995-08-04',442,NULL,'My Deposit'),(779,'2006-09-06',443,NULL,'My Deposit'),(780,'2016-01-13',444,NULL,'My Deposit'),(781,'1995-11-14',445,NULL,'My Deposit'),(782,'2009-08-12',446,NULL,'My Deposit'),(783,'1999-03-23',447,NULL,'My Deposit'),(784,'1998-01-22',448,NULL,'My Deposit'),(785,'2012-10-31',449,NULL,'My Deposit'),(786,'2010-06-24',450,NULL,'My Deposit'),(787,'2015-10-13',451,NULL,'My Deposit'),(788,'2012-10-25',452,NULL,'My Deposit'),(789,'2005-02-25',453,NULL,'My Deposit'),(790,'2018-11-19',454,NULL,'My Deposit'),(791,'1996-01-29',455,NULL,'My Deposit'),(792,'1990-11-29',456,NULL,'My Deposit'),(793,'2000-06-10',457,NULL,'My Deposit'),(794,'2020-06-10',458,NULL,'My Deposit'),(795,'1993-08-16',459,NULL,'My Deposit'),(796,'2008-09-13',460,NULL,'My Deposit'),(797,'1995-08-22',461,NULL,'My Deposit'),(798,'2003-05-07',462,NULL,'My Deposit'),(799,'1994-03-27',463,NULL,'My Deposit'),(800,'2009-03-22',464,NULL,'My Deposit'),(801,'2008-01-15',465,NULL,'My Deposit'),(802,'1997-11-25',466,NULL,'My Deposit'),(803,'2019-12-03',467,NULL,'My Deposit'),(804,'2002-01-20',468,NULL,'My Deposit'),(805,'2001-09-26',469,NULL,'My Deposit'),(806,'1996-08-31',470,NULL,'My Deposit'),(807,'1999-11-29',471,NULL,'My Deposit'),(808,'2017-12-30',472,NULL,'My Deposit'),(809,'1998-01-21',473,NULL,'My Deposit'),(810,'1997-06-01',474,NULL,'My Deposit'),(811,'1991-11-16',475,NULL,'My Deposit'),(812,'1994-10-24',476,NULL,'My Deposit'),(813,'2001-09-16',477,NULL,'My Deposit'),(814,'2018-10-07',478,NULL,'My Deposit'),(815,'2003-05-31',479,NULL,'My Deposit'),(816,'2020-05-03',480,NULL,'My Deposit'),(817,'2012-05-25',481,NULL,'My Deposit'),(818,'1994-12-14',482,NULL,'My Deposit'),(819,'2015-07-12',483,NULL,'My Deposit'),(820,'1995-02-28',484,NULL,'My Deposit'),(821,'1995-05-20',485,NULL,'My Deposit'),(822,'1991-11-30',486,NULL,'My Deposit'),(823,'1998-02-23',487,NULL,'My Deposit'),(824,'2009-03-19',488,NULL,'My Deposit'),(825,'2000-07-17',489,NULL,'My Deposit'),(826,'2003-01-04',490,NULL,'My Deposit'),(827,'2014-11-20',491,NULL,'My Deposit'),(828,'2001-08-13',492,NULL,'My Deposit'),(829,'1991-09-20',493,NULL,'My Deposit'),(830,'2016-03-17',494,NULL,'My Deposit'),(831,'2012-12-10',495,NULL,'My Deposit'),(832,'2011-07-22',496,NULL,'My Deposit'),(833,'1996-06-04',497,NULL,'My Deposit'),(834,'2005-09-21',498,NULL,'My Deposit'),(835,'1993-10-03',499,NULL,'My Deposit'),(836,'2019-01-14',500,NULL,'My Deposit'),(837,'1995-05-22',501,NULL,'My Deposit'),(838,'1995-04-11',502,NULL,'My Deposit'),(839,'2015-04-09',503,NULL,'My Deposit'),(840,'1992-10-05',504,NULL,'My Deposit'),(841,'1999-01-19',505,NULL,'My Deposit'),(842,'2018-07-14',506,NULL,'My Deposit'),(843,'2013-05-30',507,NULL,'My Deposit'),(844,'2013-11-21',508,NULL,'My Deposit'),(845,'1998-07-09',509,NULL,'My Deposit'),(846,'2019-09-15',510,NULL,'My Deposit'),(847,'2002-02-28',511,NULL,'My Deposit'),(848,'1999-08-12',512,NULL,'My Deposit'),(849,'2003-07-22',513,NULL,'My Deposit'),(850,'2012-04-26',514,NULL,'My Deposit'),(851,'2011-01-05',515,NULL,'My Deposit'),(852,'1994-11-07',516,NULL,'My Deposit'),(853,'1991-06-06',517,NULL,'My Deposit'),(854,'2002-02-16',518,NULL,'My Deposit'),(855,'2000-10-26',519,NULL,'My Deposit'),(856,'1993-07-06',520,NULL,'My Deposit'),(857,'2004-06-07',521,NULL,'My Deposit'),(858,'1991-06-29',522,NULL,'My Deposit'),(859,'2012-09-13',523,NULL,'My Deposit'),(860,'1990-08-04',524,NULL,'My Deposit'),(861,'2013-08-05',525,NULL,'My Deposit'),(862,'2016-08-14',526,NULL,'My Deposit'),(863,'2009-08-24',527,NULL,'My Deposit'),(864,'2008-01-08',528,NULL,'My Deposit'),(865,'2011-02-16',529,NULL,'My Deposit'),(866,'2011-02-20',530,NULL,'My Deposit'),(867,'2007-11-14',531,NULL,'My Deposit'),(868,'2005-04-23',532,NULL,'My Deposit'),(869,'2002-09-04',533,NULL,'My Deposit'),(870,'2001-12-14',534,NULL,'My Deposit'),(871,'2008-04-02',535,NULL,'My Deposit'),(872,'2007-04-09',536,NULL,'My Deposit'),(873,'2003-01-31',537,NULL,'My Deposit'),(874,'2016-02-25',538,NULL,'My Deposit'),(875,'1993-06-01',539,NULL,'My Deposit'),(876,'2010-02-01',540,NULL,'My Deposit'),(877,'2020-01-01',541,NULL,'My Deposit'),(878,'1995-05-01',542,NULL,'My Deposit'),(879,'1991-11-19',543,NULL,'My Deposit'),(880,'2003-12-30',544,NULL,'My Deposit'),(881,'1999-12-13',545,NULL,'My Deposit'),(882,'1995-02-24',546,NULL,'My Deposit'),(883,'2011-08-28',547,NULL,'My Deposit'),(884,'2005-05-15',548,NULL,'My Deposit'),(885,'1992-12-05',549,NULL,'My Deposit'),(886,'1992-10-04',550,NULL,'My Deposit'),(887,'1993-03-09',551,NULL,'My Deposit'),(888,'2009-07-02',552,NULL,'My Deposit'),(889,'2008-06-14',553,NULL,'My Deposit'),(890,'2015-11-25',554,NULL,'My Deposit'),(891,'2013-01-17',555,NULL,'My Deposit'),(892,'2016-12-02',556,NULL,'My Deposit'),(893,'2019-04-27',557,NULL,'My Deposit'),(894,'2015-06-17',558,NULL,'My Deposit'),(895,'2001-07-26',559,NULL,'My Deposit'),(896,'1997-10-26',560,NULL,'My Deposit'),(897,'2006-07-18',561,NULL,'My Deposit'),(898,'2017-09-10',562,NULL,'My Deposit'),(899,'2014-11-27',563,NULL,'My Deposit'),(900,'2015-05-28',564,NULL,'My Deposit'),(901,'1998-01-28',565,NULL,'My Deposit'),(902,'2005-06-29',566,NULL,'My Deposit'),(903,'1999-01-24',567,NULL,'My Deposit'),(904,'2013-08-03',568,NULL,'My Deposit'),(905,'2012-06-05',569,NULL,'My Deposit'),(906,'1996-06-28',570,NULL,'My Deposit'),(907,'2010-10-26',571,NULL,'My Deposit'),(908,'1998-05-03',572,NULL,'My Deposit'),(909,'2007-06-03',573,NULL,'My Deposit'),(910,'1994-06-26',574,NULL,'My Deposit'),(911,'2007-12-05',575,NULL,'My Deposit'),(912,'2018-07-30',576,NULL,'My Deposit'),(913,'1992-07-06',577,NULL,'My Deposit'),(914,'1991-06-22',578,NULL,'My Deposit'),(915,'1996-07-14',579,NULL,'My Deposit'),(916,'1998-09-28',580,NULL,'My Deposit'),(917,'1999-02-12',581,NULL,'My Deposit'),(918,'2002-12-15',582,NULL,'My Deposit'),(919,'1992-05-13',583,NULL,'My Deposit'),(920,'2012-12-28',584,NULL,'My Deposit'),(921,'2002-04-04',585,NULL,'My Deposit'),(922,'2011-12-05',586,NULL,'My Deposit'),(923,'2003-09-20',587,NULL,'My Deposit'),(924,'2003-04-06',588,NULL,'My Deposit'),(925,'2004-06-19',589,NULL,'My Deposit'),(926,'2008-10-17',590,NULL,'My Deposit'),(927,'2006-07-28',591,NULL,'My Deposit'),(928,'2011-06-07',592,NULL,'My Deposit'),(929,'1997-09-17',593,NULL,'My Deposit'),(930,'1990-09-12',594,NULL,'My Deposit'),(931,'2010-05-31',595,NULL,'My Deposit'),(932,'2010-10-28',596,NULL,'My Deposit'),(933,'2007-07-03',597,NULL,'My Deposit'),(934,'1999-06-29',598,NULL,'My Deposit'),(935,'1994-11-02',599,NULL,'My Deposit'),(936,'2003-01-12',600,NULL,'My Deposit'),(937,'1997-10-24',601,NULL,'My Deposit'),(938,'2008-07-22',602,NULL,'My Deposit'),(939,'1996-01-31',603,NULL,'My Deposit'),(940,'2018-11-12',604,NULL,'My Deposit'),(941,'2003-08-18',605,NULL,'My Deposit'),(942,'2009-12-17',606,NULL,'My Deposit'),(943,'2012-04-05',607,NULL,'My Deposit'),(944,'2002-09-29',608,NULL,'My Deposit'),(945,'2020-03-12',609,NULL,'My Deposit'),(946,'2017-05-19',610,NULL,'My Deposit'),(947,'1995-01-02',611,NULL,'My Deposit'),(948,'2002-08-19',612,NULL,'My Deposit'),(949,'2016-07-03',613,NULL,'My Deposit'),(950,'1994-12-23',614,NULL,'My Deposit'),(951,'2015-11-22',615,NULL,'My Deposit'),(952,'2007-01-09',616,NULL,'My Deposit'),(953,'2003-10-19',617,NULL,'My Deposit'),(954,'2014-03-29',618,NULL,'My Deposit'),(955,'2009-04-17',619,NULL,'My Deposit'),(956,'1990-09-14',620,NULL,'My Deposit'),(957,'2004-02-23',621,NULL,'My Deposit'),(958,'1995-03-14',622,NULL,'My Deposit'),(959,'2009-12-06',623,NULL,'My Deposit'),(960,'2006-01-23',624,NULL,'My Deposit'),(961,'1999-04-17',625,NULL,'My Deposit'),(962,'1999-09-19',626,NULL,'My Deposit'),(963,'2011-10-28',627,NULL,'My Deposit'),(964,'2016-03-12',628,NULL,'My Deposit'),(965,'2014-04-30',629,NULL,'My Deposit'),(966,'2009-02-02',630,NULL,'My Deposit'),(967,'2010-12-16',631,NULL,'My Deposit'),(968,'2001-05-19',632,NULL,'My Deposit'),(969,'2012-06-10',633,NULL,'My Deposit'),(970,'1994-11-26',634,NULL,'My Deposit'),(971,'2005-09-14',635,NULL,'My Deposit'),(972,'2001-08-09',636,NULL,'My Deposit'),(973,'1993-03-18',637,NULL,'My Deposit'),(974,'2014-09-05',638,NULL,'My Deposit'),(975,'1999-06-26',639,NULL,'My Deposit'),(976,'2015-04-05',640,NULL,'My Deposit'),(977,'2007-04-17',641,NULL,'My Deposit'),(978,'2007-07-18',642,NULL,'My Deposit'),(979,'1994-02-19',643,NULL,'My Deposit'),(980,'2004-04-02',644,NULL,'My Deposit'),(981,'2013-11-02',645,NULL,'My Deposit'),(982,'2020-03-27',646,NULL,'My Deposit'),(983,'2001-05-24',647,NULL,'My Deposit'),(984,'1995-08-20',648,NULL,'My Deposit'),(985,'2011-06-17',649,NULL,'My Deposit'),(986,'1995-12-12',650,NULL,'My Deposit'),(987,'1992-12-06',651,NULL,'My Deposit'),(988,'1991-11-11',652,NULL,'My Deposit'),(989,'2012-03-20',653,NULL,'My Deposit'),(990,'2000-08-08',654,NULL,'My Deposit'),(991,'1998-10-18',655,NULL,'My Deposit'),(992,'2009-07-21',656,NULL,'My Deposit'),(993,'2002-03-09',657,NULL,'My Deposit'),(994,'2007-03-14',658,NULL,'My Deposit'),(995,'2014-10-29',659,NULL,'My Deposit'),(996,'2011-11-21',660,NULL,'My Deposit'),(997,'1993-06-03',661,NULL,'My Deposit'),(998,'2004-10-09',662,NULL,'My Deposit'),(999,'2009-07-25',663,NULL,'My Deposit'),(1000,'2011-05-24',664,NULL,'My Deposit'),(1001,'2012-05-21',665,NULL,'My Deposit'),(1002,'2011-04-12',666,NULL,'My Deposit'),(1003,'1992-03-30',667,NULL,'My Deposit'),(1004,'1999-06-29',668,NULL,'My Deposit'),(1005,'1991-02-10',669,NULL,'My Deposit'),(1006,'2005-05-02',670,NULL,'My Deposit'),(1007,'2020-01-17',671,NULL,'My Deposit'),(1008,'2015-08-09',672,NULL,'My Deposit'),(1009,'1999-10-26',673,NULL,'My Deposit'),(1010,'2014-03-01',674,NULL,'My Deposit'),(1011,'2004-04-12',675,NULL,'My Deposit'),(1012,'2012-05-28',676,NULL,'My Deposit'),(1013,'2005-01-29',677,NULL,'My Deposit'),(1014,'2001-04-29',678,NULL,'My Deposit'),(1015,'2004-11-07',679,NULL,'My Deposit'),(1016,'2005-06-09',680,NULL,'My Deposit'),(1017,'1993-11-09',681,NULL,'My Deposit'),(1018,'2016-09-20',682,NULL,'My Deposit'),(1019,'2006-08-18',683,NULL,'My Deposit'),(1020,'2002-02-01',684,NULL,'My Deposit'),(1021,'1998-05-21',685,NULL,'My Deposit'),(1022,'2020-05-03',686,NULL,'My Deposit'),(1023,'2004-03-30',687,NULL,'My Deposit'),(1024,'2000-10-06',688,NULL,'My Deposit'),(1025,'2017-11-30',689,NULL,'My Deposit'),(1026,'1995-11-30',690,NULL,'My Deposit'),(1027,'2017-07-12',691,NULL,'My Deposit'),(1028,'2014-11-12',692,NULL,'My Deposit'),(1029,'2012-12-07',693,NULL,'My Deposit'),(1030,'2004-05-21',694,NULL,'My Deposit'),(1031,'1996-02-28',695,NULL,'My Deposit'),(1032,'1992-12-04',696,NULL,'My Deposit'),(1033,'2015-10-16',697,NULL,'My Deposit'),(1034,'2002-02-05',698,NULL,'My Deposit'),(1035,'2003-07-15',699,NULL,'My Deposit'),(1036,'2007-09-06',700,NULL,'My Deposit'),(1037,'2018-04-16',701,NULL,'My Deposit'),(1038,'1993-05-21',702,NULL,'My Deposit'),(1039,'2000-02-27',703,NULL,'My Deposit'),(1040,'2004-02-11',704,NULL,'My Deposit'),(1041,'2017-11-21',705,NULL,'My Deposit'),(1042,'1991-11-06',706,NULL,'My Deposit'),(1043,'2011-09-06',707,NULL,'My Deposit'),(1044,'2006-07-19',708,NULL,'My Deposit'),(1045,'2019-06-08',709,NULL,'My Deposit'),(1046,'2003-06-13',710,NULL,'My Deposit'),(1047,'2014-11-11',711,NULL,'My Deposit'),(1048,'1994-03-26',712,NULL,'My Deposit'),(1049,'2007-08-19',713,NULL,'My Deposit'),(1050,'2017-02-04',714,NULL,'My Deposit'),(1051,'2017-09-26',715,NULL,'My Deposit'),(1052,'2018-03-17',716,NULL,'My Deposit'),(1053,'1993-01-15',717,NULL,'My Deposit'),(1054,'1998-10-16',718,NULL,'My Deposit'),(1055,'2000-03-31',719,NULL,'My Deposit'),(1056,'2008-04-20',720,NULL,'My Deposit'),(1057,'2010-01-22',721,NULL,'My Deposit'),(1058,'2013-07-25',722,NULL,'My Deposit'),(1059,'1991-11-19',723,NULL,'My Deposit'),(1060,'2016-06-24',724,NULL,'My Deposit'),(1061,'2012-05-03',725,NULL,'My Deposit'),(1062,'2002-01-02',726,NULL,'My Deposit'),(1063,'2003-04-19',727,NULL,'My Deposit'),(1064,'2001-03-21',728,NULL,'My Deposit'),(1065,'1998-07-16',729,NULL,'My Deposit'),(1066,'2005-01-12',730,NULL,'My Deposit'),(1067,'1997-11-17',731,NULL,'My Deposit'),(1068,'2001-02-08',732,NULL,'My Deposit'),(1069,'1994-08-09',733,NULL,'My Deposit'),(1070,'2003-07-20',734,NULL,'My Deposit'),(1071,'1990-11-17',735,NULL,'My Deposit'),(1072,'2019-01-21',736,NULL,'My Deposit'),(1073,'2006-01-04',737,NULL,'My Deposit'),(1074,'2011-08-13',738,NULL,'My Deposit'),(1075,'1998-11-10',739,NULL,'My Deposit'),(1076,'2013-11-25',740,NULL,'My Deposit'),(1077,'2018-09-03',741,NULL,'My Deposit'),(1078,'2001-05-26',742,NULL,'My Deposit'),(1079,'2015-05-18',743,NULL,'My Deposit'),(1080,'2008-02-01',744,NULL,'My Deposit'),(1081,'1991-06-27',745,NULL,'My Deposit'),(1082,'2011-10-05',746,NULL,'My Deposit'),(1083,'2014-01-10',747,NULL,'My Deposit'),(1084,'2004-07-17',748,NULL,'My Deposit'),(1085,'1998-12-09',749,NULL,'My Deposit'),(1086,'1997-05-02',750,NULL,'My Deposit'),(1087,'1990-11-12',751,NULL,'My Deposit'),(1088,'2005-12-20',752,NULL,'My Deposit'),(1089,'2013-12-11',753,NULL,'My Deposit'),(1090,'2014-02-14',754,NULL,'My Deposit'),(1091,'2013-03-31',755,NULL,'My Deposit'),(1092,'2018-02-23',756,NULL,'My Deposit'),(1093,'2009-08-14',757,NULL,'My Deposit'),(1094,'1994-08-27',758,NULL,'My Deposit'),(1095,'1991-06-05',759,NULL,'My Deposit'),(1096,'2001-05-23',760,NULL,'My Deposit'),(1097,'2008-04-17',761,NULL,'My Deposit'),(1098,'2001-10-08',762,NULL,'My Deposit'),(1099,'1998-02-03',763,NULL,'My Deposit'),(1100,'2009-09-10',764,NULL,'My Deposit'),(1101,'2000-07-30',765,NULL,'My Deposit'),(1102,'2019-08-04',766,NULL,'My Deposit'),(1103,'2003-01-29',767,NULL,'My Deposit'),(1104,'1990-09-10',768,NULL,'My Deposit'),(1105,'2001-08-26',769,NULL,'My Deposit'),(1106,'2000-08-05',770,NULL,'My Deposit'),(1107,'2002-08-24',771,NULL,'My Deposit'),(1108,'2013-05-09',772,NULL,'My Deposit'),(1109,'2002-09-09',773,NULL,'My Deposit'),(1110,'2015-06-23',774,NULL,'My Deposit'),(1111,'1995-09-25',775,NULL,'My Deposit'),(1112,'2014-09-03',776,NULL,'My Deposit'),(1113,'2019-06-28',777,NULL,'My Deposit'),(1114,'2019-05-12',778,NULL,'My Deposit'),(1115,'1995-11-09',779,NULL,'My Deposit'),(1116,'2017-01-20',780,NULL,'My Deposit'),(1117,'2000-10-06',781,NULL,'My Deposit'),(1118,'2008-05-06',782,NULL,'My Deposit'),(1119,'2014-08-22',783,NULL,'My Deposit'),(1120,'1996-06-10',784,NULL,'My Deposit'),(1121,'1992-10-10',785,NULL,'My Deposit'),(1122,'2007-11-05',786,NULL,'My Deposit'),(1123,'2005-12-16',787,NULL,'My Deposit'),(1124,'2014-04-29',788,NULL,'My Deposit'),(1125,'2014-11-07',789,NULL,'My Deposit'),(1126,'2016-07-30',790,NULL,'My Deposit'),(1127,'1998-03-21',791,NULL,'My Deposit'),(1128,'1991-08-24',792,NULL,'My Deposit'),(1129,'2014-12-27',793,NULL,'My Deposit'),(1130,'2017-03-12',794,NULL,'My Deposit'),(1131,'2012-02-08',795,NULL,'My Deposit'),(1132,'2020-05-15',796,NULL,'My Deposit'),(1133,'2004-08-14',797,NULL,'My Deposit'),(1134,'1997-11-21',798,NULL,'My Deposit'),(1135,'2000-07-15',799,NULL,'My Deposit'),(1136,'1994-04-28',800,NULL,'My Deposit'),(1137,'2010-04-05',801,NULL,'My Deposit'),(1138,'2001-03-19',802,NULL,'My Deposit'),(1139,'1999-01-12',803,NULL,'My Deposit'),(1140,'1997-06-27',804,NULL,'My Deposit'),(1141,'2002-02-13',805,NULL,'My Deposit'),(1142,'2013-12-22',806,NULL,'My Deposit'),(1143,'1998-05-01',807,NULL,'My Deposit'),(1144,'2015-03-04',808,NULL,'My Deposit'),(1145,'2019-11-01',809,NULL,'My Deposit'),(1146,'1999-10-31',810,NULL,'My Deposit'),(1147,'2005-12-13',811,NULL,'My Deposit'),(1148,'2003-09-29',812,NULL,'My Deposit'),(1149,'2012-05-02',813,NULL,'My Deposit'),(1150,'2017-09-16',814,NULL,'My Deposit'),(1151,'2005-12-04',815,NULL,'My Deposit'),(1152,'2012-02-11',816,NULL,'My Deposit'),(1153,'2002-07-02',817,NULL,'My Deposit'),(1154,'2008-01-06',818,NULL,'My Deposit'),(1155,'2008-05-27',819,NULL,'My Deposit'),(1156,'2013-02-10',820,NULL,'My Deposit'),(1157,'2011-07-05',821,NULL,'My Deposit'),(1158,'2000-05-06',822,NULL,'My Deposit'),(1159,'1994-03-31',823,NULL,'My Deposit'),(1160,'2013-07-11',824,NULL,'My Deposit'),(1161,'2009-10-24',825,NULL,'My Deposit'),(1162,'2015-04-30',826,NULL,'My Deposit'),(1163,'1991-03-31',827,NULL,'My Deposit'),(1164,'2007-02-11',828,NULL,'My Deposit'),(1165,'2019-05-27',829,NULL,'My Deposit'),(1166,'2008-12-28',830,NULL,'My Deposit'),(1167,'1990-12-01',831,NULL,'My Deposit'),(1168,'1998-12-11',832,NULL,'My Deposit'),(1169,'2008-03-15',833,NULL,'My Deposit'),(1170,'2016-04-17',834,NULL,'My Deposit'),(1171,'2006-05-13',835,NULL,'My Deposit'),(1172,'2012-01-09',836,NULL,'My Deposit'),(1173,'2018-04-05',837,NULL,'My Deposit'),(1174,'2003-12-06',838,NULL,'My Deposit'),(1175,'1993-02-14',839,NULL,'My Deposit'),(1176,'2013-02-14',840,NULL,'My Deposit'),(1177,'2013-01-31',841,NULL,'My Deposit'),(1178,'2010-01-25',842,NULL,'My Deposit'),(1179,'2016-02-23',843,NULL,'My Deposit'),(1180,'2004-01-26',844,NULL,'My Deposit'),(1181,'2010-11-12',845,NULL,'My Deposit'),(1182,'2014-08-14',846,NULL,'My Deposit'),(1183,'1995-01-05',847,NULL,'My Deposit'),(1184,'2003-01-07',848,NULL,'My Deposit'),(1185,'2002-10-10',849,NULL,'My Deposit'),(1186,'2015-05-01',850,NULL,'My Deposit'),(1187,'1993-11-16',851,NULL,'My Deposit'),(1188,'2004-03-07',852,NULL,'My Deposit'),(1189,'2005-07-24',853,NULL,'My Deposit'),(1190,'2006-11-04',854,NULL,'My Deposit'),(1191,'2017-03-29',855,NULL,'My Deposit'),(1192,'2019-02-20',856,NULL,'My Deposit'),(1193,'1991-03-22',857,NULL,'My Deposit'),(1194,'2013-07-24',858,NULL,'My Deposit'),(1195,'2006-10-31',859,NULL,'My Deposit'),(1196,'1998-08-14',860,NULL,'My Deposit'),(1197,'1994-09-20',861,NULL,'My Deposit'),(1198,'1995-03-07',862,NULL,'My Deposit'),(1199,'2003-10-10',863,NULL,'My Deposit'),(1200,'2014-11-23',864,NULL,'My Deposit'),(1201,'2013-07-09',865,NULL,'My Deposit'),(1202,'2012-04-07',866,NULL,'My Deposit'),(1203,'2015-05-24',867,NULL,'My Deposit'),(1204,'1991-12-22',868,NULL,'My Deposit'),(1205,'2000-08-11',869,NULL,'My Deposit'),(1206,'2008-11-25',870,NULL,'My Deposit'),(1207,'2000-08-08',871,NULL,'My Deposit'),(1208,'1990-10-27',872,NULL,'My Deposit'),(1209,'1996-07-28',873,NULL,'My Deposit'),(1210,'2005-09-19',874,NULL,'My Deposit'),(1211,'2002-05-11',875,NULL,'My Deposit'),(1212,'1994-07-12',876,NULL,'My Deposit'),(1213,'1999-03-24',877,NULL,'My Deposit'),(1214,'2008-11-17',878,NULL,'My Deposit'),(1215,'2014-08-26',879,NULL,'My Deposit'),(1216,'2003-04-28',880,NULL,'My Deposit'),(1217,'2006-10-03',881,NULL,'My Deposit'),(1218,'2009-10-20',882,NULL,'My Deposit'),(1219,'2000-02-23',883,NULL,'My Deposit'),(1220,'1994-06-12',884,NULL,'My Deposit'),(1221,'1991-09-25',885,NULL,'My Deposit'),(1222,'2011-02-08',886,NULL,'My Deposit'),(1223,'2012-09-20',887,NULL,'My Deposit'),(1224,'2016-12-06',888,NULL,'My Deposit'),(1225,'2018-09-28',889,NULL,'My Deposit'),(1226,'1993-08-28',890,NULL,'My Deposit'),(1227,'2012-09-14',891,NULL,'My Deposit'),(1228,'2002-12-01',892,NULL,'My Deposit'),(1229,'2019-01-11',893,NULL,'My Deposit'),(1230,'2017-06-03',894,NULL,'My Deposit'),(1231,'2015-11-26',895,NULL,'My Deposit'),(1232,'2008-02-23',896,NULL,'My Deposit'),(1233,'2013-08-02',897,NULL,'My Deposit'),(1234,'2020-03-27',898,NULL,'My Deposit'),(1235,'2017-03-06',899,NULL,'My Deposit'),(1236,'1996-10-31',1,644,'My Transfer'),(1237,'2012-09-06',2,234,'My Transfer'),(1238,'1994-01-26',3,367,'My Transfer'),(1239,'2011-06-19',4,274,'My Transfer'),(1240,'2013-09-02',5,188,'My Transfer'),(1241,'2017-01-01',6,520,'My Transfer'),(1242,'2011-12-03',7,511,'My Transfer'),(1243,'1996-12-16',8,230,'My Transfer'),(1244,'2012-10-12',9,721,'My Transfer'),(1245,'2015-07-07',10,4,'My Transfer'),(1246,'1995-07-22',11,742,'My Transfer'),(1247,'2014-01-25',12,56,'My Transfer'),(1248,'2004-03-04',13,373,'My Transfer'),(1249,'1997-06-27',14,299,'My Transfer'),(1250,'2010-06-11',15,62,'My Transfer'),(1251,'1995-06-22',16,692,'My Transfer'),(1252,'1991-01-11',17,167,'My Transfer'),(1253,'2017-08-25',18,162,'My Transfer'),(1254,'1996-10-17',19,589,'My Transfer'),(1255,'2013-06-03',20,225,'My Transfer'),(1256,'2014-03-16',21,885,'My Transfer'),(1257,'2003-03-28',22,412,'My Transfer'),(1258,'2000-12-07',23,727,'My Transfer'),(1259,'2006-10-04',24,195,'My Transfer'),(1260,'1999-10-05',25,68,'My Transfer'),(1261,'2016-07-27',26,71,'My Transfer'),(1262,'1997-11-24',27,208,'My Transfer'),(1263,'2004-08-25',28,897,'My Transfer'),(1264,'2002-10-12',29,762,'My Transfer'),(1265,'1990-09-05',30,71,'My Transfer'),(1266,'2003-09-07',31,84,'My Transfer'),(1267,'2008-05-26',32,40,'My Transfer'),(1268,'2001-07-27',33,98,'My Transfer'),(1269,'2013-10-15',34,811,'My Transfer'),(1270,'2009-09-04',35,366,'My Transfer'),(1271,'2004-03-02',36,390,'My Transfer'),(1272,'2010-11-02',37,176,'My Transfer'),(1273,'2009-08-30',38,813,'My Transfer'),(1274,'2000-05-22',39,465,'My Transfer'),(1275,'1998-02-10',40,63,'My Transfer'),(1276,'2018-04-18',41,69,'My Transfer'),(1277,'1999-07-19',42,52,'My Transfer'),(1278,'2017-06-10',43,54,'My Transfer'),(1279,'1991-05-09',44,27,'My Transfer'),(1280,'2014-10-22',45,180,'My Transfer'),(1281,'2002-05-27',46,373,'My Transfer'),(1282,'1991-11-18',47,253,'My Transfer'),(1283,'1993-02-14',48,148,'My Transfer'),(1284,'1991-10-07',49,544,'My Transfer'),(1285,'2014-08-01',50,143,'My Transfer'),(1286,'1997-12-31',51,47,'My Transfer'),(1287,'1994-12-24',52,116,'My Transfer'),(1288,'1997-04-03',53,149,'My Transfer'),(1289,'2016-09-12',54,877,'My Transfer'),(1290,'2010-01-25',55,234,'My Transfer'),(1291,'2019-05-02',56,43,'My Transfer'),(1292,'2000-10-06',57,403,'My Transfer'),(1293,'1994-01-26',58,893,'My Transfer'),(1294,'2012-02-16',59,464,'My Transfer'),(1295,'2008-10-05',60,289,'My Transfer'),(1296,'2010-04-28',61,714,'My Transfer'),(1297,'2015-04-20',62,747,'My Transfer'),(1298,'2004-09-18',63,252,'My Transfer'),(1299,'2004-03-25',64,428,'My Transfer'),(1300,'1996-04-11',65,628,'My Transfer'),(1301,'2009-10-12',66,81,'My Transfer'),(1302,'2010-09-12',67,507,'My Transfer'),(1303,'2000-02-24',68,508,'My Transfer'),(1304,'2015-02-20',69,425,'My Transfer'),(1305,'2006-07-31',70,183,'My Transfer'),(1306,'2014-12-24',71,323,'My Transfer'),(1307,'2007-01-31',72,287,'My Transfer'),(1308,'2001-05-29',73,410,'My Transfer'),(1309,'1998-03-06',74,646,'My Transfer'),(1310,'1994-03-04',75,722,'My Transfer'),(1311,'2012-11-21',76,160,'My Transfer'),(1312,'2010-09-04',77,700,'My Transfer'),(1313,'1994-08-21',78,845,'My Transfer'),(1314,'2019-04-28',79,804,'My Transfer'),(1315,'1992-09-04',80,295,'My Transfer'),(1316,'2013-05-07',81,685,'My Transfer'),(1317,'1997-02-11',82,318,'My Transfer'),(1318,'1997-12-21',83,226,'My Transfer'),(1319,'2010-03-10',84,110,'My Transfer'),(1320,'2009-05-23',85,540,'My Transfer'),(1321,'2007-03-21',86,366,'My Transfer'),(1322,'2009-03-30',87,23,'My Transfer'),(1323,'2018-10-12',88,523,'My Transfer'),(1324,'1996-08-15',89,761,'My Transfer'),(1325,'1993-11-05',90,8,'My Transfer'),(1326,'2016-06-01',91,483,'My Transfer'),(1327,'2016-01-29',92,173,'My Transfer'),(1328,'1996-09-20',93,534,'My Transfer'),(1329,'2015-09-25',94,565,'My Transfer'),(1330,'1996-09-05',95,622,'My Transfer'),(1331,'1998-06-20',96,814,'My Transfer'),(1332,'2003-01-18',97,894,'My Transfer'),(1333,'2000-06-24',98,852,'My Transfer'),(1334,'2015-05-07',99,423,'My Transfer'),(1335,'2006-01-29',100,30,'My Transfer'),(1336,'2018-12-17',101,757,'My Transfer'),(1337,'1990-10-08',102,729,'My Transfer'),(1338,'2003-08-04',103,64,'My Transfer'),(1339,'2012-11-13',104,690,'My Transfer'),(1340,'2009-08-09',105,518,'My Transfer'),(1341,'2016-10-02',106,598,'My Transfer'),(1342,'2010-08-03',107,337,'My Transfer'),(1343,'1999-05-31',108,103,'My Transfer'),(1344,'2009-08-07',109,857,'My Transfer'),(1345,'2012-09-19',110,694,'My Transfer'),(1346,'1999-07-15',111,404,'My Transfer'),(1347,'2019-03-30',112,385,'My Transfer'),(1348,'2006-07-18',113,41,'My Transfer'),(1349,'1999-04-17',114,167,'My Transfer'),(1350,'2016-02-06',115,701,'My Transfer'),(1351,'1999-07-08',116,53,'My Transfer'),(1352,'1995-08-02',117,878,'My Transfer'),(1353,'2003-05-13',118,860,'My Transfer'),(1354,'2001-06-20',119,631,'My Transfer'),(1355,'2005-03-30',120,325,'My Transfer'),(1356,'2002-03-08',121,860,'My Transfer'),(1357,'1994-03-09',122,16,'My Transfer'),(1358,'2004-06-24',123,300,'My Transfer'),(1359,'2009-04-20',124,872,'My Transfer'),(1360,'2007-06-02',125,754,'My Transfer'),(1361,'2006-11-25',126,880,'My Transfer'),(1362,'2015-05-21',127,826,'My Transfer'),(1363,'1991-06-14',128,195,'My Transfer'),(1364,'2009-12-30',129,264,'My Transfer'),(1365,'1994-11-25',130,325,'My Transfer'),(1366,'2000-01-15',131,60,'My Transfer'),(1367,'1993-10-10',132,592,'My Transfer'),(1368,'2018-05-27',133,194,'My Transfer'),(1369,'1998-12-22',134,840,'My Transfer'),(1370,'2019-01-08',135,799,'My Transfer'),(1371,'2014-06-15',136,755,'My Transfer'),(1372,'2000-08-12',137,611,'My Transfer'),(1373,'1998-07-19',138,332,'My Transfer'),(1374,'2010-04-25',139,305,'My Transfer'),(1375,'2001-05-30',140,813,'My Transfer'),(1376,'2004-11-10',141,20,'My Transfer'),(1377,'2016-09-13',142,813,'My Transfer'),(1378,'2011-07-30',143,389,'My Transfer'),(1379,'2019-08-11',144,108,'My Transfer'),(1380,'2019-11-05',145,224,'My Transfer'),(1381,'2018-04-20',146,524,'My Transfer'),(1382,'1991-07-29',147,113,'My Transfer'),(1383,'2000-08-23',148,134,'My Transfer'),(1384,'2015-12-27',149,837,'My Transfer'),(1385,'1994-10-21',150,351,'My Transfer'),(1386,'2013-06-06',151,749,'My Transfer'),(1387,'1991-07-12',152,632,'My Transfer'),(1388,'2018-09-20',153,219,'My Transfer'),(1389,'1997-12-19',154,759,'My Transfer'),(1390,'1990-11-17',155,414,'My Transfer'),(1391,'2019-05-06',156,249,'My Transfer'),(1392,'1998-10-21',157,549,'My Transfer'),(1393,'1995-06-12',158,545,'My Transfer'),(1394,'1996-08-24',159,756,'My Transfer'),(1395,'1995-05-21',160,718,'My Transfer'),(1396,'2003-03-02',161,562,'My Transfer'),(1397,'2003-11-07',162,251,'My Transfer'),(1398,'2012-09-20',163,169,'My Transfer'),(1399,'2008-02-13',164,317,'My Transfer'),(1400,'2004-09-20',165,557,'My Transfer'),(1401,'1991-01-03',166,770,'My Transfer'),(1402,'2005-09-17',167,898,'My Transfer'),(1403,'1990-05-14',168,582,'My Transfer'),(1404,'2004-03-05',169,244,'My Transfer'),(1405,'1992-06-04',170,166,'My Transfer'),(1406,'2008-10-29',171,326,'My Transfer'),(1407,'2000-03-31',172,442,'My Transfer'),(1408,'1996-03-02',173,82,'My Transfer'),(1409,'1992-10-19',174,407,'My Transfer'),(1410,'2012-08-04',175,248,'My Transfer'),(1411,'2006-11-06',176,344,'My Transfer'),(1412,'2009-04-18',177,479,'My Transfer'),(1413,'1995-10-17',178,804,'My Transfer'),(1414,'2005-11-24',179,825,'My Transfer'),(1415,'2004-02-27',180,205,'My Transfer'),(1416,'2015-04-16',181,613,'My Transfer'),(1417,'2001-02-28',182,778,'My Transfer'),(1418,'1991-06-01',183,214,'My Transfer'),(1419,'1991-06-17',184,296,'My Transfer'),(1420,'2003-09-25',185,202,'My Transfer'),(1421,'2008-05-01',186,864,'My Transfer'),(1422,'2001-12-27',187,419,'My Transfer'),(1423,'2005-06-19',188,48,'My Transfer'),(1424,'2008-06-22',189,380,'My Transfer'),(1425,'2012-10-27',190,74,'My Transfer'),(1426,'2012-11-29',191,233,'My Transfer'),(1427,'2017-01-28',192,890,'My Transfer'),(1428,'2005-12-22',193,301,'My Transfer'),(1429,'2009-12-21',194,217,'My Transfer'),(1430,'1992-07-21',195,319,'My Transfer'),(1431,'2011-06-07',196,894,'My Transfer'),(1432,'1993-06-03',197,387,'My Transfer'),(1433,'1997-08-20',198,337,'My Transfer'),(1434,'2015-08-27',199,445,'My Transfer'),(1435,'1996-04-02',200,229,'My Transfer'),(1436,'2020-05-04',201,12,'My Transfer'),(1437,'1996-10-11',202,632,'My Transfer'),(1438,'2012-11-26',203,280,'My Transfer'),(1439,'2017-12-07',204,345,'My Transfer'),(1440,'1998-01-16',205,561,'My Transfer'),(1441,'2005-04-12',206,825,'My Transfer'),(1442,'2002-11-23',207,563,'My Transfer'),(1443,'2001-08-27',208,538,'My Transfer'),(1444,'2017-03-14',209,574,'My Transfer'),(1445,'2017-07-20',210,42,'My Transfer'),(1446,'2000-11-30',211,296,'My Transfer'),(1447,'1997-06-12',212,216,'My Transfer'),(1448,'1991-01-31',213,804,'My Transfer'),(1449,'1997-10-21',214,892,'My Transfer'),(1450,'2005-11-30',215,528,'My Transfer'),(1451,'2015-10-27',216,247,'My Transfer'),(1452,'1998-11-05',217,899,'My Transfer'),(1453,'2011-11-21',218,425,'My Transfer'),(1454,'2014-04-06',219,565,'My Transfer'),(1455,'2014-01-01',220,770,'My Transfer'),(1456,'2001-09-25',221,355,'My Transfer'),(1457,'2005-04-30',222,641,'My Transfer'),(1458,'2005-05-29',223,713,'My Transfer'),(1459,'2018-01-31',224,716,'My Transfer'),(1460,'2005-09-18',225,835,'My Transfer'),(1461,'2005-07-14',226,148,'My Transfer'),(1462,'2018-09-30',227,735,'My Transfer'),(1463,'2006-06-13',228,478,'My Transfer'),(1464,'2000-08-19',229,790,'My Transfer'),(1465,'2004-12-22',230,441,'My Transfer'),(1466,'2010-03-03',231,519,'My Transfer'),(1467,'1998-11-22',232,180,'My Transfer'),(1468,'2015-08-02',233,800,'My Transfer'),(1469,'1991-08-27',234,312,'My Transfer'),(1470,'2007-11-03',235,555,'My Transfer'),(1471,'1993-07-11',236,519,'My Transfer'),(1472,'1995-07-01',237,230,'My Transfer'),(1473,'2014-12-21',238,614,'My Transfer'),(1474,'2017-11-20',239,768,'My Transfer'),(1475,'2011-04-22',240,796,'My Transfer'),(1476,'1996-12-27',241,321,'My Transfer'),(1477,'2008-09-18',242,866,'My Transfer'),(1478,'2016-05-14',243,686,'My Transfer'),(1479,'2016-02-26',244,886,'My Transfer'),(1480,'2019-03-11',245,722,'My Transfer'),(1481,'1999-10-06',246,132,'My Transfer'),(1482,'2012-01-06',247,199,'My Transfer'),(1483,'2015-07-20',248,23,'My Transfer'),(1484,'1994-03-13',249,26,'My Transfer'),(1485,'1999-07-29',250,302,'My Transfer'),(1486,'1990-05-24',251,840,'My Transfer'),(1487,'2013-05-06',252,368,'My Transfer'),(1488,'1996-09-08',253,626,'My Transfer'),(1489,'2002-09-22',254,588,'My Transfer'),(1490,'2005-09-07',255,7,'My Transfer'),(1491,'2002-11-09',256,763,'My Transfer'),(1492,'2008-01-20',257,147,'My Transfer'),(1493,'2007-08-18',258,348,'My Transfer'),(1494,'1994-09-22',259,766,'My Transfer'),(1495,'2016-03-26',260,321,'My Transfer'),(1496,'1996-11-27',261,717,'My Transfer'),(1497,'1996-12-31',262,319,'My Transfer'),(1498,'2000-07-20',263,899,'My Transfer'),(1499,'2018-12-07',264,241,'My Transfer'),(1500,'2016-11-10',265,535,'My Transfer'),(1501,'2008-07-21',266,200,'My Transfer'),(1502,'2012-05-24',267,792,'My Transfer'),(1503,'1998-04-27',268,654,'My Transfer'),(1504,'1997-07-31',269,772,'My Transfer'),(1505,'2006-06-25',270,701,'My Transfer'),(1506,'2007-01-10',271,738,'My Transfer'),(1507,'2016-02-29',272,615,'My Transfer'),(1508,'2007-01-05',273,222,'My Transfer'),(1509,'2008-09-23',274,188,'My Transfer'),(1510,'2013-05-02',275,678,'My Transfer'),(1511,'1992-04-30',276,89,'My Transfer'),(1512,'2015-06-17',277,525,'My Transfer'),(1513,'2002-07-25',278,48,'My Transfer'),(1514,'2008-10-31',279,208,'My Transfer'),(1515,'2013-03-02',280,826,'My Transfer'),(1516,'2011-03-05',281,148,'My Transfer'),(1517,'1995-01-09',282,748,'My Transfer'),(1518,'2013-04-27',283,277,'My Transfer'),(1519,'2007-07-03',284,368,'My Transfer'),(1520,'2016-02-22',285,202,'My Transfer'),(1521,'1993-03-13',286,274,'My Transfer'),(1522,'2003-04-25',287,730,'My Transfer'),(1523,'1993-12-09',288,542,'My Transfer'),(1524,'2008-09-14',289,348,'My Transfer'),(1525,'1990-07-27',290,847,'My Transfer'),(1526,'2002-05-17',291,272,'My Transfer'),(1527,'2011-05-18',292,823,'My Transfer'),(1528,'2019-02-17',293,552,'My Transfer'),(1529,'2005-07-21',294,411,'My Transfer'),(1530,'2015-06-29',295,693,'My Transfer'),(1531,'2010-02-10',296,456,'My Transfer'),(1532,'2002-04-29',297,183,'My Transfer'),(1533,'1996-12-09',298,196,'My Transfer'),(1534,'1990-09-24',299,650,'My Transfer'),(1535,'2006-10-29',300,522,'My Transfer'),(1536,'2008-02-18',301,757,'My Transfer'),(1537,'2002-06-10',302,792,'My Transfer'),(1538,'1991-05-21',303,796,'My Transfer'),(1539,'1993-10-29',304,528,'My Transfer'),(1540,'2020-04-30',305,537,'My Transfer'),(1541,'2002-02-05',306,831,'My Transfer'),(1542,'2006-05-19',307,136,'My Transfer'),(1543,'2001-08-13',308,269,'My Transfer'),(1544,'2017-01-30',309,883,'My Transfer'),(1545,'1990-11-17',310,524,'My Transfer'),(1546,'1995-09-02',311,705,'My Transfer'),(1547,'2000-10-28',312,703,'My Transfer'),(1548,'2011-12-22',313,831,'My Transfer'),(1549,'2000-02-23',314,260,'My Transfer'),(1550,'2006-02-28',315,89,'My Transfer'),(1551,'2006-08-02',316,517,'My Transfer'),(1552,'2016-12-10',317,491,'My Transfer'),(1553,'2016-09-05',318,837,'My Transfer'),(1554,'2001-10-16',319,74,'My Transfer'),(1555,'2014-09-22',320,729,'My Transfer'),(1556,'2002-10-04',321,118,'My Transfer'),(1557,'2006-06-30',322,92,'My Transfer'),(1558,'2001-04-07',323,338,'My Transfer'),(1559,'1995-04-28',324,511,'My Transfer'),(1560,'2018-11-26',325,542,'My Transfer'),(1561,'2017-05-01',326,66,'My Transfer'),(1562,'2015-10-26',327,96,'My Transfer'),(1563,'2017-01-10',328,451,'My Transfer'),(1564,'2010-06-05',329,54,'My Transfer'),(1565,'1999-06-07',330,313,'My Transfer'),(1566,'2012-10-11',331,810,'My Transfer'),(1567,'2006-07-27',332,587,'My Transfer'),(1568,'2004-01-15',333,648,'My Transfer'),(1569,'1994-12-14',334,506,'My Transfer'),(1570,'2017-11-28',335,156,'My Transfer'),(1571,'2011-01-13',336,382,'My Transfer'),(1572,'2013-02-05',337,575,'My Transfer'),(1573,'1997-07-30',338,868,'My Transfer'),(1574,'1992-05-28',339,480,'My Transfer'),(1575,'2005-12-31',340,786,'My Transfer'),(1576,'2019-09-12',341,154,'My Transfer'),(1577,'2014-11-16',342,750,'My Transfer'),(1578,'1995-12-01',343,624,'My Transfer'),(1579,'1996-06-10',344,753,'My Transfer'),(1580,'1997-05-25',345,18,'My Transfer'),(1581,'2008-06-06',346,55,'My Transfer'),(1582,'2001-10-02',347,728,'My Transfer'),(1583,'2004-11-07',348,852,'My Transfer'),(1584,'2007-07-09',349,64,'My Transfer'),(1585,'1994-09-01',350,489,'My Transfer'),(1586,'1991-08-15',351,513,'My Transfer'),(1587,'2019-06-17',352,192,'My Transfer'),(1588,'2001-07-13',353,855,'My Transfer'),(1589,'2012-05-06',354,150,'My Transfer'),(1590,'2017-04-07',355,616,'My Transfer'),(1591,'2006-11-14',356,640,'My Transfer'),(1592,'2019-08-19',357,338,'My Transfer'),(1593,'2008-11-06',358,858,'My Transfer'),(1594,'1997-06-17',359,567,'My Transfer'),(1595,'2009-03-09',360,804,'My Transfer'),(1596,'2015-08-02',361,847,'My Transfer'),(1597,'2003-04-03',362,322,'My Transfer'),(1598,'2000-07-02',363,592,'My Transfer'),(1599,'1994-12-06',364,136,'My Transfer'),(1600,'2011-05-17',365,825,'My Transfer'),(1601,'2005-01-16',366,728,'My Transfer'),(1602,'2000-10-04',367,77,'My Transfer'),(1603,'1991-10-29',368,536,'My Transfer'),(1604,'2000-03-30',369,19,'My Transfer'),(1605,'1994-06-13',370,294,'My Transfer'),(1606,'2007-07-05',371,784,'My Transfer'),(1607,'1995-08-09',372,374,'My Transfer'),(1608,'2002-09-09',373,802,'My Transfer'),(1609,'2003-02-07',374,399,'My Transfer'),(1610,'1998-02-22',375,226,'My Transfer'),(1611,'2017-01-09',376,754,'My Transfer'),(1612,'1991-09-09',377,126,'My Transfer'),(1613,'1995-09-10',378,672,'My Transfer'),(1614,'1998-02-10',379,66,'My Transfer'),(1615,'1996-05-18',380,401,'My Transfer'),(1616,'1992-04-12',381,450,'My Transfer'),(1617,'2019-04-11',382,34,'My Transfer'),(1618,'1991-03-02',383,17,'My Transfer'),(1619,'2011-07-13',384,460,'My Transfer'),(1620,'1996-09-18',385,461,'My Transfer'),(1621,'2005-07-17',386,445,'My Transfer'),(1622,'2007-05-20',387,488,'My Transfer'),(1623,'2009-09-26',388,123,'My Transfer'),(1624,'2010-01-30',389,574,'My Transfer'),(1625,'2019-01-21',390,238,'My Transfer'),(1626,'2011-08-12',391,737,'My Transfer'),(1627,'1993-08-14',392,135,'My Transfer'),(1628,'1992-02-05',393,409,'My Transfer'),(1629,'2010-01-09',394,512,'My Transfer'),(1630,'1993-09-14',395,297,'My Transfer'),(1631,'2013-08-25',396,141,'My Transfer'),(1632,'2008-05-19',397,742,'My Transfer'),(1633,'1999-01-12',398,688,'My Transfer'),(1634,'1991-10-14',399,57,'My Transfer'),(1635,'2005-03-13',400,587,'My Transfer'),(1636,'2018-06-07',401,467,'My Transfer'),(1637,'2016-07-15',402,721,'My Transfer'),(1638,'2010-08-26',403,409,'My Transfer'),(1639,'2017-07-14',404,736,'My Transfer'),(1640,'1992-03-07',405,728,'My Transfer'),(1641,'2004-06-26',406,143,'My Transfer'),(1642,'1995-01-31',407,269,'My Transfer'),(1643,'1999-04-21',408,426,'My Transfer'),(1644,'2004-10-29',409,879,'My Transfer'),(1645,'2008-09-08',410,599,'My Transfer'),(1646,'2002-02-04',411,806,'My Transfer'),(1647,'1998-04-06',412,599,'My Transfer'),(1648,'2013-11-12',413,450,'My Transfer'),(1649,'2017-06-02',414,503,'My Transfer'),(1650,'2004-09-11',415,509,'My Transfer'),(1651,'2018-08-26',416,511,'My Transfer'),(1652,'1992-04-14',417,846,'My Transfer'),(1653,'2016-08-05',418,707,'My Transfer'),(1654,'2003-03-21',419,457,'My Transfer'),(1655,'2000-06-17',420,583,'My Transfer'),(1656,'1996-01-23',421,157,'My Transfer'),(1657,'2018-09-02',422,707,'My Transfer'),(1658,'2011-09-08',423,636,'My Transfer'),(1659,'2014-07-16',424,530,'My Transfer'),(1660,'2015-09-14',425,622,'My Transfer'),(1661,'1992-08-13',426,880,'My Transfer'),(1662,'2001-09-09',427,185,'My Transfer'),(1663,'2010-03-01',428,39,'My Transfer'),(1664,'2016-09-02',429,107,'My Transfer'),(1665,'1993-02-25',430,665,'My Transfer'),(1666,'2006-10-24',431,538,'My Transfer'),(1667,'2018-03-18',432,117,'My Transfer'),(1668,'1996-02-08',433,900,'My Transfer'),(1669,'2003-03-14',434,799,'My Transfer'),(1670,'2015-10-24',435,52,'My Transfer'),(1671,'2001-06-12',436,460,'My Transfer'),(1672,'2011-01-21',437,130,'My Transfer'),(1673,'2016-04-05',438,585,'My Transfer'),(1674,'1999-12-26',439,495,'My Transfer'),(1675,'1998-11-29',440,3,'My Transfer'),(1676,'2002-04-17',441,449,'My Transfer'),(1677,'2020-04-26',442,519,'My Transfer'),(1678,'2020-05-17',443,112,'My Transfer'),(1679,'1991-01-03',444,839,'My Transfer'),(1680,'1992-02-17',445,577,'My Transfer'),(1681,'1994-09-11',446,131,'My Transfer'),(1682,'2018-01-15',447,337,'My Transfer'),(1683,'2015-05-18',448,776,'My Transfer'),(1684,'2013-10-28',449,364,'My Transfer'),(1685,'2018-11-30',450,565,'My Transfer'),(1686,'1990-11-15',451,157,'My Transfer'),(1687,'2003-05-17',452,830,'My Transfer'),(1688,'1999-05-20',453,97,'My Transfer'),(1689,'1997-11-02',454,312,'My Transfer'),(1690,'2008-12-30',455,752,'My Transfer'),(1691,'2009-12-27',456,579,'My Transfer'),(1692,'2011-04-05',457,122,'My Transfer'),(1693,'2010-02-12',458,546,'My Transfer'),(1694,'2013-01-24',459,567,'My Transfer'),(1695,'2007-08-12',460,145,'My Transfer'),(1696,'2019-04-04',461,281,'My Transfer'),(1697,'2015-02-11',462,418,'My Transfer'),(1698,'2010-01-07',463,445,'My Transfer'),(1699,'2018-01-04',464,570,'My Transfer'),(1700,'1992-06-08',465,581,'My Transfer'),(1701,'2008-12-25',466,860,'My Transfer'),(1702,'1990-09-22',467,324,'My Transfer'),(1703,'2014-04-10',468,854,'My Transfer'),(1704,'2006-05-25',469,487,'My Transfer'),(1705,'2000-02-13',470,524,'My Transfer'),(1706,'2010-04-26',471,155,'My Transfer'),(1707,'2005-08-14',472,149,'My Transfer'),(1708,'2002-11-18',473,440,'My Transfer'),(1709,'2003-03-13',474,596,'My Transfer'),(1710,'1997-09-17',475,171,'My Transfer'),(1711,'2017-01-07',476,542,'My Transfer'),(1712,'1992-04-11',477,525,'My Transfer'),(1713,'2015-10-11',478,539,'My Transfer'),(1714,'2001-10-23',479,469,'My Transfer'),(1715,'2003-09-19',480,188,'My Transfer'),(1716,'2004-11-29',481,862,'My Transfer'),(1717,'1996-09-12',482,247,'My Transfer'),(1718,'2009-03-17',483,200,'My Transfer'),(1719,'2012-11-15',484,563,'My Transfer'),(1720,'2004-02-22',485,348,'My Transfer'),(1721,'2001-02-11',486,472,'My Transfer'),(1722,'1995-01-10',487,407,'My Transfer'),(1723,'2007-04-05',488,346,'My Transfer'),(1724,'2019-12-10',489,729,'My Transfer'),(1725,'1999-01-16',490,87,'My Transfer'),(1726,'2013-01-26',491,324,'My Transfer'),(1727,'2011-05-11',492,687,'My Transfer'),(1728,'2006-07-29',493,511,'My Transfer'),(1729,'2012-12-13',494,538,'My Transfer'),(1730,'1996-03-09',495,349,'My Transfer'),(1731,'1990-10-19',496,154,'My Transfer'),(1732,'1992-02-02',497,368,'My Transfer'),(1733,'2019-04-27',498,586,'My Transfer'),(1734,'2004-01-27',499,551,'My Transfer'),(1735,'2010-07-01',500,317,'My Transfer'),(1736,'1995-04-12',501,173,'My Transfer'),(1737,'1996-03-24',502,836,'My Transfer'),(1738,'2009-01-31',503,547,'My Transfer'),(1739,'2006-12-25',504,279,'My Transfer'),(1740,'2003-04-23',505,283,'My Transfer'),(1741,'2010-09-20',506,667,'My Transfer'),(1742,'2003-09-05',507,71,'My Transfer'),(1743,'2015-08-04',508,555,'My Transfer'),(1744,'2018-09-01',509,456,'My Transfer'),(1745,'2011-08-17',510,559,'My Transfer'),(1746,'2012-06-24',511,124,'My Transfer'),(1747,'2010-12-04',512,632,'My Transfer'),(1748,'2002-01-30',513,573,'My Transfer'),(1749,'2020-05-24',514,616,'My Transfer'),(1750,'2014-09-17',515,635,'My Transfer'),(1751,'2003-06-11',516,703,'My Transfer'),(1752,'2000-11-06',517,484,'My Transfer'),(1753,'2019-05-21',518,524,'My Transfer'),(1754,'1991-09-07',519,865,'My Transfer'),(1755,'1994-07-28',520,265,'My Transfer'),(1756,'1992-02-08',521,616,'My Transfer'),(1757,'1993-09-19',522,507,'My Transfer'),(1758,'2008-06-02',523,157,'My Transfer'),(1759,'2013-05-09',524,158,'My Transfer'),(1760,'1999-12-08',525,681,'My Transfer'),(1761,'2012-05-08',526,430,'My Transfer'),(1762,'2020-04-12',527,451,'My Transfer'),(1763,'1998-09-07',528,659,'My Transfer'),(1764,'2008-08-19',529,663,'My Transfer'),(1765,'2014-08-24',530,509,'My Transfer'),(1766,'2018-10-27',531,501,'My Transfer'),(1767,'2011-08-01',532,627,'My Transfer'),(1768,'2007-04-10',533,188,'My Transfer'),(1769,'2003-11-09',534,486,'My Transfer'),(1770,'2003-10-18',535,583,'My Transfer'),(1771,'1999-05-03',536,723,'My Transfer'),(1772,'2000-09-18',537,863,'My Transfer'),(1773,'1994-08-23',538,672,'My Transfer'),(1774,'2005-04-11',539,517,'My Transfer'),(1775,'1996-09-04',540,267,'My Transfer'),(1776,'1996-10-31',541,720,'My Transfer'),(1777,'2015-11-15',542,171,'My Transfer'),(1778,'1999-10-30',543,714,'My Transfer'),(1779,'2004-06-23',544,844,'My Transfer'),(1780,'2016-02-28',545,710,'My Transfer'),(1781,'1998-05-17',546,725,'My Transfer'),(1782,'1994-10-24',547,537,'My Transfer'),(1783,'2007-06-13',548,339,'My Transfer'),(1784,'2007-12-30',549,595,'My Transfer'),(1785,'2009-10-01',550,598,'My Transfer'),(1786,'2018-10-03',551,563,'My Transfer'),(1787,'2011-02-09',552,256,'My Transfer'),(1788,'2009-04-22',553,293,'My Transfer'),(1789,'1992-10-09',554,623,'My Transfer'),(1790,'1999-06-12',555,655,'My Transfer'),(1791,'2004-01-25',556,208,'My Transfer'),(1792,'1992-02-21',557,691,'My Transfer'),(1793,'2010-06-12',558,116,'My Transfer'),(1794,'1993-07-31',559,594,'My Transfer'),(1795,'1993-01-05',560,113,'My Transfer'),(1796,'2014-10-28',561,479,'My Transfer'),(1797,'2011-12-31',562,127,'My Transfer'),(1798,'1994-03-31',563,538,'My Transfer'),(1799,'1991-10-12',564,855,'My Transfer'),(1800,'2004-05-11',565,216,'My Transfer'),(1801,'2020-02-09',566,867,'My Transfer'),(1802,'2012-09-18',567,686,'My Transfer'),(1803,'2006-04-13',568,601,'My Transfer'),(1804,'1992-08-02',569,270,'My Transfer'),(1805,'1991-07-30',570,407,'My Transfer'),(1806,'2008-07-06',571,657,'My Transfer'),(1807,'2011-05-28',572,365,'My Transfer'),(1808,'2003-12-28',573,894,'My Transfer'),(1809,'2017-03-08',574,170,'My Transfer'),(1810,'2013-06-09',575,122,'My Transfer'),(1811,'1995-04-10',576,413,'My Transfer'),(1812,'2011-06-18',577,609,'My Transfer'),(1813,'2008-05-10',578,103,'My Transfer'),(1814,'1998-05-16',579,527,'My Transfer'),(1815,'2019-10-06',580,211,'My Transfer'),(1816,'2010-10-17',581,610,'My Transfer'),(1817,'2013-05-07',582,212,'My Transfer'),(1818,'2008-08-18',583,462,'My Transfer'),(1819,'2003-08-20',584,868,'My Transfer'),(1820,'2001-11-12',585,724,'My Transfer'),(1821,'2013-11-21',586,78,'My Transfer'),(1822,'2020-01-09',587,591,'My Transfer'),(1823,'1991-11-29',588,851,'My Transfer'),(1824,'2016-02-01',589,64,'My Transfer'),(1825,'1997-08-08',590,465,'My Transfer'),(1826,'1999-05-15',591,499,'My Transfer'),(1827,'1996-08-17',592,55,'My Transfer'),(1828,'2000-11-14',593,335,'My Transfer'),(1829,'1993-08-05',594,750,'My Transfer'),(1830,'1995-06-29',595,197,'My Transfer'),(1831,'2012-05-17',596,509,'My Transfer'),(1832,'2019-03-12',597,318,'My Transfer'),(1833,'1995-10-31',598,456,'My Transfer'),(1834,'1998-06-16',599,604,'My Transfer'),(1835,'2014-05-14',600,435,'My Transfer'),(1836,'2014-04-17',601,574,'My Transfer'),(1837,'2015-10-30',602,398,'My Transfer'),(1838,'1996-08-23',603,544,'My Transfer'),(1839,'2009-08-18',604,397,'My Transfer'),(1840,'1995-01-23',605,850,'My Transfer'),(1841,'1999-11-25',606,261,'My Transfer'),(1842,'1995-02-03',607,700,'My Transfer'),(1843,'1997-10-10',608,425,'My Transfer'),(1844,'2012-12-30',609,279,'My Transfer'),(1845,'2003-12-06',610,360,'My Transfer'),(1846,'1993-01-10',611,105,'My Transfer'),(1847,'2000-04-04',612,108,'My Transfer'),(1848,'1997-10-13',613,744,'My Transfer'),(1849,'2009-08-08',614,699,'My Transfer'),(1850,'1999-08-19',615,633,'My Transfer'),(1851,'1991-10-24',616,149,'My Transfer'),(1852,'2016-01-28',617,761,'My Transfer'),(1853,'2005-06-19',618,779,'My Transfer'),(1854,'2004-04-22',619,844,'My Transfer'),(1855,'2000-02-08',620,396,'My Transfer'),(1856,'2010-02-09',621,466,'My Transfer'),(1857,'2016-11-12',622,46,'My Transfer'),(1858,'2013-10-09',623,231,'My Transfer'),(1859,'1992-06-26',624,432,'My Transfer'),(1860,'2010-02-05',625,876,'My Transfer'),(1861,'1993-08-07',626,470,'My Transfer'),(1862,'2009-06-24',627,587,'My Transfer'),(1863,'2002-02-05',628,195,'My Transfer'),(1864,'1999-09-18',629,131,'My Transfer'),(1865,'2009-11-20',630,502,'My Transfer'),(1866,'2019-11-09',631,154,'My Transfer'),(1867,'2006-08-24',632,473,'My Transfer'),(1868,'2003-06-28',633,427,'My Transfer'),(1869,'2020-01-14',634,301,'My Transfer'),(1870,'1996-06-14',635,220,'My Transfer'),(1871,'2006-03-17',636,172,'My Transfer'),(1872,'2018-02-12',637,245,'My Transfer'),(1873,'1992-03-02',638,74,'My Transfer'),(1874,'2000-04-19',639,391,'My Transfer'),(1875,'1997-09-15',640,722,'My Transfer'),(1876,'2010-05-23',641,484,'My Transfer'),(1877,'2010-06-14',642,718,'My Transfer'),(1878,'2001-01-31',643,621,'My Transfer'),(1879,'2004-04-20',644,103,'My Transfer'),(1880,'2004-12-25',645,370,'My Transfer'),(1881,'2018-12-17',646,652,'My Transfer'),(1882,'2005-07-27',647,656,'My Transfer'),(1883,'2000-02-15',648,639,'My Transfer'),(1884,'2007-01-17',649,210,'My Transfer'),(1885,'2006-10-05',650,465,'My Transfer'),(1886,'1992-04-10',651,445,'My Transfer'),(1887,'2010-10-25',652,108,'My Transfer'),(1888,'1991-12-31',653,371,'My Transfer'),(1889,'2020-02-14',654,309,'My Transfer'),(1890,'1995-07-25',655,876,'My Transfer'),(1891,'2000-07-05',656,127,'My Transfer'),(1892,'2001-06-17',657,815,'My Transfer'),(1893,'2011-08-29',658,157,'My Transfer'),(1894,'2009-04-19',659,718,'My Transfer'),(1895,'1996-10-08',660,711,'My Transfer'),(1896,'1992-08-01',661,113,'My Transfer'),(1897,'1999-03-05',662,137,'My Transfer'),(1898,'1999-11-29',663,188,'My Transfer'),(1899,'2003-10-08',664,151,'My Transfer'),(1900,'2003-04-26',665,485,'My Transfer'),(1901,'2013-11-23',666,231,'My Transfer'),(1902,'2001-06-12',667,821,'My Transfer'),(1903,'2013-10-30',668,484,'My Transfer'),(1904,'2015-09-14',669,33,'My Transfer'),(1905,'2001-02-27',670,404,'My Transfer'),(1906,'2005-10-11',671,282,'My Transfer'),(1907,'2017-08-03',672,89,'My Transfer'),(1908,'2019-11-25',673,354,'My Transfer'),(1909,'1997-03-13',674,75,'My Transfer'),(1910,'2002-01-13',675,359,'My Transfer'),(1911,'2019-08-16',676,197,'My Transfer'),(1912,'2016-12-27',677,718,'My Transfer'),(1913,'2002-05-04',678,600,'My Transfer'),(1914,'2013-04-20',679,255,'My Transfer'),(1915,'1997-04-20',680,389,'My Transfer'),(1916,'2000-07-05',681,417,'My Transfer'),(1917,'2014-05-29',682,890,'My Transfer'),(1918,'2011-07-14',683,45,'My Transfer'),(1919,'2007-03-12',684,93,'My Transfer'),(1920,'1999-08-14',685,732,'My Transfer'),(1921,'2002-10-19',686,188,'My Transfer'),(1922,'2013-08-06',687,62,'My Transfer'),(1923,'2011-05-23',688,408,'My Transfer'),(1924,'1990-08-13',689,505,'My Transfer'),(1925,'1994-03-31',690,677,'My Transfer'),(1926,'1995-12-28',691,353,'My Transfer'),(1927,'1994-12-31',692,560,'My Transfer'),(1928,'2002-11-21',693,296,'My Transfer'),(1929,'2008-03-09',694,709,'My Transfer'),(1930,'2013-03-14',695,190,'My Transfer'),(1931,'1992-02-12',696,470,'My Transfer'),(1932,'2011-09-19',697,63,'My Transfer'),(1933,'2009-09-20',698,514,'My Transfer'),(1934,'1992-12-14',699,514,'My Transfer'),(1935,'2013-07-20',700,455,'My Transfer'),(1936,'1995-02-07',701,616,'My Transfer'),(1937,'2016-01-11',702,183,'My Transfer'),(1938,'1995-06-13',703,675,'My Transfer'),(1939,'2009-02-20',704,270,'My Transfer'),(1940,'2003-05-25',705,613,'My Transfer'),(1941,'1997-12-23',706,178,'My Transfer'),(1942,'1993-02-27',707,654,'My Transfer'),(1943,'1991-05-25',708,204,'My Transfer'),(1944,'1996-01-17',709,594,'My Transfer'),(1945,'2009-01-12',710,703,'My Transfer'),(1946,'2017-12-11',711,150,'My Transfer'),(1947,'1993-11-22',712,403,'My Transfer'),(1948,'1991-01-27',713,583,'My Transfer'),(1949,'2007-01-09',714,44,'My Transfer'),(1950,'1996-10-01',715,214,'My Transfer'),(1951,'1992-10-21',716,807,'My Transfer'),(1952,'2008-12-10',717,84,'My Transfer'),(1953,'1995-07-30',718,833,'My Transfer'),(1954,'2020-05-18',719,291,'My Transfer'),(1955,'2018-04-04',720,501,'My Transfer'),(1956,'2017-11-08',721,329,'My Transfer'),(1957,'2004-03-13',722,341,'My Transfer'),(1958,'2017-10-03',723,385,'My Transfer'),(1959,'2002-01-30',724,891,'My Transfer'),(1960,'2011-11-26',725,173,'My Transfer'),(1961,'1994-05-09',726,448,'My Transfer'),(1962,'2008-08-22',727,588,'My Transfer'),(1963,'2010-01-30',728,304,'My Transfer'),(1964,'2019-01-01',729,306,'My Transfer'),(1965,'2005-08-21',730,760,'My Transfer'),(1966,'1998-11-06',731,551,'My Transfer'),(1967,'1993-01-07',732,505,'My Transfer'),(1968,'1995-04-22',733,199,'My Transfer'),(1969,'2018-06-03',734,866,'My Transfer'),(1970,'1993-10-11',735,86,'My Transfer'),(1971,'1994-02-09',736,300,'My Transfer'),(1972,'2005-09-04',737,738,'My Transfer'),(1973,'1998-05-09',738,40,'My Transfer'),(1974,'1997-06-11',739,532,'My Transfer'),(1975,'2005-06-08',740,750,'My Transfer'),(1976,'2009-01-10',741,431,'My Transfer'),(1977,'2000-11-11',742,477,'My Transfer'),(1978,'2005-05-14',743,441,'My Transfer'),(1979,'1996-10-05',744,607,'My Transfer'),(1980,'1998-08-12',745,599,'My Transfer'),(1981,'2007-06-24',746,783,'My Transfer'),(1982,'2017-10-25',747,860,'My Transfer'),(1983,'2018-08-10',748,287,'My Transfer'),(1984,'2010-03-12',749,678,'My Transfer'),(1985,'2003-05-06',750,661,'My Transfer'),(1986,'1994-07-22',751,398,'My Transfer'),(1987,'1995-08-24',752,592,'My Transfer'),(1988,'2003-01-23',753,226,'My Transfer'),(1989,'2006-04-17',754,668,'My Transfer'),(1990,'2015-12-30',755,738,'My Transfer'),(1991,'1991-02-07',756,765,'My Transfer'),(1992,'2002-06-06',757,610,'My Transfer'),(1993,'2002-04-11',758,144,'My Transfer'),(1994,'1991-07-05',759,801,'My Transfer'),(1995,'2000-12-02',760,131,'My Transfer'),(1996,'1992-09-14',761,393,'My Transfer'),(1997,'2006-06-20',762,64,'My Transfer'),(1998,'2009-03-30',763,757,'My Transfer'),(1999,'1992-04-20',764,155,'My Transfer'),(2000,'2001-04-12',765,590,'My Transfer'),(2001,'2000-07-01',766,252,'My Transfer'),(2002,'2016-04-10',767,769,'My Transfer'),(2003,'2001-11-08',768,70,'My Transfer'),(2004,'1998-02-25',769,835,'My Transfer'),(2005,'2011-01-20',770,465,'My Transfer'),(2006,'2018-10-14',771,573,'My Transfer'),(2007,'1997-01-22',772,4,'My Transfer'),(2008,'2000-07-11',773,259,'My Transfer'),(2009,'2015-02-22',774,544,'My Transfer'),(2010,'2002-06-15',775,107,'My Transfer'),(2011,'2001-03-24',776,544,'My Transfer'),(2012,'2011-09-14',777,512,'My Transfer'),(2013,'2002-02-01',778,800,'My Transfer'),(2014,'2003-07-05',779,875,'My Transfer'),(2015,'2006-08-19',780,616,'My Transfer'),(2016,'2001-03-04',781,431,'My Transfer'),(2017,'2011-12-05',782,537,'My Transfer'),(2018,'2000-08-03',783,744,'My Transfer'),(2019,'2006-06-21',784,550,'My Transfer'),(2020,'1999-09-26',785,329,'My Transfer'),(2021,'1991-08-15',786,689,'My Transfer'),(2022,'2010-02-24',787,297,'My Transfer'),(2023,'1992-01-03',788,743,'My Transfer'),(2024,'1991-08-25',789,577,'My Transfer'),(2025,'2014-04-02',790,64,'My Transfer'),(2026,'2002-02-28',791,206,'My Transfer'),(2027,'2004-06-01',792,587,'My Transfer'),(2028,'1990-06-05',793,261,'My Transfer'),(2029,'1991-11-03',794,138,'My Transfer'),(2030,'2020-02-24',795,636,'My Transfer'),(2031,'2006-08-08',796,544,'My Transfer'),(2032,'2016-05-03',797,610,'My Transfer'),(2033,'1990-07-04',798,24,'My Transfer'),(2034,'1997-05-28',799,67,'My Transfer'),(2035,'2014-06-03',800,515,'My Transfer'),(2036,'2001-02-09',801,156,'My Transfer'),(2037,'2008-05-22',802,711,'My Transfer'),(2038,'2004-09-27',803,702,'My Transfer'),(2039,'2009-08-05',804,525,'My Transfer'),(2040,'1995-02-11',805,605,'My Transfer'),(2041,'2003-11-22',806,99,'My Transfer'),(2042,'2014-06-08',807,344,'My Transfer'),(2043,'1990-10-03',808,290,'My Transfer'),(2044,'1998-11-02',809,212,'My Transfer'),(2045,'2017-12-15',810,811,'My Transfer'),(2046,'2014-10-24',811,708,'My Transfer'),(2047,'2002-10-28',812,201,'My Transfer'),(2048,'2018-03-23',813,406,'My Transfer'),(2049,'2002-05-14',814,179,'My Transfer'),(2050,'2015-01-13',815,522,'My Transfer'),(2051,'2015-05-10',816,678,'My Transfer'),(2052,'2004-10-20',817,36,'My Transfer'),(2053,'2019-02-21',818,458,'My Transfer'),(2054,'2019-01-10',819,655,'My Transfer'),(2055,'2007-07-11',820,407,'My Transfer'),(2056,'2011-04-07',821,411,'My Transfer'),(2057,'2019-02-12',822,687,'My Transfer'),(2058,'2011-12-20',823,228,'My Transfer'),(2059,'1994-09-06',824,350,'My Transfer'),(2060,'2009-03-02',825,854,'My Transfer'),(2061,'2012-05-09',826,555,'My Transfer'),(2062,'1994-05-02',827,703,'My Transfer'),(2063,'2016-12-31',828,875,'My Transfer'),(2064,'1991-06-26',829,539,'My Transfer'),(2065,'1995-06-29',830,16,'My Transfer'),(2066,'1997-01-28',831,882,'My Transfer'),(2067,'2009-07-06',832,424,'My Transfer'),(2068,'2002-09-04',833,323,'My Transfer'),(2069,'2012-09-23',834,768,'My Transfer'),(2070,'1997-06-21',835,4,'My Transfer'),(2071,'2008-08-15',836,148,'My Transfer'),(2072,'2005-12-15',837,12,'My Transfer'),(2073,'2011-11-09',838,17,'My Transfer'),(2074,'1999-11-08',839,12,'My Transfer'),(2075,'2004-05-19',840,700,'My Transfer'),(2076,'2017-07-01',841,243,'My Transfer'),(2077,'1996-12-28',842,367,'My Transfer'),(2078,'2013-10-16',843,656,'My Transfer'),(2079,'2015-10-14',844,684,'My Transfer'),(2080,'1994-01-14',845,813,'My Transfer'),(2081,'2002-10-28',846,186,'My Transfer'),(2082,'2001-04-06',847,695,'My Transfer'),(2083,'2010-08-27',848,885,'My Transfer'),(2084,'2016-11-13',849,6,'My Transfer'),(2085,'1993-09-26',850,304,'My Transfer'),(2086,'2019-10-11',851,197,'My Transfer'),(2087,'1996-11-06',852,592,'My Transfer'),(2088,'2004-10-30',853,798,'My Transfer'),(2089,'1998-04-12',854,60,'My Transfer'),(2090,'2007-06-12',855,359,'My Transfer'),(2091,'1996-07-16',856,542,'My Transfer'),(2092,'1992-10-06',857,103,'My Transfer'),(2093,'1992-02-04',858,532,'My Transfer'),(2094,'2010-06-01',859,444,'My Transfer'),(2095,'1998-08-09',860,489,'My Transfer'),(2096,'2003-03-09',861,476,'My Transfer'),(2097,'2011-10-26',862,807,'My Transfer'),(2098,'1993-01-15',863,779,'My Transfer'),(2099,'2010-12-29',864,680,'My Transfer'),(2100,'2005-10-17',865,684,'My Transfer'),(2101,'2013-10-31',866,271,'My Transfer'),(2102,'1991-01-31',867,362,'My Transfer'),(2103,'2004-12-21',868,179,'My Transfer'),(2104,'2011-03-17',869,888,'My Transfer'),(2105,'2000-08-31',870,768,'My Transfer'),(2106,'2003-08-26',871,323,'My Transfer'),(2107,'2000-11-14',872,273,'My Transfer'),(2108,'1999-07-02',873,144,'My Transfer'),(2109,'2008-10-06',874,197,'My Transfer'),(2110,'2001-05-11',875,290,'My Transfer'),(2111,'2013-08-18',876,579,'My Transfer'),(2112,'2014-06-29',877,842,'My Transfer'),(2113,'1997-06-06',878,694,'My Transfer'),(2114,'1991-09-23',879,858,'My Transfer'),(2115,'2013-07-16',880,91,'My Transfer'),(2116,'2011-08-31',881,776,'My Transfer'),(2117,'1993-11-05',882,298,'My Transfer'),(2118,'2004-09-26',883,96,'My Transfer'),(2119,'2017-05-31',884,458,'My Transfer'),(2120,'2003-08-28',885,187,'My Transfer'),(2121,'2009-08-13',886,390,'My Transfer'),(2122,'1991-08-05',887,705,'My Transfer'),(2123,'1998-08-15',888,365,'My Transfer'),(2124,'1997-06-12',889,822,'My Transfer'),(2125,'1990-05-24',890,23,'My Transfer'),(2126,'1997-10-29',891,101,'My Transfer'),(2127,'1996-06-13',892,262,'My Transfer'),(2128,'2017-01-24',893,737,'My Transfer'),(2129,'2013-01-28',894,234,'My Transfer'),(2130,'2012-02-01',895,204,'My Transfer'),(2131,'1996-04-29',896,617,'My Transfer'),(2132,'1992-05-16',897,203,'My Transfer'),(2133,'2014-03-03',898,326,'My Transfer'),(2134,'2007-04-23',899,420,'My Transfer'),(2135,'2004-06-30',NULL,1,'My Withdrawal'),(2136,'1998-02-19',NULL,2,'My Withdrawal'),(2137,'2011-10-17',NULL,3,'My Withdrawal'),(2138,'1996-08-12',NULL,4,'My Withdrawal'),(2139,'2001-06-14',NULL,5,'My Withdrawal'),(2140,'1995-08-04',NULL,6,'My Withdrawal'),(2141,'2019-02-16',NULL,7,'My Withdrawal'),(2142,'2012-01-11',NULL,8,'My Withdrawal'),(2143,'2018-09-19',NULL,9,'My Withdrawal'),(2144,'2010-10-23',NULL,10,'My Withdrawal'),(2145,'1993-04-08',NULL,11,'My Withdrawal'),(2146,'1997-01-23',NULL,12,'My Withdrawal'),(2147,'2004-04-11',NULL,13,'My Withdrawal'),(2148,'2015-05-14',NULL,14,'My Withdrawal'),(2149,'2004-05-11',NULL,15,'My Withdrawal'),(2150,'2015-09-16',NULL,16,'My Withdrawal'),(2151,'2012-10-27',NULL,17,'My Withdrawal'),(2152,'2009-01-30',NULL,18,'My Withdrawal'),(2153,'2007-11-20',NULL,19,'My Withdrawal'),(2154,'1992-09-22',NULL,20,'My Withdrawal'),(2155,'1994-06-06',NULL,21,'My Withdrawal'),(2156,'2003-07-10',NULL,22,'My Withdrawal'),(2157,'2019-06-01',NULL,23,'My Withdrawal'),(2158,'1991-04-26',NULL,24,'My Withdrawal'),(2159,'1998-02-17',NULL,25,'My Withdrawal'),(2160,'1990-05-24',NULL,26,'My Withdrawal'),(2161,'2005-10-03',NULL,27,'My Withdrawal'),(2162,'1997-09-20',NULL,28,'My Withdrawal'),(2163,'1992-04-03',NULL,29,'My Withdrawal'),(2164,'2015-06-02',NULL,30,'My Withdrawal'),(2165,'1991-06-06',NULL,31,'My Withdrawal'),(2166,'1997-12-26',NULL,32,'My Withdrawal'),(2167,'1995-07-11',NULL,33,'My Withdrawal'),(2168,'2014-10-31',NULL,34,'My Withdrawal'),(2169,'2005-10-09',NULL,35,'My Withdrawal'),(2170,'1993-05-28',NULL,36,'My Withdrawal'),(2171,'1999-02-17',NULL,37,'My Withdrawal'),(2172,'2005-12-16',NULL,38,'My Withdrawal'),(2173,'1997-08-25',NULL,39,'My Withdrawal'),(2174,'1995-09-16',NULL,40,'My Withdrawal'),(2175,'1999-02-01',NULL,41,'My Withdrawal'),(2176,'2001-05-05',NULL,42,'My Withdrawal'),(2177,'2004-07-04',NULL,43,'My Withdrawal'),(2178,'2013-01-14',NULL,44,'My Withdrawal'),(2179,'2006-08-04',NULL,45,'My Withdrawal'),(2180,'2004-09-28',NULL,46,'My Withdrawal'),(2181,'2018-05-20',NULL,47,'My Withdrawal'),(2182,'2005-01-09',NULL,48,'My Withdrawal'),(2183,'1999-10-24',NULL,49,'My Withdrawal'),(2184,'2002-09-24',NULL,50,'My Withdrawal'),(2185,'2003-11-26',NULL,51,'My Withdrawal'),(2186,'1990-07-12',NULL,52,'My Withdrawal'),(2187,'2000-11-13',NULL,53,'My Withdrawal'),(2188,'2005-08-17',NULL,54,'My Withdrawal'),(2189,'2019-10-27',NULL,55,'My Withdrawal'),(2190,'2001-06-13',NULL,56,'My Withdrawal'),(2191,'1994-08-24',NULL,57,'My Withdrawal'),(2192,'2012-03-27',NULL,58,'My Withdrawal'),(2193,'2002-02-05',NULL,59,'My Withdrawal'),(2194,'2016-09-01',NULL,60,'My Withdrawal'),(2195,'1997-04-19',NULL,61,'My Withdrawal'),(2196,'1997-07-24',NULL,62,'My Withdrawal'),(2197,'2019-02-13',NULL,63,'My Withdrawal'),(2198,'1996-01-19',NULL,64,'My Withdrawal'),(2199,'2004-01-22',NULL,65,'My Withdrawal'),(2200,'2018-07-22',NULL,66,'My Withdrawal'),(2201,'2010-02-06',NULL,67,'My Withdrawal'),(2202,'1997-05-27',NULL,68,'My Withdrawal'),(2203,'1996-01-12',NULL,69,'My Withdrawal'),(2204,'1998-12-20',NULL,70,'My Withdrawal'),(2205,'2002-06-21',NULL,71,'My Withdrawal'),(2206,'2008-03-10',NULL,72,'My Withdrawal'),(2207,'2008-05-16',NULL,73,'My Withdrawal'),(2208,'2009-08-13',NULL,74,'My Withdrawal'),(2209,'2013-12-20',NULL,75,'My Withdrawal'),(2210,'2004-12-16',NULL,76,'My Withdrawal'),(2211,'1998-11-22',NULL,77,'My Withdrawal'),(2212,'1995-07-18',NULL,78,'My Withdrawal'),(2213,'1995-12-31',NULL,79,'My Withdrawal'),(2214,'2005-05-16',NULL,80,'My Withdrawal'),(2215,'1991-09-10',NULL,81,'My Withdrawal'),(2216,'1994-06-07',NULL,82,'My Withdrawal'),(2217,'1990-05-09',NULL,83,'My Withdrawal'),(2218,'2000-03-05',NULL,84,'My Withdrawal'),(2219,'1993-11-25',NULL,85,'My Withdrawal'),(2220,'2020-03-08',NULL,86,'My Withdrawal'),(2221,'1994-07-27',NULL,87,'My Withdrawal'),(2222,'2013-02-10',NULL,88,'My Withdrawal'),(2223,'2018-08-30',NULL,89,'My Withdrawal'),(2224,'1999-05-15',NULL,90,'My Withdrawal'),(2225,'2000-06-23',NULL,91,'My Withdrawal'),(2226,'1991-01-08',NULL,92,'My Withdrawal'),(2227,'2002-02-19',NULL,93,'My Withdrawal'),(2228,'2018-12-11',NULL,94,'My Withdrawal'),(2229,'2003-03-19',NULL,95,'My Withdrawal'),(2230,'2002-12-19',NULL,96,'My Withdrawal'),(2231,'2005-12-05',NULL,97,'My Withdrawal'),(2232,'2002-09-25',NULL,98,'My Withdrawal'),(2233,'2003-08-15',NULL,99,'My Withdrawal'),(2234,'2013-05-02',NULL,100,'My Withdrawal'),(2235,'2018-02-10',NULL,101,'My Withdrawal'),(2236,'1997-08-30',NULL,102,'My Withdrawal'),(2237,'2001-08-20',NULL,103,'My Withdrawal'),(2238,'2017-08-29',NULL,104,'My Withdrawal'),(2239,'2001-12-19',NULL,105,'My Withdrawal'),(2240,'2019-12-27',NULL,106,'My Withdrawal'),(2241,'2002-06-12',NULL,107,'My Withdrawal'),(2242,'2020-01-13',NULL,108,'My Withdrawal'),(2243,'2013-09-10',NULL,109,'My Withdrawal'),(2244,'2017-12-06',NULL,110,'My Withdrawal'),(2245,'2011-03-17',NULL,111,'My Withdrawal'),(2246,'2005-12-01',NULL,112,'My Withdrawal'),(2247,'2019-09-03',NULL,113,'My Withdrawal'),(2248,'2017-05-31',NULL,114,'My Withdrawal'),(2249,'1995-07-29',NULL,115,'My Withdrawal'),(2250,'2013-06-14',NULL,116,'My Withdrawal'),(2251,'2002-05-08',NULL,117,'My Withdrawal'),(2252,'2010-01-04',NULL,118,'My Withdrawal'),(2253,'1999-08-22',NULL,119,'My Withdrawal'),(2254,'1991-07-15',NULL,120,'My Withdrawal'),(2255,'2009-08-11',NULL,121,'My Withdrawal'),(2256,'2002-01-25',NULL,122,'My Withdrawal'),(2257,'2003-06-10',NULL,123,'My Withdrawal'),(2258,'2010-02-20',NULL,124,'My Withdrawal'),(2259,'2017-07-08',NULL,125,'My Withdrawal'),(2260,'2010-04-27',NULL,126,'My Withdrawal'),(2261,'1998-07-01',NULL,127,'My Withdrawal'),(2262,'2004-03-01',NULL,128,'My Withdrawal'),(2263,'1997-01-22',NULL,129,'My Withdrawal'),(2264,'2010-12-22',NULL,130,'My Withdrawal'),(2265,'2019-04-08',NULL,131,'My Withdrawal'),(2266,'2007-03-07',NULL,132,'My Withdrawal'),(2267,'2016-12-22',NULL,133,'My Withdrawal'),(2268,'1993-01-28',NULL,134,'My Withdrawal'),(2269,'2003-02-08',NULL,135,'My Withdrawal'),(2270,'2019-11-24',NULL,136,'My Withdrawal'),(2271,'1991-12-18',NULL,137,'My Withdrawal'),(2272,'2001-02-06',NULL,138,'My Withdrawal'),(2273,'2015-09-05',NULL,139,'My Withdrawal'),(2274,'2006-02-10',NULL,140,'My Withdrawal'),(2275,'2003-08-31',NULL,141,'My Withdrawal'),(2276,'2009-02-09',NULL,142,'My Withdrawal'),(2277,'2014-12-03',NULL,143,'My Withdrawal'),(2278,'2016-09-08',NULL,144,'My Withdrawal'),(2279,'2011-02-17',NULL,145,'My Withdrawal'),(2280,'2010-08-04',NULL,146,'My Withdrawal'),(2281,'1994-04-21',NULL,147,'My Withdrawal'),(2282,'2007-07-29',NULL,148,'My Withdrawal'),(2283,'1998-05-23',NULL,149,'My Withdrawal'),(2284,'1997-03-01',NULL,150,'My Withdrawal'),(2285,'1991-09-22',NULL,151,'My Withdrawal'),(2286,'2016-04-25',NULL,152,'My Withdrawal'),(2287,'2017-08-02',NULL,153,'My Withdrawal'),(2288,'2005-06-09',NULL,154,'My Withdrawal'),(2289,'2013-02-18',NULL,155,'My Withdrawal'),(2290,'2017-08-22',NULL,156,'My Withdrawal'),(2291,'2019-05-08',NULL,157,'My Withdrawal'),(2292,'1995-10-14',NULL,158,'My Withdrawal'),(2293,'1990-05-25',NULL,159,'My Withdrawal'),(2294,'1992-01-11',NULL,160,'My Withdrawal'),(2295,'2011-01-07',NULL,161,'My Withdrawal'),(2296,'2008-01-17',NULL,162,'My Withdrawal'),(2297,'2013-05-18',NULL,163,'My Withdrawal'),(2298,'1994-01-31',NULL,164,'My Withdrawal'),(2299,'2020-02-14',NULL,165,'My Withdrawal'),(2300,'2015-09-10',NULL,166,'My Withdrawal'),(2301,'2011-08-18',NULL,167,'My Withdrawal'),(2302,'2010-06-06',NULL,168,'My Withdrawal'),(2303,'1998-11-06',NULL,169,'My Withdrawal'),(2304,'1997-02-01',NULL,170,'My Withdrawal'),(2305,'1997-11-28',NULL,171,'My Withdrawal'),(2306,'1999-05-16',NULL,172,'My Withdrawal'),(2307,'2016-05-06',NULL,173,'My Withdrawal'),(2308,'2014-08-22',NULL,174,'My Withdrawal'),(2309,'1996-12-27',NULL,175,'My Withdrawal'),(2310,'2020-01-12',NULL,176,'My Withdrawal'),(2311,'2006-09-07',NULL,177,'My Withdrawal'),(2312,'2009-07-02',NULL,178,'My Withdrawal'),(2313,'2006-08-19',NULL,179,'My Withdrawal'),(2314,'1991-09-16',NULL,180,'My Withdrawal'),(2315,'2006-06-01',NULL,181,'My Withdrawal'),(2316,'2002-08-22',NULL,182,'My Withdrawal'),(2317,'2014-09-20',NULL,183,'My Withdrawal'),(2318,'2001-05-10',NULL,184,'My Withdrawal'),(2319,'1993-02-27',NULL,185,'My Withdrawal'),(2320,'2009-04-27',NULL,186,'My Withdrawal'),(2321,'2004-03-02',NULL,187,'My Withdrawal'),(2322,'2017-11-19',NULL,188,'My Withdrawal'),(2323,'1991-09-05',NULL,189,'My Withdrawal'),(2324,'2011-10-02',NULL,190,'My Withdrawal'),(2325,'2015-07-27',NULL,191,'My Withdrawal'),(2326,'1996-05-15',NULL,192,'My Withdrawal'),(2327,'1993-07-09',NULL,193,'My Withdrawal'),(2328,'1999-04-23',NULL,194,'My Withdrawal'),(2329,'2013-08-10',NULL,195,'My Withdrawal'),(2330,'2013-04-30',NULL,196,'My Withdrawal'),(2331,'2017-09-09',NULL,197,'My Withdrawal'),(2332,'2003-07-28',NULL,198,'My Withdrawal'),(2333,'1993-02-11',NULL,199,'My Withdrawal'),(2334,'1994-04-25',NULL,200,'My Withdrawal'),(2335,'2010-09-16',NULL,201,'My Withdrawal'),(2336,'2015-06-23',NULL,202,'My Withdrawal'),(2337,'1994-05-21',NULL,203,'My Withdrawal'),(2338,'2018-05-01',NULL,204,'My Withdrawal'),(2339,'2015-01-07',NULL,205,'My Withdrawal'),(2340,'2005-10-06',NULL,206,'My Withdrawal'),(2341,'2005-02-27',NULL,207,'My Withdrawal'),(2342,'2019-12-03',NULL,208,'My Withdrawal'),(2343,'1993-04-20',NULL,209,'My Withdrawal'),(2344,'2013-07-18',NULL,210,'My Withdrawal'),(2345,'1993-09-14',NULL,211,'My Withdrawal'),(2346,'2000-10-04',NULL,212,'My Withdrawal'),(2347,'2008-08-02',NULL,213,'My Withdrawal'),(2348,'1993-07-21',NULL,214,'My Withdrawal'),(2349,'2002-03-24',NULL,215,'My Withdrawal'),(2350,'1994-07-04',NULL,216,'My Withdrawal'),(2351,'2006-04-26',NULL,217,'My Withdrawal'),(2352,'1995-04-07',NULL,218,'My Withdrawal'),(2353,'1994-05-05',NULL,219,'My Withdrawal'),(2354,'2018-12-11',NULL,220,'My Withdrawal'),(2355,'2007-04-14',NULL,221,'My Withdrawal'),(2356,'2003-05-01',NULL,222,'My Withdrawal'),(2357,'2019-01-03',NULL,223,'My Withdrawal'),(2358,'2002-01-04',NULL,224,'My Withdrawal'),(2359,'2015-10-02',NULL,225,'My Withdrawal'),(2360,'2007-02-11',NULL,226,'My Withdrawal'),(2361,'2003-04-28',NULL,227,'My Withdrawal'),(2362,'1990-05-13',NULL,228,'My Withdrawal'),(2363,'2007-04-24',NULL,229,'My Withdrawal'),(2364,'2009-05-04',NULL,230,'My Withdrawal'),(2365,'1997-02-15',NULL,231,'My Withdrawal'),(2366,'2003-06-24',NULL,232,'My Withdrawal'),(2367,'2010-03-15',NULL,233,'My Withdrawal'),(2368,'2012-12-26',NULL,234,'My Withdrawal'),(2369,'1999-12-21',NULL,235,'My Withdrawal'),(2370,'1995-07-19',NULL,236,'My Withdrawal'),(2371,'2008-04-01',NULL,237,'My Withdrawal'),(2372,'2005-06-08',NULL,238,'My Withdrawal'),(2373,'1990-11-17',NULL,239,'My Withdrawal'),(2374,'2008-06-21',NULL,240,'My Withdrawal'),(2375,'2015-12-18',NULL,241,'My Withdrawal'),(2376,'2011-04-16',NULL,242,'My Withdrawal'),(2377,'2001-11-03',NULL,243,'My Withdrawal'),(2378,'2006-05-06',NULL,244,'My Withdrawal'),(2379,'2008-07-05',NULL,245,'My Withdrawal'),(2380,'2018-08-07',NULL,246,'My Withdrawal'),(2381,'2009-03-25',NULL,247,'My Withdrawal'),(2382,'2002-11-28',NULL,248,'My Withdrawal'),(2383,'1991-02-14',NULL,249,'My Withdrawal'),(2384,'1991-05-19',NULL,250,'My Withdrawal'),(2385,'2002-06-14',NULL,251,'My Withdrawal'),(2386,'2013-03-27',NULL,252,'My Withdrawal'),(2387,'2014-09-04',NULL,253,'My Withdrawal'),(2388,'1999-04-19',NULL,254,'My Withdrawal'),(2389,'2019-10-29',NULL,255,'My Withdrawal'),(2390,'1994-04-29',NULL,256,'My Withdrawal'),(2391,'2013-05-09',NULL,257,'My Withdrawal'),(2392,'1994-06-17',NULL,258,'My Withdrawal'),(2393,'1994-03-12',NULL,259,'My Withdrawal'),(2394,'1997-11-22',NULL,260,'My Withdrawal'),(2395,'2016-05-15',NULL,261,'My Withdrawal'),(2396,'1993-01-11',NULL,262,'My Withdrawal'),(2397,'2015-11-11',NULL,263,'My Withdrawal'),(2398,'2001-01-30',NULL,264,'My Withdrawal'),(2399,'2009-01-17',NULL,265,'My Withdrawal'),(2400,'2009-05-03',NULL,266,'My Withdrawal'),(2401,'1996-01-04',NULL,267,'My Withdrawal'),(2402,'2017-12-20',NULL,268,'My Withdrawal'),(2403,'2006-04-14',NULL,269,'My Withdrawal'),(2404,'2011-01-21',NULL,270,'My Withdrawal'),(2405,'1993-11-28',NULL,271,'My Withdrawal'),(2406,'2000-03-09',NULL,272,'My Withdrawal'),(2407,'1995-09-11',NULL,273,'My Withdrawal'),(2408,'2013-04-27',NULL,274,'My Withdrawal'),(2409,'2013-01-20',NULL,275,'My Withdrawal'),(2410,'2015-12-30',NULL,276,'My Withdrawal'),(2411,'2012-02-03',NULL,277,'My Withdrawal'),(2412,'2019-09-19',NULL,278,'My Withdrawal'),(2413,'1999-07-15',NULL,279,'My Withdrawal'),(2414,'2006-07-22',NULL,280,'My Withdrawal'),(2415,'2009-10-27',NULL,281,'My Withdrawal'),(2416,'1994-02-17',NULL,282,'My Withdrawal'),(2417,'2013-08-06',NULL,283,'My Withdrawal'),(2418,'1995-10-08',NULL,284,'My Withdrawal'),(2419,'1993-12-29',NULL,285,'My Withdrawal'),(2420,'1993-06-04',NULL,286,'My Withdrawal'),(2421,'2013-07-14',NULL,287,'My Withdrawal'),(2422,'2012-05-04',NULL,288,'My Withdrawal'),(2423,'2014-10-10',NULL,289,'My Withdrawal'),(2424,'2007-01-13',NULL,290,'My Withdrawal'),(2425,'2016-01-07',NULL,291,'My Withdrawal'),(2426,'2012-06-26',NULL,292,'My Withdrawal'),(2427,'2011-05-01',NULL,293,'My Withdrawal'),(2428,'2013-12-31',NULL,294,'My Withdrawal'),(2429,'2001-04-01',NULL,295,'My Withdrawal'),(2430,'2004-04-10',NULL,296,'My Withdrawal'),(2431,'1999-09-17',NULL,297,'My Withdrawal'),(2432,'1997-09-20',NULL,298,'My Withdrawal'),(2433,'1994-09-12',NULL,299,'My Withdrawal'),(2434,'2002-08-24',NULL,300,'My Withdrawal'),(2435,'2015-01-26',NULL,301,'My Withdrawal'),(2436,'2015-02-03',NULL,302,'My Withdrawal'),(2437,'2003-03-09',NULL,303,'My Withdrawal'),(2438,'2013-07-12',NULL,304,'My Withdrawal'),(2439,'2006-11-21',NULL,305,'My Withdrawal'),(2440,'2002-04-17',NULL,306,'My Withdrawal'),(2441,'2013-11-24',NULL,307,'My Withdrawal'),(2442,'1999-03-11',NULL,308,'My Withdrawal'),(2443,'2015-12-01',NULL,309,'My Withdrawal'),(2444,'2012-09-18',NULL,310,'My Withdrawal'),(2445,'2002-02-25',NULL,311,'My Withdrawal'),(2446,'2009-06-27',NULL,312,'My Withdrawal'),(2447,'2012-07-16',NULL,313,'My Withdrawal'),(2448,'2018-02-19',NULL,314,'My Withdrawal'),(2449,'2012-04-14',NULL,315,'My Withdrawal'),(2450,'2020-01-24',NULL,316,'My Withdrawal'),(2451,'1999-12-20',NULL,317,'My Withdrawal'),(2452,'2014-01-10',NULL,318,'My Withdrawal'),(2453,'2002-04-17',NULL,319,'My Withdrawal'),(2454,'1998-07-12',NULL,320,'My Withdrawal'),(2455,'2015-10-19',NULL,321,'My Withdrawal'),(2456,'1991-06-24',NULL,322,'My Withdrawal'),(2457,'1993-07-21',NULL,323,'My Withdrawal'),(2458,'2010-01-13',NULL,324,'My Withdrawal'),(2459,'1995-04-18',NULL,325,'My Withdrawal'),(2460,'2008-09-20',NULL,326,'My Withdrawal'),(2461,'2010-01-04',NULL,327,'My Withdrawal'),(2462,'2003-08-15',NULL,328,'My Withdrawal'),(2463,'2004-12-16',NULL,329,'My Withdrawal'),(2464,'2013-06-11',NULL,330,'My Withdrawal'),(2465,'2000-08-24',NULL,331,'My Withdrawal'),(2466,'2012-05-19',NULL,332,'My Withdrawal'),(2467,'2007-09-13',NULL,333,'My Withdrawal'),(2468,'2003-02-09',NULL,334,'My Withdrawal'),(2469,'2005-11-23',NULL,335,'My Withdrawal'),(2470,'1999-10-09',NULL,336,'My Withdrawal'),(2471,'2020-01-18',NULL,337,'My Withdrawal'),(2472,'2010-12-04',NULL,338,'My Withdrawal'),(2473,'2011-08-10',NULL,339,'My Withdrawal'),(2474,'2001-08-13',NULL,340,'My Withdrawal'),(2475,'2003-03-04',NULL,341,'My Withdrawal'),(2476,'2004-05-10',NULL,342,'My Withdrawal'),(2477,'2004-02-26',NULL,343,'My Withdrawal'),(2478,'2008-03-07',NULL,344,'My Withdrawal'),(2479,'1996-01-10',NULL,345,'My Withdrawal'),(2480,'2002-11-23',NULL,346,'My Withdrawal'),(2481,'1992-12-02',NULL,347,'My Withdrawal'),(2482,'1990-07-18',NULL,348,'My Withdrawal'),(2483,'2001-08-13',NULL,349,'My Withdrawal'),(2484,'2020-05-11',NULL,350,'My Withdrawal'),(2485,'2002-08-02',NULL,351,'My Withdrawal'),(2486,'2017-07-11',NULL,352,'My Withdrawal'),(2487,'2012-02-25',NULL,353,'My Withdrawal'),(2488,'2012-09-13',NULL,354,'My Withdrawal'),(2489,'1992-04-27',NULL,355,'My Withdrawal'),(2490,'2008-06-23',NULL,356,'My Withdrawal'),(2491,'1992-08-13',NULL,357,'My Withdrawal'),(2492,'1997-10-01',NULL,358,'My Withdrawal'),(2493,'1994-11-23',NULL,359,'My Withdrawal'),(2494,'2010-07-16',NULL,360,'My Withdrawal'),(2495,'2014-06-25',NULL,361,'My Withdrawal'),(2496,'1999-03-29',NULL,362,'My Withdrawal'),(2497,'2010-02-01',NULL,363,'My Withdrawal'),(2498,'2006-09-18',NULL,364,'My Withdrawal'),(2499,'1993-09-25',NULL,365,'My Withdrawal'),(2500,'2019-07-20',NULL,366,'My Withdrawal'),(2501,'2013-12-25',NULL,367,'My Withdrawal'),(2502,'2020-04-26',NULL,368,'My Withdrawal'),(2503,'2013-06-13',NULL,369,'My Withdrawal'),(2504,'1996-10-08',NULL,370,'My Withdrawal'),(2505,'1997-07-21',NULL,371,'My Withdrawal'),(2506,'1995-11-28',NULL,372,'My Withdrawal'),(2507,'2007-04-20',NULL,373,'My Withdrawal'),(2508,'2007-04-30',NULL,374,'My Withdrawal'),(2509,'2001-08-22',NULL,375,'My Withdrawal'),(2510,'1997-07-30',NULL,376,'My Withdrawal'),(2511,'2019-04-19',NULL,377,'My Withdrawal'),(2512,'1998-02-11',NULL,378,'My Withdrawal'),(2513,'2007-12-13',NULL,379,'My Withdrawal'),(2514,'2004-07-19',NULL,380,'My Withdrawal'),(2515,'2000-06-30',NULL,381,'My Withdrawal'),(2516,'2017-05-05',NULL,382,'My Withdrawal'),(2517,'2000-03-18',NULL,383,'My Withdrawal'),(2518,'2000-07-16',NULL,384,'My Withdrawal'),(2519,'2009-07-13',NULL,385,'My Withdrawal'),(2520,'1996-11-13',NULL,386,'My Withdrawal'),(2521,'2020-02-28',NULL,387,'My Withdrawal'),(2522,'1997-08-02',NULL,388,'My Withdrawal'),(2523,'2010-12-09',NULL,389,'My Withdrawal'),(2524,'1999-01-22',NULL,390,'My Withdrawal'),(2525,'1994-12-01',NULL,391,'My Withdrawal'),(2526,'1991-10-28',NULL,392,'My Withdrawal'),(2527,'2019-05-23',NULL,393,'My Withdrawal'),(2528,'2009-06-01',NULL,394,'My Withdrawal'),(2529,'2017-08-12',NULL,395,'My Withdrawal'),(2530,'1991-12-11',NULL,396,'My Withdrawal'),(2531,'2005-09-13',NULL,397,'My Withdrawal'),(2532,'2000-02-20',NULL,398,'My Withdrawal'),(2533,'2007-11-01',NULL,399,'My Withdrawal'),(2534,'2009-12-01',NULL,400,'My Withdrawal'),(2535,'2002-01-05',NULL,401,'My Withdrawal'),(2536,'1995-07-07',NULL,402,'My Withdrawal'),(2537,'2008-07-21',NULL,403,'My Withdrawal'),(2538,'2010-12-18',NULL,404,'My Withdrawal'),(2539,'2002-07-12',NULL,405,'My Withdrawal'),(2540,'2002-07-04',NULL,406,'My Withdrawal'),(2541,'1998-01-01',NULL,407,'My Withdrawal'),(2542,'2014-10-02',NULL,408,'My Withdrawal'),(2543,'2016-01-23',NULL,409,'My Withdrawal'),(2544,'1995-02-26',NULL,410,'My Withdrawal'),(2545,'2012-09-23',NULL,411,'My Withdrawal'),(2546,'2009-03-11',NULL,412,'My Withdrawal'),(2547,'2005-11-27',NULL,413,'My Withdrawal'),(2548,'1997-02-13',NULL,414,'My Withdrawal'),(2549,'2003-02-10',NULL,415,'My Withdrawal'),(2550,'2009-03-31',NULL,416,'My Withdrawal'),(2551,'2011-01-17',NULL,417,'My Withdrawal'),(2552,'1993-11-17',NULL,418,'My Withdrawal'),(2553,'2017-01-09',NULL,419,'My Withdrawal'),(2554,'1996-10-11',NULL,420,'My Withdrawal'),(2555,'2010-09-30',NULL,421,'My Withdrawal'),(2556,'2009-02-11',NULL,422,'My Withdrawal'),(2557,'2001-11-19',NULL,423,'My Withdrawal'),(2558,'1992-05-06',NULL,424,'My Withdrawal'),(2559,'1994-01-04',NULL,425,'My Withdrawal'),(2560,'1999-11-21',NULL,426,'My Withdrawal'),(2561,'2000-04-26',NULL,427,'My Withdrawal'),(2562,'1997-12-23',NULL,428,'My Withdrawal'),(2563,'2002-10-10',NULL,429,'My Withdrawal'),(2564,'2003-04-23',NULL,430,'My Withdrawal'),(2565,'2007-12-07',NULL,431,'My Withdrawal'),(2566,'1999-02-25',NULL,432,'My Withdrawal'),(2567,'2013-06-06',NULL,433,'My Withdrawal'),(2568,'2010-10-13',NULL,434,'My Withdrawal'),(2569,'2015-01-09',NULL,435,'My Withdrawal'),(2570,'1997-10-01',NULL,436,'My Withdrawal'),(2571,'2012-09-12',NULL,437,'My Withdrawal'),(2572,'1999-02-07',NULL,438,'My Withdrawal'),(2573,'2009-09-21',NULL,439,'My Withdrawal'),(2574,'2009-06-06',NULL,440,'My Withdrawal'),(2575,'2006-02-14',NULL,441,'My Withdrawal'),(2576,'2006-12-07',NULL,442,'My Withdrawal'),(2577,'2019-01-25',NULL,443,'My Withdrawal'),(2578,'2007-11-15',NULL,444,'My Withdrawal'),(2579,'2017-08-22',NULL,445,'My Withdrawal'),(2580,'2008-08-15',NULL,446,'My Withdrawal'),(2581,'2011-06-01',NULL,447,'My Withdrawal'),(2582,'1995-03-26',NULL,448,'My Withdrawal'),(2583,'2012-03-09',NULL,449,'My Withdrawal'),(2584,'1995-08-25',NULL,450,'My Withdrawal'),(2585,'2002-11-22',NULL,451,'My Withdrawal'),(2586,'1999-12-18',NULL,452,'My Withdrawal'),(2587,'2002-12-04',NULL,453,'My Withdrawal'),(2588,'1991-07-04',NULL,454,'My Withdrawal'),(2589,'2015-02-09',NULL,455,'My Withdrawal'),(2590,'1994-04-19',NULL,456,'My Withdrawal'),(2591,'2005-09-02',NULL,457,'My Withdrawal'),(2592,'2017-04-07',NULL,458,'My Withdrawal'),(2593,'1999-10-29',NULL,459,'My Withdrawal'),(2594,'2002-07-01',NULL,460,'My Withdrawal'),(2595,'1992-10-21',NULL,461,'My Withdrawal'),(2596,'1997-05-28',NULL,462,'My Withdrawal'),(2597,'2003-07-01',NULL,463,'My Withdrawal'),(2598,'2013-03-05',NULL,464,'My Withdrawal'),(2599,'2011-08-14',NULL,465,'My Withdrawal'),(2600,'2001-10-25',NULL,466,'My Withdrawal'),(2601,'1997-05-14',NULL,467,'My Withdrawal'),(2602,'2003-10-18',NULL,468,'My Withdrawal'),(2603,'2016-11-02',NULL,469,'My Withdrawal'),(2604,'2011-12-31',NULL,470,'My Withdrawal'),(2605,'2019-06-17',NULL,471,'My Withdrawal'),(2606,'1993-01-22',NULL,472,'My Withdrawal'),(2607,'2013-03-14',NULL,473,'My Withdrawal'),(2608,'2004-10-13',NULL,474,'My Withdrawal'),(2609,'2015-05-22',NULL,475,'My Withdrawal'),(2610,'2003-03-23',NULL,476,'My Withdrawal'),(2611,'2016-03-25',NULL,477,'My Withdrawal'),(2612,'1993-09-18',NULL,478,'My Withdrawal'),(2613,'1994-12-30',NULL,479,'My Withdrawal'),(2614,'2018-09-24',NULL,480,'My Withdrawal'),(2615,'2003-05-03',NULL,481,'My Withdrawal'),(2616,'2002-10-30',NULL,482,'My Withdrawal'),(2617,'1992-04-07',NULL,483,'My Withdrawal'),(2618,'2018-04-06',NULL,484,'My Withdrawal'),(2619,'2003-04-07',NULL,485,'My Withdrawal'),(2620,'1993-07-19',NULL,486,'My Withdrawal'),(2621,'2013-05-02',NULL,487,'My Withdrawal'),(2622,'1994-09-21',NULL,488,'My Withdrawal'),(2623,'2000-09-29',NULL,489,'My Withdrawal'),(2624,'2003-12-08',NULL,490,'My Withdrawal'),(2625,'2001-01-09',NULL,491,'My Withdrawal'),(2626,'2013-03-14',NULL,492,'My Withdrawal'),(2627,'2011-04-15',NULL,493,'My Withdrawal'),(2628,'2016-11-06',NULL,494,'My Withdrawal'),(2629,'2009-02-01',NULL,495,'My Withdrawal'),(2630,'2008-02-08',NULL,496,'My Withdrawal'),(2631,'2008-05-24',NULL,497,'My Withdrawal'),(2632,'1999-02-21',NULL,498,'My Withdrawal'),(2633,'1999-10-04',NULL,499,'My Withdrawal'),(2634,'1993-10-23',NULL,500,'My Withdrawal'),(2635,'2012-10-29',NULL,501,'My Withdrawal'),(2636,'2016-06-16',NULL,502,'My Withdrawal'),(2637,'1996-11-24',NULL,503,'My Withdrawal'),(2638,'2014-09-23',NULL,504,'My Withdrawal'),(2639,'2020-05-10',NULL,505,'My Withdrawal'),(2640,'2013-06-05',NULL,506,'My Withdrawal'),(2641,'2014-11-08',NULL,507,'My Withdrawal'),(2642,'2007-11-16',NULL,508,'My Withdrawal'),(2643,'1990-11-14',NULL,509,'My Withdrawal'),(2644,'1992-04-14',NULL,510,'My Withdrawal'),(2645,'1999-01-09',NULL,511,'My Withdrawal'),(2646,'1993-01-03',NULL,512,'My Withdrawal'),(2647,'2009-11-25',NULL,513,'My Withdrawal'),(2648,'2008-09-29',NULL,514,'My Withdrawal'),(2649,'2006-07-24',NULL,515,'My Withdrawal'),(2650,'2009-10-30',NULL,516,'My Withdrawal'),(2651,'1994-06-25',NULL,517,'My Withdrawal'),(2652,'1999-05-20',NULL,518,'My Withdrawal'),(2653,'1994-05-28',NULL,519,'My Withdrawal'),(2654,'2000-04-04',NULL,520,'My Withdrawal'),(2655,'2019-11-07',NULL,521,'My Withdrawal'),(2656,'2002-03-20',NULL,522,'My Withdrawal'),(2657,'1999-01-20',NULL,523,'My Withdrawal'),(2658,'2007-01-09',NULL,524,'My Withdrawal'),(2659,'2017-07-02',NULL,525,'My Withdrawal'),(2660,'1994-07-02',NULL,526,'My Withdrawal'),(2661,'2008-04-17',NULL,527,'My Withdrawal'),(2662,'1995-08-18',NULL,528,'My Withdrawal'),(2663,'2001-12-21',NULL,529,'My Withdrawal'),(2664,'2016-12-15',NULL,530,'My Withdrawal'),(2665,'2010-10-05',NULL,531,'My Withdrawal'),(2666,'2009-02-13',NULL,532,'My Withdrawal'),(2667,'1998-04-06',NULL,533,'My Withdrawal'),(2668,'2000-10-08',NULL,534,'My Withdrawal'),(2669,'2017-06-27',NULL,535,'My Withdrawal'),(2670,'1994-01-07',NULL,536,'My Withdrawal'),(2671,'1993-03-19',NULL,537,'My Withdrawal'),(2672,'2002-08-21',NULL,538,'My Withdrawal'),(2673,'1990-08-08',NULL,539,'My Withdrawal'),(2674,'2002-06-16',NULL,540,'My Withdrawal'),(2675,'2004-12-20',NULL,541,'My Withdrawal'),(2676,'1993-06-10',NULL,542,'My Withdrawal'),(2677,'2016-02-14',NULL,543,'My Withdrawal'),(2678,'2008-07-03',NULL,544,'My Withdrawal'),(2679,'2019-07-11',NULL,545,'My Withdrawal'),(2680,'1990-10-21',NULL,546,'My Withdrawal'),(2681,'2003-08-26',NULL,547,'My Withdrawal'),(2682,'1997-11-11',NULL,548,'My Withdrawal'),(2683,'2016-04-06',NULL,549,'My Withdrawal'),(2684,'2001-05-31',NULL,550,'My Withdrawal'),(2685,'1992-05-09',NULL,551,'My Withdrawal'),(2686,'1999-04-17',NULL,552,'My Withdrawal'),(2687,'1998-12-07',NULL,553,'My Withdrawal'),(2688,'2004-08-14',NULL,554,'My Withdrawal'),(2689,'2013-07-19',NULL,555,'My Withdrawal'),(2690,'1997-05-03',NULL,556,'My Withdrawal'),(2691,'2009-01-10',NULL,557,'My Withdrawal'),(2692,'1993-02-09',NULL,558,'My Withdrawal'),(2693,'1995-04-12',NULL,559,'My Withdrawal'),(2694,'1994-06-13',NULL,560,'My Withdrawal'),(2695,'2013-05-07',NULL,561,'My Withdrawal'),(2696,'2003-03-01',NULL,562,'My Withdrawal'),(2697,'2002-01-27',NULL,563,'My Withdrawal'),(2698,'2003-05-13',NULL,564,'My Withdrawal'),(2699,'2019-01-23',NULL,565,'My Withdrawal'),(2700,'1996-04-03',NULL,566,'My Withdrawal'),(2701,'1997-03-07',NULL,567,'My Withdrawal'),(2702,'2013-02-24',NULL,568,'My Withdrawal'),(2703,'2001-01-07',NULL,569,'My Withdrawal'),(2704,'1997-04-16',NULL,570,'My Withdrawal'),(2705,'1999-02-28',NULL,571,'My Withdrawal'),(2706,'1991-07-12',NULL,572,'My Withdrawal'),(2707,'1998-03-13',NULL,573,'My Withdrawal'),(2708,'2005-01-30',NULL,574,'My Withdrawal'),(2709,'2016-08-15',NULL,575,'My Withdrawal'),(2710,'2001-12-05',NULL,576,'My Withdrawal'),(2711,'2007-03-08',NULL,577,'My Withdrawal'),(2712,'1999-11-04',NULL,578,'My Withdrawal'),(2713,'1995-09-05',NULL,579,'My Withdrawal'),(2714,'2015-06-15',NULL,580,'My Withdrawal'),(2715,'1991-10-02',NULL,581,'My Withdrawal'),(2716,'2019-01-17',NULL,582,'My Withdrawal'),(2717,'2011-09-03',NULL,583,'My Withdrawal'),(2718,'2001-11-11',NULL,584,'My Withdrawal'),(2719,'1999-07-17',NULL,585,'My Withdrawal'),(2720,'1992-05-10',NULL,586,'My Withdrawal'),(2721,'2020-01-31',NULL,587,'My Withdrawal'),(2722,'2018-04-30',NULL,588,'My Withdrawal'),(2723,'1993-03-06',NULL,589,'My Withdrawal'),(2724,'1992-07-09',NULL,590,'My Withdrawal'),(2725,'1993-10-03',NULL,591,'My Withdrawal'),(2726,'2019-05-16',NULL,592,'My Withdrawal'),(2727,'2009-09-26',NULL,593,'My Withdrawal'),(2728,'2007-09-27',NULL,594,'My Withdrawal'),(2729,'2004-11-26',NULL,595,'My Withdrawal'),(2730,'2016-12-15',NULL,596,'My Withdrawal'),(2731,'2014-10-23',NULL,597,'My Withdrawal'),(2732,'1994-05-19',NULL,598,'My Withdrawal'),(2733,'2006-12-05',NULL,599,'My Withdrawal'),(2734,'2014-04-26',NULL,600,'My Withdrawal'),(2735,'2014-01-02',NULL,601,'My Withdrawal'),(2736,'2014-03-12',NULL,602,'My Withdrawal'),(2737,'2010-04-02',NULL,603,'My Withdrawal'),(2738,'2006-10-09',NULL,604,'My Withdrawal'),(2739,'2017-08-29',NULL,605,'My Withdrawal'),(2740,'2010-07-05',NULL,606,'My Withdrawal'),(2741,'2016-06-26',NULL,607,'My Withdrawal'),(2742,'2005-02-08',NULL,608,'My Withdrawal'),(2743,'1997-11-24',NULL,609,'My Withdrawal'),(2744,'2016-01-11',NULL,610,'My Withdrawal'),(2745,'1993-08-28',NULL,611,'My Withdrawal'),(2746,'1997-10-03',NULL,612,'My Withdrawal'),(2747,'2013-05-04',NULL,613,'My Withdrawal'),(2748,'2004-06-22',NULL,614,'My Withdrawal'),(2749,'1999-03-22',NULL,615,'My Withdrawal'),(2750,'1996-10-01',NULL,616,'My Withdrawal'),(2751,'1994-11-04',NULL,617,'My Withdrawal'),(2752,'2011-06-20',NULL,618,'My Withdrawal'),(2753,'2009-08-17',NULL,619,'My Withdrawal'),(2754,'1996-06-16',NULL,620,'My Withdrawal'),(2755,'1996-01-30',NULL,621,'My Withdrawal'),(2756,'2015-09-15',NULL,622,'My Withdrawal'),(2757,'1993-02-20',NULL,623,'My Withdrawal'),(2758,'2017-09-08',NULL,624,'My Withdrawal'),(2759,'2016-04-04',NULL,625,'My Withdrawal'),(2760,'1997-04-03',NULL,626,'My Withdrawal'),(2761,'2013-03-04',NULL,627,'My Withdrawal'),(2762,'1997-10-01',NULL,628,'My Withdrawal'),(2763,'2002-11-15',NULL,629,'My Withdrawal'),(2764,'1991-10-24',NULL,630,'My Withdrawal'),(2765,'1992-05-09',NULL,631,'My Withdrawal'),(2766,'2016-07-08',NULL,632,'My Withdrawal'),(2767,'2009-05-19',NULL,633,'My Withdrawal'),(2768,'2006-06-29',NULL,634,'My Withdrawal'),(2769,'2015-03-08',NULL,635,'My Withdrawal'),(2770,'1997-04-10',NULL,636,'My Withdrawal'),(2771,'2004-11-25',NULL,637,'My Withdrawal'),(2772,'1992-10-21',NULL,638,'My Withdrawal'),(2773,'2002-02-22',NULL,639,'My Withdrawal'),(2774,'2009-11-01',NULL,640,'My Withdrawal'),(2775,'2016-07-24',NULL,641,'My Withdrawal'),(2776,'1993-01-04',NULL,642,'My Withdrawal'),(2777,'2019-11-14',NULL,643,'My Withdrawal'),(2778,'2012-12-06',NULL,644,'My Withdrawal'),(2779,'2003-07-16',NULL,645,'My Withdrawal'),(2780,'1996-12-15',NULL,646,'My Withdrawal'),(2781,'2004-05-15',NULL,647,'My Withdrawal'),(2782,'2006-06-15',NULL,648,'My Withdrawal'),(2783,'1994-06-29',NULL,649,'My Withdrawal'),(2784,'2015-07-30',NULL,650,'My Withdrawal'),(2785,'1995-04-09',NULL,651,'My Withdrawal'),(2786,'1990-10-27',NULL,652,'My Withdrawal'),(2787,'2019-01-27',NULL,653,'My Withdrawal'),(2788,'1991-04-03',NULL,654,'My Withdrawal'),(2789,'2012-09-08',NULL,655,'My Withdrawal'),(2790,'1993-10-19',NULL,656,'My Withdrawal'),(2791,'1994-03-10',NULL,657,'My Withdrawal'),(2792,'2008-03-08',NULL,658,'My Withdrawal'),(2793,'2014-09-24',NULL,659,'My Withdrawal'),(2794,'1990-07-24',NULL,660,'My Withdrawal'),(2795,'1999-01-18',NULL,661,'My Withdrawal'),(2796,'2012-12-14',NULL,662,'My Withdrawal'),(2797,'2012-12-19',NULL,663,'My Withdrawal'),(2798,'2008-08-29',NULL,664,'My Withdrawal'),(2799,'1994-07-26',NULL,665,'My Withdrawal'),(2800,'1996-04-08',NULL,666,'My Withdrawal'),(2801,'1992-02-25',NULL,667,'My Withdrawal'),(2802,'1998-05-11',NULL,668,'My Withdrawal'),(2803,'2012-01-11',NULL,669,'My Withdrawal'),(2804,'1996-11-15',NULL,670,'My Withdrawal'),(2805,'2013-06-26',NULL,671,'My Withdrawal'),(2806,'1990-11-07',NULL,672,'My Withdrawal'),(2807,'2015-02-12',NULL,673,'My Withdrawal'),(2808,'1999-12-12',NULL,674,'My Withdrawal'),(2809,'2007-04-17',NULL,675,'My Withdrawal'),(2810,'2018-10-12',NULL,676,'My Withdrawal'),(2811,'2015-10-24',NULL,677,'My Withdrawal'),(2812,'2013-07-13',NULL,678,'My Withdrawal'),(2813,'2015-05-22',NULL,679,'My Withdrawal'),(2814,'1999-02-04',NULL,680,'My Withdrawal'),(2815,'1996-04-17',NULL,681,'My Withdrawal'),(2816,'2017-04-29',NULL,682,'My Withdrawal'),(2817,'1996-05-12',NULL,683,'My Withdrawal'),(2818,'2019-06-03',NULL,684,'My Withdrawal'),(2819,'2002-08-09',NULL,685,'My Withdrawal'),(2820,'2014-12-10',NULL,686,'My Withdrawal'),(2821,'1992-06-24',NULL,687,'My Withdrawal'),(2822,'1990-10-04',NULL,688,'My Withdrawal'),(2823,'1997-10-28',NULL,689,'My Withdrawal'),(2824,'2006-08-01',NULL,690,'My Withdrawal'),(2825,'1999-12-17',NULL,691,'My Withdrawal'),(2826,'2002-12-21',NULL,692,'My Withdrawal'),(2827,'2005-12-03',NULL,693,'My Withdrawal'),(2828,'2019-06-25',NULL,694,'My Withdrawal'),(2829,'2007-01-05',NULL,695,'My Withdrawal'),(2830,'2000-10-06',NULL,696,'My Withdrawal'),(2831,'2007-10-18',NULL,697,'My Withdrawal'),(2832,'2003-11-14',NULL,698,'My Withdrawal'),(2833,'1999-08-02',NULL,699,'My Withdrawal'),(2834,'2006-10-22',NULL,700,'My Withdrawal'),(2835,'2003-10-02',NULL,701,'My Withdrawal'),(2836,'2018-04-14',NULL,702,'My Withdrawal'),(2837,'1993-05-25',NULL,703,'My Withdrawal'),(2838,'1996-07-26',NULL,704,'My Withdrawal'),(2839,'2018-02-16',NULL,705,'My Withdrawal'),(2840,'2009-08-25',NULL,706,'My Withdrawal'),(2841,'2007-10-03',NULL,707,'My Withdrawal'),(2842,'2018-06-03',NULL,708,'My Withdrawal'),(2843,'2000-11-08',NULL,709,'My Withdrawal'),(2844,'2007-07-19',NULL,710,'My Withdrawal'),(2845,'2014-03-06',NULL,711,'My Withdrawal'),(2846,'2018-09-06',NULL,712,'My Withdrawal'),(2847,'2005-08-26',NULL,713,'My Withdrawal'),(2848,'2006-05-26',NULL,714,'My Withdrawal'),(2849,'2000-02-01',NULL,715,'My Withdrawal'),(2850,'2013-06-10',NULL,716,'My Withdrawal'),(2851,'2008-07-04',NULL,717,'My Withdrawal'),(2852,'2016-06-18',NULL,718,'My Withdrawal'),(2853,'1993-01-30',NULL,719,'My Withdrawal'),(2854,'2019-02-21',NULL,720,'My Withdrawal'),(2855,'2007-07-26',NULL,721,'My Withdrawal'),(2856,'1996-03-27',NULL,722,'My Withdrawal'),(2857,'2008-01-19',NULL,723,'My Withdrawal'),(2858,'1999-02-21',NULL,724,'My Withdrawal'),(2859,'2008-10-20',NULL,725,'My Withdrawal'),(2860,'2008-02-19',NULL,726,'My Withdrawal'),(2861,'2015-08-12',NULL,727,'My Withdrawal'),(2862,'1992-05-05',NULL,728,'My Withdrawal'),(2863,'2005-10-18',NULL,729,'My Withdrawal'),(2864,'2014-11-19',NULL,730,'My Withdrawal'),(2865,'2005-12-05',NULL,731,'My Withdrawal'),(2866,'2014-03-06',NULL,732,'My Withdrawal'),(2867,'1998-03-28',NULL,733,'My Withdrawal'),(2868,'2020-02-15',NULL,734,'My Withdrawal'),(2869,'2006-04-12',NULL,735,'My Withdrawal'),(2870,'2006-05-28',NULL,736,'My Withdrawal'),(2871,'2004-10-23',NULL,737,'My Withdrawal'),(2872,'1995-06-13',NULL,738,'My Withdrawal'),(2873,'2016-01-30',NULL,739,'My Withdrawal'),(2874,'2012-08-30',NULL,740,'My Withdrawal'),(2875,'2002-01-10',NULL,741,'My Withdrawal'),(2876,'2015-05-14',NULL,742,'My Withdrawal'),(2877,'2008-06-02',NULL,743,'My Withdrawal'),(2878,'1991-08-16',NULL,744,'My Withdrawal'),(2879,'2002-04-21',NULL,745,'My Withdrawal'),(2880,'1995-07-23',NULL,746,'My Withdrawal'),(2881,'1990-10-10',NULL,747,'My Withdrawal'),(2882,'2019-12-20',NULL,748,'My Withdrawal'),(2883,'2018-04-04',NULL,749,'My Withdrawal'),(2884,'2005-12-05',NULL,750,'My Withdrawal'),(2885,'2011-03-24',NULL,751,'My Withdrawal'),(2886,'1993-06-03',NULL,752,'My Withdrawal'),(2887,'2011-06-23',NULL,753,'My Withdrawal'),(2888,'2013-11-12',NULL,754,'My Withdrawal'),(2889,'2000-02-02',NULL,755,'My Withdrawal'),(2890,'1991-06-15',NULL,756,'My Withdrawal'),(2891,'2009-04-03',NULL,757,'My Withdrawal'),(2892,'1995-08-05',NULL,758,'My Withdrawal'),(2893,'1992-10-21',NULL,759,'My Withdrawal'),(2894,'2008-07-19',NULL,760,'My Withdrawal'),(2895,'1999-12-10',NULL,761,'My Withdrawal'),(2896,'2014-11-16',NULL,762,'My Withdrawal'),(2897,'1998-01-10',NULL,763,'My Withdrawal'),(2898,'2017-07-15',NULL,764,'My Withdrawal'),(2899,'2004-08-30',NULL,765,'My Withdrawal'),(2900,'2017-08-14',NULL,766,'My Withdrawal'),(2901,'2012-04-20',NULL,767,'My Withdrawal'),(2902,'2006-06-15',NULL,768,'My Withdrawal'),(2903,'2009-05-29',NULL,769,'My Withdrawal'),(2904,'2005-06-10',NULL,770,'My Withdrawal'),(2905,'2012-08-04',NULL,771,'My Withdrawal'),(2906,'2020-02-28',NULL,772,'My Withdrawal'),(2907,'1996-11-28',NULL,773,'My Withdrawal'),(2908,'2009-06-22',NULL,774,'My Withdrawal'),(2909,'2011-01-04',NULL,775,'My Withdrawal'),(2910,'1992-07-01',NULL,776,'My Withdrawal'),(2911,'2004-12-08',NULL,777,'My Withdrawal'),(2912,'2013-12-18',NULL,778,'My Withdrawal'),(2913,'2016-11-17',NULL,779,'My Withdrawal'),(2914,'1990-08-13',NULL,780,'My Withdrawal'),(2915,'2009-10-30',NULL,781,'My Withdrawal'),(2916,'1996-08-08',NULL,782,'My Withdrawal'),(2917,'2013-11-07',NULL,783,'My Withdrawal'),(2918,'2007-03-03',NULL,784,'My Withdrawal'),(2919,'2004-01-06',NULL,785,'My Withdrawal'),(2920,'2011-05-27',NULL,786,'My Withdrawal'),(2921,'2010-09-22',NULL,787,'My Withdrawal'),(2922,'2019-04-10',NULL,788,'My Withdrawal'),(2923,'2005-12-23',NULL,789,'My Withdrawal'),(2924,'2010-10-31',NULL,790,'My Withdrawal'),(2925,'2014-08-16',NULL,791,'My Withdrawal'),(2926,'1993-04-05',NULL,792,'My Withdrawal'),(2927,'2019-03-16',NULL,793,'My Withdrawal'),(2928,'2001-07-10',NULL,794,'My Withdrawal'),(2929,'2006-09-07',NULL,795,'My Withdrawal'),(2930,'2007-08-13',NULL,796,'My Withdrawal'),(2931,'1998-06-03',NULL,797,'My Withdrawal'),(2932,'2019-09-13',NULL,798,'My Withdrawal'),(2933,'2010-08-11',NULL,799,'My Withdrawal'),(2934,'2012-06-16',NULL,800,'My Withdrawal'),(2935,'2018-04-12',NULL,801,'My Withdrawal'),(2936,'2003-05-09',NULL,802,'My Withdrawal'),(2937,'2013-02-19',NULL,803,'My Withdrawal'),(2938,'2014-09-24',NULL,804,'My Withdrawal'),(2939,'2017-06-19',NULL,805,'My Withdrawal'),(2940,'2000-01-11',NULL,806,'My Withdrawal'),(2941,'1996-12-05',NULL,807,'My Withdrawal'),(2942,'2005-05-28',NULL,808,'My Withdrawal'),(2943,'1992-09-29',NULL,809,'My Withdrawal'),(2944,'2017-09-05',NULL,810,'My Withdrawal'),(2945,'1994-06-01',NULL,811,'My Withdrawal'),(2946,'1999-04-28',NULL,812,'My Withdrawal'),(2947,'2011-12-16',NULL,813,'My Withdrawal'),(2948,'1995-05-27',NULL,814,'My Withdrawal'),(2949,'2009-10-06',NULL,815,'My Withdrawal'),(2950,'2013-06-13',NULL,816,'My Withdrawal'),(2951,'1992-04-23',NULL,817,'My Withdrawal'),(2952,'2016-10-25',NULL,818,'My Withdrawal'),(2953,'2006-03-19',NULL,819,'My Withdrawal'),(2954,'2014-09-26',NULL,820,'My Withdrawal'),(2955,'2013-04-14',NULL,821,'My Withdrawal'),(2956,'2004-09-12',NULL,822,'My Withdrawal'),(2957,'2013-11-05',NULL,823,'My Withdrawal'),(2958,'2010-11-19',NULL,824,'My Withdrawal'),(2959,'2020-06-13',NULL,825,'My Withdrawal'),(2960,'2004-04-21',NULL,826,'My Withdrawal'),(2961,'2019-04-13',NULL,827,'My Withdrawal'),(2962,'1994-08-03',NULL,828,'My Withdrawal'),(2963,'1994-03-20',NULL,829,'My Withdrawal'),(2964,'2008-03-10',NULL,830,'My Withdrawal'),(2965,'2009-05-12',NULL,831,'My Withdrawal'),(2966,'2009-12-12',NULL,832,'My Withdrawal'),(2967,'1994-12-31',NULL,833,'My Withdrawal'),(2968,'2018-02-04',NULL,834,'My Withdrawal'),(2969,'2006-03-04',NULL,835,'My Withdrawal'),(2970,'1990-09-06',NULL,836,'My Withdrawal'),(2971,'2006-08-23',NULL,837,'My Withdrawal'),(2972,'1993-05-13',NULL,838,'My Withdrawal'),(2973,'2018-03-10',NULL,839,'My Withdrawal'),(2974,'1993-12-23',NULL,840,'My Withdrawal'),(2975,'2015-03-25',NULL,841,'My Withdrawal'),(2976,'2018-07-07',NULL,842,'My Withdrawal'),(2977,'1999-10-26',NULL,843,'My Withdrawal'),(2978,'2015-11-24',NULL,844,'My Withdrawal'),(2979,'2015-05-07',NULL,845,'My Withdrawal'),(2980,'2000-12-03',NULL,846,'My Withdrawal'),(2981,'2008-05-20',NULL,847,'My Withdrawal'),(2982,'1994-08-08',NULL,848,'My Withdrawal'),(2983,'2009-12-09',NULL,849,'My Withdrawal'),(2984,'2001-05-07',NULL,850,'My Withdrawal'),(2985,'1990-11-27',NULL,851,'My Withdrawal'),(2986,'2007-05-13',NULL,852,'My Withdrawal'),(2987,'1996-10-18',NULL,853,'My Withdrawal'),(2988,'2007-12-09',NULL,854,'My Withdrawal'),(2989,'2004-02-14',NULL,855,'My Withdrawal'),(2990,'2003-11-27',NULL,856,'My Withdrawal'),(2991,'2017-01-10',NULL,857,'My Withdrawal'),(2992,'1991-03-25',NULL,858,'My Withdrawal'),(2993,'2020-05-23',NULL,859,'My Withdrawal'),(2994,'2011-04-17',NULL,860,'My Withdrawal'),(2995,'2006-03-15',NULL,861,'My Withdrawal'),(2996,'2014-11-29',NULL,862,'My Withdrawal'),(2997,'2003-04-11',NULL,863,'My Withdrawal'),(2998,'1992-04-14',NULL,864,'My Withdrawal'),(2999,'2003-04-26',NULL,865,'My Withdrawal'),(3000,'1999-09-07',NULL,866,'My Withdrawal'),(3001,'2017-11-09',NULL,867,'My Withdrawal'),(3002,'2005-07-19',NULL,868,'My Withdrawal'),(3003,'2013-10-27',NULL,869,'My Withdrawal'),(3004,'2018-04-04',NULL,870,'My Withdrawal'),(3005,'1995-01-21',NULL,871,'My Withdrawal'),(3006,'2009-01-22',NULL,872,'My Withdrawal'),(3007,'2008-05-01',NULL,873,'My Withdrawal'),(3008,'2009-08-07',NULL,874,'My Withdrawal'),(3009,'1998-01-26',NULL,875,'My Withdrawal'),(3010,'2018-06-02',NULL,876,'My Withdrawal'),(3011,'2011-11-16',NULL,877,'My Withdrawal'),(3012,'2009-01-04',NULL,878,'My Withdrawal'),(3013,'2016-02-14',NULL,879,'My Withdrawal'),(3014,'2019-02-05',NULL,880,'My Withdrawal'),(3015,'2017-10-20',NULL,881,'My Withdrawal'),(3016,'1995-03-05',NULL,882,'My Withdrawal'),(3017,'2000-10-22',NULL,883,'My Withdrawal'),(3018,'2004-11-28',NULL,884,'My Withdrawal'),(3019,'1997-05-05',NULL,885,'My Withdrawal'),(3020,'1995-07-25',NULL,886,'My Withdrawal'),(3021,'2010-06-25',NULL,887,'My Withdrawal'),(3022,'2009-09-27',NULL,888,'My Withdrawal'),(3023,'2004-02-10',NULL,889,'My Withdrawal'),(3024,'1993-12-05',NULL,890,'My Withdrawal'),(3025,'2009-10-25',NULL,891,'My Withdrawal'),(3026,'2003-06-30',NULL,892,'My Withdrawal'),(3027,'2015-09-01',NULL,893,'My Withdrawal'),(3028,'1995-06-21',NULL,894,'My Withdrawal'),(3029,'2018-12-16',NULL,895,'My Withdrawal'),(3030,'2006-03-18',NULL,896,'My Withdrawal'),(3031,'2006-05-12',NULL,897,'My Withdrawal'),(3032,'2013-12-16',NULL,898,'My Withdrawal'),(3033,'2003-12-22',NULL,899,'My Withdrawal');
/*!40000 ALTER TABLE `transactions` ENABLE KEYS */;
UNLOCK TABLES;
/*!40103 SET TIME_ZONE=@OLD_TIME_ZONE */;

/*!40101 SET SQL_MODE=@OLD_SQL_MODE */;
/*!40014 SET FOREIGN_KEY_CHECKS=@OLD_FOREIGN_KEY_CHECKS */;
/*!40014 SET UNIQUE_CHECKS=@OLD_UNIQUE_CHECKS */;
/*!40101 SET CHARACTER_SET_CLIENT=@OLD_CHARACTER_SET_CLIENT */;
/*!40101 SET CHARACTER_SET_RESULTS=@OLD_CHARACTER_SET_RESULTS */;
/*!40101 SET COLLATION_CONNECTION=@OLD_COLLATION_CONNECTION */;
/*!40111 SET SQL_NOTES=@OLD_SQL_NOTES */;

-- Dump completed on 2021-06-06 15:32:30
