C_ID,C_name,income,years_of_credit_hist,credit_score
13500,Aleph HILL,911430,25,748
13501,Robbie FLORES,904058,33,709
13502,Yanel GREEN,1012510,32,724
13503,Timea MARTIN,950969,16,714
13504,Ralphy ADAMS,766384,44,714
13505,Lilian NELSON,1292646,1,729
13506,Savage BAKER,1256128,5,722
13507,Aazan HALL,1317707,22,662
13508,Jarrick RIVERA,1494939,14,738
13509,Lionel CAMPBELL,422256,37,675
13510,Kenasia MITCHELL,1264127,22,740
13511,Sareena CARTER,1006677,32,717
13512,Masih ROBERTS,2371200,22,717
13513,Madylan GOMEZ,1390648,4,701
13514,Kasch PHILLIPS,1532407,49,700
13515,Rylei EVANS,555788,1,723
13516,Shiya TURNER,1488080,14,692
13517,Paxtyn DIAZ,1557848,29,7330
13518,Demariah PARKER,2641760,16,692
13519,Roxie CRUZ,1304730,32,727
13520,Keidy EDWARDS,1117656,36,731
13521,Keylan COLLINS,1228825,40,740
13522,Jadia REYES,802370,22,7080
13523,Mesut PECK,1157556,32,730
13524,Birch STEWART,4694900,47,740
13525,Hisham BURCH,507661,30,744
13526,Kendale MORRIS,681169,23,741
13527,Aritzel MORALES,953705,6,647
13528,Milos MURPHY,470630,39,719
13529,Jordyn COOK,1089555,1,731
13530,Muaad ROGERS,1124040,42,722
13531,Christyanna GUTIERREZ,1449947,33,678
13532,Anecia ORTIZ,664335,13,674
13533,Berta MORGAN,1846154,24,739
13534,Youssef COOPER,804859,29,706
13535,Cristofer PETERSON,963186,34,724
13536,Frimy MADDOX,1153110,3,737
13537,Gricelda VO,1095369,9,750
13538,Saulo BAILEY,1315503,22,739
13539,Parish LUCERO,741228,5,740
13540,Deakin REED,1364447,0,728
13541,Treylan KELLY,868737,34,731
13542,Ruhaan HOWARD,836475,19,722
13543,Evin RAMOS,750880,1,717
13544,Arbor KIM,413744,29,740
13545,Ayusha COX,576099,43,720
13546,Knoah WARD,1010534,12,710
13547,Tuf RICHARDSON,1717695,37,676
13548,Tanay WATSON,1990991,35,735
13549,Armoni SMITH,1000160,45,712
13550,Xabian BROOKS,2132085,2,704
13551,Nhyla LEVY,1679125,48,640
13552,Shylo CHAVEZ,2674725,5,738
13553,Azaliah WOOD,887718,47,724
13554,Caidon JAMES,1542800,36,721
13555,Jakayden BENNETT,2643033,41,7090
13556,Millee OCONNELL,504374,39,680
13557,Antonino GRAY,658141,13,720
13558,Quan MENDOZA,1064209,48,744
13559,Lennox HUBER,1243094,25,722
13560,Shakyla RUIZ,1275831,35,708
13561,Pavel HUGHES,1691361,14,634
13562,Gabryel PRICE,1380711,11,738
13563,Mystery ALVAREZ,962502,36,740
13564,Danni CASTILLO,2397325,23,738
13565,Corryn SANDERS,657286,6,723
13566,Keyan VU,16244088,34,703
13567,Bosco ANDERSEN,862011,11,740
13568,Tayshaun PATEL,1246742,32,664
13569,James MYERS,2470931,2,742
13570,Kenden LONG,1864660,15,749
13571,Boluwatife ROSS,1059725,22,653
13572,Janasia FOSTER,2999264,42,718
13573,Kamil JIMENEZ,668876,22,740
13574,Londell POWELL,712348,23,707
13575,Cammie JENKINS,2427250,6,670
13576,Aili PERRY,844531,48,739
13577,Joslin RUSSELL,763496,4,714
13578,Jaymes SULLIVAN,1672893,46,699
13579,Avril BELL,1488365,38,740
13580,Anabela COLEMAN,1950008,32,687
13581,Milee SPENCE,1191699,44,701
13582,Mary BUTLER,1341438,33,712
13583,Saith HENDERSON,668800,35,735
13584,Issac BARNES,996892,29,723
13585,Aariya GONZALES,1307067,3,751
13586,Annagail MCPHERSON,462023,22,744
13587,Kizer SMITH,3511846,7,737
13588,Jovanii FISHER,4851175,49,723
13589,Mishon VASQUEZ,1668447,45,7120
13590,Keirstin SIMMONS,663138,3,706
13591,Maybrie ROMERO,1995399,33,720
13592,Liliyana JORDAN,1135440,40,739
13593,Baird PATTERSON,1132020,38,726
13594,Sylus ALLEN,1030199,22,715
13595,Ilyanna JOHNSON,1438262,41,611
13596,Lyra ALEXANDER,1032783,25,715
13597,Coye BOYLE,2628612,34,718
13598,Gurleen HAMILTON,723596,12,716
13599,Ziah GRAHAM,604466,5,6070
13600,Jansen REYNOLDS,551285,38,709
13601,Darlin GRIFFIN,2051126,6,728
13602,Nerissa HANNA,1484736,7,715
13603,Emory WALLACE,1499480,25,724
13604,Raji PACE,1675458,16,7390
13605,Gemari RUSH,2699102,41,744
13606,Darlene MORENO,1711463,35,670
13607,Rashid WEST,989482,41,743
13608,Zyan COLE,1416165,36,738
13609,Karmine HAYES,576897,14,748
13610,Trygg BRYANT,1368817,25,704
13611,Roiza HERRERA,1266787,12,748
13612,Kyndle GIBSON,1005480,48,666
13613,Lillian ELLIS,865013,13,715
13614,Jodie TRAN,1712641,45,714
13615,Kypton CHURCH,333583,36,674
13616,Bensyn SCHMITT,515147,34,731
13617,Deijah MEDINA,449711,5,715
13618,Saren AGUILAR,768512,15,743
13619,Shamon STEVENS,1901330,20,741
13620,Tysin MURRAY,1541888,14,715
13621,Ezaria FORD,1027140,19,731
13622,Arwen CASTRO,1161774,6,633
13623,Maaliyah WILLIAMS,1157898,11,692
13624,Holston MARSHALL,1089460,6,734
13625,Charlytte OWENS,1509113,44,708
13626,Damean WOODWARD,852701,43,711
13627,Eva HARRISON,939246,28,730
13628,Klara FERNANDEZ,761976,7,709
13629,Rossy MCDONALD,690156,32,717
13630,Jonothan WOODS,2559870,13,746
13631,Kayal WASHINGTON,706914,10,723
13632,Karie KENNEDY,3068538,19,719
13633,Sherlin WELLS,2087283,49,731
13634,Patton VARGAS,2331205,28,713
13635,Cherish HENRY,969418,14,717
13636,Ronae STANTON,644841,37,737
13637,Washington CHEN,1599553,42,663
13638,Cylis FREEMAN,2109437,36,722
13639,Khyrie WEBB,1172813,14,704
13640,Rainn TUCKER,1586576,5,697
13641,Niveyah LEAL,485602,23,6660
13642,Saleena GUZMAN,1070061,10,725
13643,Aftyn HURLEY,1382364,24,599
13644,Inmer BURNS,2379750,24,709
13645,Trisden CRAWFORD,4180418,46,725
13646,Ashten RICHMOND,625613,1,730
13647,Natashia HARDING,705242,12,690
13648,Amarri OLSON,483930,22,707
13649,Lira SIMPSON,1234867,3,735
13650,Antonius MCCONNELL,388493,36,7320
13651,Ariyelle CHERRY,660079,46,701
13652,Cristal PORTER,1951946,21,674
13653,Nur HUNTER,813238,10,750
13654,Treyvonne GORDON,1872982,8,674
13655,Natilyn MENDEZ,1153224,48,728
13656,Amyria SILVA,835753,22,723
13657,Nixon SHAW,1525434,3,748
13658,Adleigh SNYDER,2891762,16,726
13659,Damyen MASON,752571,9,737
13660,Amariyah BERNAL,1032764,42,707
13661,Lailie DIXON,547998,5,709
13662,Nikolay MUNOZ,1119404,37,739
13663,Jacameron HUNT,563160,26,681
13664,Mazi HICKS,1040934,4,747
13665,Brinlee HOLMES,944965,9,685
13666,Mirai COMPTON,375554,42,641
13667,Raelene PALMER,1310050,43,737
13668,Camil NAVA,1777754,11,616
13669,Romon WAGNER,1127346,26,729
13670,Pheonix BLACK,2198110,28,745
13671,Jazelyn ROBERTSON,2016337,46,747
13672,Korrine BOYD,1458915,37,728
13673,Sho ROSE,629755,48,730
13674,Kirill STONE,1523800,30,6820
13675,Briahna SALAZAR,1211725,18,735
13676,Kamera AYERS,1914250,15,746
13677,Hadasa BROWN,715521,22,742
13678,Davie FOX,1919228,41,745
13679,Whitnee WARREN,1193428,32,738
13680,Auna MILLS,1154668,47,741
13681,Aneres MEYER,1206975,22,746
13682,Dmetrius RICE,2642976,17,747
13683,Shaan EVERETT,2360940,39,725
13684,Deema DUDLEY,708453,4,689
13685,Baylea SIERRA,960925,37,729
13686,Gabrial SCHMIDT,1241707,6,735
13687,Loren KING,1955898,25,670
13688,Michelina GARZA,1819079,26,746
13689,Roham DANIELS,775580,11,721
13690,Danah POLLARD,3992964,28,712
13691,Emri FERGUSON,1680417,25,691
13692,Sujay ALFARO,860643,22,720
13693,Arrayah NICHOLS,810179,19,6870
13694,Talina STEPHENS,769880,32,7260
13695,Lezah HESTER,1407900,17,662
13696,Cairo SOTO,1549317,24,748
13697,Jordon WEAVER,788272,41,712
13698,Mateusz RYAN,945383,22,744
13699,Andi GARDNER,920113,30,731
13700,Delyla PAYNE,2696442,43,725
13701,Orren VENTURA,2247624,39,743
13702,Lillyana GRANT,5709956,15,750
13703,Erianne DUNN,1777982,5,748
13704,Ziyan KELLEY,1037514,24,615
13705,Lamondre SPENCER,670795,44,7180
13706,Janeice HAWKINS,713222,16,711
13707,Apollos JARAMILLO,3320896,18,680
13708,Rondal ARNOLD,960165,0,708
13709,Kashden PIERCE,788101,24,683
13710,Javen VAZQUEZ,1257477,21,669
13711,Montel HANSEN,2186539,23,734
13712,Brinson PETERS,853803,4,632
13713,Wally SANTOS,1288789,8,741
13714,Daud HART,2808352,16,729
13715,Melony BRADLEY,1944840,39,737
13716,Zaide PROCTOR,929480,34,7420
13717,Blanca KNIGHT,3023204,45,725
13718,Breylon ELLIOTT,1893844,27,672
13719,Mylan CUNNINGHAM,4078977,14,718
13720,Naheem DUNCAN,1556708,43,731
13721,Brisa ARMSTRONG,2781030,18,741
13722,Zora HUDSON,1308929,2,716
13723,Keyley FELIX,729961,23,719
13724,Aubriauna CARROLL,655633,40,740
13725,Garth LANE,751564,7,723
13726,Kenyah RILEY,485412,7,7140
13727,Lory LU,2248308,10,725
13728,Malayna ANDREWS,1147068,43,729
13729,Endya ALVARADO,1308321,31,740
13730,Rylah RAY,953534,26,743
13731,Kameren DELGADO,1231428,11,7320
13732,Casia BERRY,1865040,16,742
13733,Taleia HINTON,811965,27,683
13734,Kaysha PERKINS,2080975,23,747
13735,Yida HOFFMAN,1408185,2,680
13736,Leysha JOHNSTON,818140,7,641
13737,Jakaylee MATTHEWS,2223893,12,746
13738,Joselle PENA,3011823,14,747
13739,Rakan RICHARDS,947682,14,724
13740,Quintin CONTRERAS,801154,30,669
13741,Ameriah WILLIS,1701165,12,606
13742,Alaia CARPENTER,1158240,48,740
13743,Rohin LAWRENCE,704387,23,715
13744,Alexxia SANDOVAL,1560812,18,712
13745,Raidyn GUERRERO,2491451,20,7100
13746,Finn AVERY,1058262,36,724
13747,Gilda GEORGE,279623,0,743
13748,Werner CHAPMAN,1548576,28,744
13749,Deslyn RIOS,1482589,25,737
13750,Maximilliano PUGH,1732059,26,749
13751,Rayna ESTRADA,1446375,17,749
13752,Shyan MAYER,5283007,23,733
13753,Demani NOVAK,2265864,12,5880
13754,Seona ORTEGA,1570160,27,747
13755,Leonella WATKINS,1828560,2,727
13756,Deidra GREENE,1225614,3,746
13757,Anita NUNEZ,538973,9,6270
13758,Makyia WHEELER,1585949,8,724
13759,Adyline VALDEZ,1592960,24,742
13760,Srijan GOOD,583167,17,692
13761,Eligio HARPER,965181,17,694
13762,Keiko BURKE,1192364,9,716
13763,Kelaiah LARSON,700074,25,713
13764,Park BLACKBURN,1338645,24,712
13765,Nachum SANTIAGO,1712641,15,734
13766,Wanita MALDONADO,950095,2,740
13767,Dhiya MORRISON,891480,20,720
13768,Jael FRANKLIN,969950,36,678
13769,Payeton MADDEN,564186,43,719
13770,Jenai CARLSON,1315826,2,720
13771,Izan AUSTIN,776340,20,722
13772,Mckenzie DOMINGUEZ,2487537,2,730
13773,Nolawit CARR,1803936,38,723
13774,Raylin MCCANN,2048200,30,718
13775,Ryeli LAWSON,1042283,29,7390
13776,Emauri DUNLAP,2365158,28,743
13777,Ireland JACOBS,735072,22,702
13778,Miana OBRIEN,1044278,21,741
13779,Lexine LYNCH,2661311,9,612
13780,Alysson SINGH,702468,44,739
13781,Sophey VEGA,768284,4,721
13782,Marcial BISHOP,1871880,19,747
13783,Natalia MONTGOMERY,1784784,49,745
13784,Sachin OLIVER,1218337,27,722
13785,Salia JENSEN,612199,14,733
13786,Lesly KRUEGER,1002326,0,722
13787,Emmanuel GOULD,918650,22,721
13788,Alixandra HARVEY,1303533,19,697
13789,Sheila WILLIAMSON,2369547,5,691
13790,Jakeob GILBERT,2233450,47,728
13791,Jerzee DEAN,1494008,40,714
13792,Breslin SIMS,1488384,15,6950
13793,Lorin ESPINOZA,1394657,31,746
13794,Giovanni HOWELL,868946,15,706
13795,Tovia LEE,1668637,46,750
13796,Yita LI,1229452,42,6680
13797,Jaisha WONG,1025563,30,741
13798,Layani REID,2103585,33,724
13799,Eden HANSON,1470429,28,733
13800,Keilani MOYER,375364,42,725
13801,Epifanio TERRELL,1273779,40,722
13802,Aryn LE,4046202,21,726
13803,Rylyn MCCOY,1701146,47,714
13804,Ammaar GARRETT,1061264,32,741
13805,Vashon BURTON,2097828,40,749
13806,Braelyn FULLER,1483577,29,699
13807,Brynnlie RASMUSSEN,2009174,1,716
13808,Jiana WANG,1870550,23,728
13809,Cathryn LIM,599963,26,702
13810,Rickiyah WEBER,1956031,33,748
13811,Nalea WELCH,3018112,18,713
13812,Exton JARVIS,1892134,2,714
13813,Cadhla ROJAS,751051,37,744
13814,Jovann LUCAS,1368342,15,726
13815,Preston MARQUEZ,4184180,38,725
13816,Sophiaann FIELDS,565269,23,738
13817,Adina PARK,1775588,5,722
13818,Abiageal PEREZ,670244,17,718
13819,Kaidon YANG,2113408,6,7220
13820,Dusten LITTLE,1058490,19,7420
13821,Annie BANKS,1010097,4,747
13822,Rajveer PADILLA,2042291,36,681
13823,Iban DAY,1145719,27,6920
13824,Legaci WALSH,3783660,12,740
13825,Zarionna BOWMAN,2032924,1,680
13826,Palmer BENDER,1732743,13,725
13827,Kierstyn SCHULTZ,1037058,49,742
13828,Toryn LUNA,1933592,20,646
13829,Topher FOWLER,838584,7,712
13830,Abrian MEJIA,955605,15,732
13831,Amani DAVIDSON,1156986,37,700
13832,Zebastian ACOSTA,2324232,27,688
13833,Jocey BREWER,965295,33,734
13834,Zahmire FRYE,849623,32,737
13835,Price MAY,759088,49,732
13836,Sevana HOLLAND,1710665,20,740
13837,Azaliyah JUAREZ,1525776,36,739
13838,Farrah NEWMAN,1155276,49,734
13839,Leniah DICKSON,819128,4,693
13840,Temilola PEARSON,2524587,14,750
13841,Kalicia CURTIS,377416,4,719
13842,Taraji SHEPPARD,1691019,26,693
13843,Celina CORTEZ,528276,22,713
13844,Sladen DOUGLAS,1191015,14,728
13845,Athalia SCHNEIDER,1491310,21,734
13846,Selah JOSEPH,711816,17,734
13847,Gunnar REYNA,1026361,12,743
13848,Maeci THOMPSON,1022428,24,750
13849,Diyar BARRETT,1130196,36,662
13850,Gunter NAVARRO,650370,4,721
13851,Adrianne FIGUEROA,2469202,19,667
13852,Jemima KELLER,1259833,43,720
13853,Laureana AVILA,539771,7,626
13854,Ileana WADE,583908,8,713
13855,Addylin MOLINA,1049845,44,693
13856,Katalia STANLEY,3380860,25,747
13857,Avrie HOPKINS,1028869,27,657
13858,Susan CAMPOS,1669131,38,746
13859,Xzaria BARNETT,954180,28,718
13860,Makya BATES,1442347,8,700
13861,Millicent CHAMBERS,972040,22,742
13862,Shakhia CALDWELL,1248718,16,706
13863,Vinton BECK,1816191,7,740
13864,Balin LAMBERT,1906270,5,728
13865,Audriana MIRANDA,581001,47,738
13866,Kianna SHEPARD,875653,12,708
13867,Guilianna CANTRELL,930240,33,705
13868,Valery BYRD,744648,2,730
13869,Giovonni CRAIG,1936860,38,736
13870,Krystian AYALA,1746594,28,675
13871,Torreon WHITE,1378963,13,745
13872,Safi LOWE,1528968,45,739
13873,Mylene MCMAHON,1440827,5,734
13874,Nehorai LANDRY,718751,28,704
13875,Macayla FRAZIER,1459884,43,711
13876,Meya POWERS,831953,17,696
13877,Alezander NEAL,997443,39,710
13878,Yardena LEONARD,1242790,32,725
13879,Doyle GREGORY,816905,39,635
13880,Josilyn CARRILLO,1541432,28,609
13881,Evyn SUTTON,1891450,7,7410
13882,Cartel FLEMING,942115,37,718
13883,Chukwuma RHODES,2789998,4,738
13884,Zeddicus SHELTON,1502368,33,689
13885,Akela SCHWARTZ,1540102,29,715
13886,Angeliz MAYO,519099,29,735
13887,Keyshun NORRIS,921120,5,750
13888,Beata JENNINGS,967195,45,730
13889,Tahmir WATTS,1348221,15,733
13890,Sheccid DURAN,646380,29,647
13891,Jazlyn WALTERS,966530,20,724
13892,Zyron COHEN,1358994,0,737
13893,Kenzi BRANCH,1403492,33,693
13894,Malea HARRIS,583851,1,740
13895,Jlynn MCDANIEL,1112792,16,732
13896,Midas DUFFY,1278320,38,694
13897,Yvens JONES,3157002,7,700
13898,Waverley MORAN,1012567,49,737
13899,Jaclynn PARKS,2127582,49,7300
13900,Alieah STEELE,896534,18,711
13901,Cayn VAUGHN,1011522,40,745
13902,Yarethzy BECKER,970710,14,710
13903,Alazay HOLT,609634,45,744
13904,Aarav HENDRIX,5587710,29,705
13905,Jayland DELEON,2518412,9,729
13906,Absidy CASE,1722654,20,724
13907,Jabril BARKER,734350,46,725
13908,Edwina SAMPSON,3111744,37,741
13909,Sonni TERRY,629679,8,733
13910,Juna HALE,1323616,1,709
13911,Jamani LEON,568290,41,748
13912,Cory HAIL,1551008,41,718
13913,Remigio BENSON,1641372,46,683
13914,Jamyson HAYNES,870903,8,690
13915,Tennley GARCIA,953021,11,724
13916,Honestii HORTON,968050,5,732
13917,Kullen MILES,913824,17,686
13918,Hynlee LYONS,1367487,4,711
13919,Elia PHAM,1740780,38,724
13920,Dale GRAVES,929784,8,721
13921,Jovin BUSH,2336316,41,622
13922,Keyanni THORNTON,1326409,42,7040
13923,Izzabelle WOLFE,465082,2,719
13924,Dominick WARNER,2682800,35,723
13925,Analilia CABRERA,1050757,17,727
13926,Evdokia MCKINNEY,1312577,43,723
13927,Ziggy MANN,2368597,16,737
13928,Akira WRIGHT,476235,16,714
13929,Kelsea ZIMMERMAN,1032973,8,683
13930,Dantae SANCHEZ,1003371,38,677
13931,Spiro DAWSON,806702,18,735
13932,Azazel LARA,2308652,27,726
13933,Raea FLETCHER,2175785,38,748
13934,Arriella PAGE,989786,40,728
13935,Kalem MCCARTHY,869364,31,710
13936,Elon LOVE,1782428,23,749
13937,Adith BRANDT,575814,43,679
13938,Jory ROBLES,1443278,25,674
13939,Dayjon CERVANTES,907421,47,713
13940,Zurri SOLIS,1063810,20,680
13941,Jaddiel ERICKSON,1645039,27,698
13942,Raeanna MOSES,2006172,25,724
13943,Raela REEVES,1110151,20,728
13944,Josslyn CHANG,2820018,22,722
13945,Jalynn ROLLINS,1776671,45,708
13946,Jenea MAGANA,1128942,8,662
13947,Ceira PHILLIPS,2455180,39,739
13948,Kiralee KLEIN,928511,45,735
13949,Elay SALINAS,1066223,34,725
13950,Raziah FUENTES,811414,34,7100
13951,Elion BLACKBURN,2158210,42,745
13952,Emmalin BALDWIN,966625,32,699
13953,Jame ROWLAND,1718550,0,695
13954,Estelle DANIEL,1126662,4,737
13955,Waden SIMON,404586,5,736
13956,Johanan VELASQUEZ,982737,0,700
13957,Vidya HARDY,1160862,7,736
13958,Shamari DUNLAP,2158134,27,745
13959,Arnoldo HIGGINS,2303028,38,713
13960,Gaige AGUIRRE,610318,45,715
13961,Cindi LIN,1610155,36,702
13962,Daegen CUMMINGS,1357037,15,727
13963,Cayman CLARK,1290841,6,749
13964,Jaid CHANDLER,790343,44,736
13965,Meriah SHARP,618982,10,663
13966,Yuritzi BARBER,2115992,32,748
13967,Josimar BOWEN,1600978,3,730
13968,Saachi OCHOA,2837745,46,699
13969,Raegyn DENNIS,995600,39,668
13970,Kearra ROBBINS,848255,47,728
13971,Conan RAMIREZ,806132,3,736
13972,Allaya LIU,971014,0,676
13973,Sanjeev RAMSEY,1580287,7,741
13974,Keionna FRANCIS,1104014,49,663
13975,Kanae GRIFFITH,1004549,7,712
13976,Jezebelle PAUL,780520,25,708
13977,Treshon BLAIR,2171529,44,731
13978,Devlynn OCONNOR,1839485,35,689
13979,Peighton CARDENAS,1498720,41,734
13980,Zacory PACHECO,1200743,49,652
13981,Tyair CROSS,1522432,9,720
13982,Daric CALDERON,1088909,48,751
13983,Halil MCCARTY,949620,15,732
13984,Ekin QUINN,1179786,35,725
13985,Zaiyah MOSS,1456635,35,649
13986,Paysli SWANSON,2133054,0,737
13987,Brandy CHAN,1121190,3,599
13988,Kathy WHITNEY,686185,33,735
13989,Nima RIVAS,4100941,27,714
13990,Nilson KHAN,2461013,23,747
13991,Auraya GOULD,1772377,34,726
13992,Marylyn RODGERS,2149318,0,730
13993,Jovantae AVALOS,1012700,28,7050
13994,Lanie DUKE,661751,27,718
13995,Hendrik SERRANO,1193865,38,701
13996,Syed FITZGERALD,1182275,40,719
13997,Neena ODOM,446747,14,683
13998,Jacorey ROSALES,2521870,33,699
13999,Jiyah STEVENSON,1622562,31,661
14000,Tinlee CHRISTENSEN,1504800,49,749
14001,Kamryn MANNING,1108042,6,726
14002,Lakya GILL,2105238,23,723
14003,Jackson CURRY,624093,16,727
14004,Collette MCLAUGHLIN,1243531,10,665
14005,Mackinley HARMON,1989680,31,748
14006,Niriah MCGEE,802180,35,714
14007,Duaa GROSS,1427717,46,704
14008,Jalayia DOYLE,1205740,15,7430
14009,Shuraim GARNER,1214290,37,701
14010,Jadzia BOOKER,659908,14,748
14011,Aditya NEWTON,2016356,32,750
14012,Raaina DAUGHERTY,1977254,10,707
14013,Jorge TRAVIS,182438,3,708
14014,Laren BURGESS,1780870,12,660
14015,Avelia REESE,647292,21,664
14016,Addalynn WALTON,1117542,31,717
14017,Naylah BLAKE,3039088,27,742
14018,Porfirio TANG,1390097,34,748
14019,Josselyn TRUJILLO,1914630,7,727
14020,Declin ADKINS,1413752,26,655
14021,Adilyn BRADY,1506168,16,674
14022,Reva DUFFY,426854,36,723
14023,Adeyemi PERALTA,1161280,0,735
14024,Kentavious ARCHER,1018742,40,655
14025,Nivriti MILLER,2418947,46,711
14026,Shakia WILLIAMS,1115034,23,673
14027,Dessa GOODMAN,1033087,31,749
14028,Arlis ROMAN,1669986,33,697
14029,Nghia WEBSTER,1318695,33,707
14030,Nosson GOODWIN,1255748,5,660
14031,Zyairah VAUGHAN,1360191,14,743
14032,Kaamil FISCHER,1122843,45,671
14033,Juliann HUANG,1612416,15,701
14034,Leona POTTER,1150317,24,715
14035,Ebby HERRING,1591953,27,746
14036,Madalyn DELACRUZ,1048135,22,750
14037,Ena MONTOYA,978804,28,727
14038,Ivyanna TODD,1842259,28,733
14039,Maurissa WU,1225728,30,717
14040,Markis HINES,480795,4,723
14041,Elana BROWN,1158696,43,750
14042,Payal MULLINS,4024143,42,725
14043,Daksh CASTANEDA,1555036,47,640
14044,Alim MALONE,1483881,15,749
14045,Colt CANNON,1693204,35,716
14046,Jader TATE,1032574,20,718
14047,Dushawn DAVIS,1051023,39,681
14048,Adasia ESTES,849794,4,6970
14049,Perry MACK,2828055,9,722
14050,Macyn RODRIGUEZ,1938380,37,707
14051,Taylen JONES,1078858,28,713
14052,Nikkolai SHERMAN,757720,15,728
14053,Yamilett HUBBARD,5260416,31,720
14054,Makinze HODGES,576840,15,700
14055,Solenne ZHANG,1153452,22,662
14056,Alisandra GUERRA,987126,20,683
14057,Kedrick WOLF,1166942,38,721
14058,Mattison EVANS,1022770,31,719
14059,Katia VALENCIA,2871945,42,749
14060,Geovanni SAUNDERS,539657,23,696
14061,Taye MARTINEZ,1359659,39,721
14062,Makenah FRANCO,688313,5,736
14063,Eleonora ROWE,2120495,41,706
14064,Leani GALLAGHER,1303134,27,648
14065,Tremar FARMER,815784,47,734
14066,Keyra MCKAY,762090,42,693
14067,Connelly HERRING,831231,28,716
14068,Mark HERNANDEZ,2080823,3,679
14069,Hannalee HAMMOND,1699056,2,728
14070,Holdan DONALDSON,1033790,37,731
14071,Eriana HAMPTON,992389,12,720
14072,Tiernan TOWNSEND,2280456,26,715
14073,Seven INGRAM,2463426,24,673
14074,Isley WISE,1348753,34,622
14075,Leelynn GALLEGOS,1722141,30,748
14076,Tzion CLARKE,1237356,33,713
14077,Ryon BARTON,793687,17,7210
14078,Panth ESPINOSA,623922,23,685
14079,Mckinlee SCHROEDER,762413,6,699
14080,Jossilyn LOPEZ,1039338,17,652
14081,Ember MAXWELL,925509,24,679
14082,Katheryn WATERS,1883223,29,748
14083,Ellisen LOGAN,3476430,44,719
14084,Rahaf CAMACHO,895945,35,7110
14085,Derrian STRICKLAND,2173201,15,747
14086,Kaizen NORMAN,968050,9,750
14087,Zaniyha PERSON,1227837,29,746
14088,Nisa GARCIA,935636,49,728
14089,Tahleah MILLER,1332660,20,740
14090,Codie COLON,2094484,5,729
14091,Jax PARSONS,1580116,38,684
14092,Sonnie FRANK,1928215,48,714
14093,Daemian HARRINGTON,1585664,2,747
14094,Audrionna DAVIS,1919817,26,712
14095,Marcus GLOVER,1144902,47,748
14096,Ammarie OSBORNE,1592067,8,716
14097,Naika RIVERS,696787,6,725
14098,Anselmo FARLEY,3740758,24,743
14099,Germain BUCHANAN,942400,12,747
14100,Diamonte RODRIGUEZ,1299676,34,745
14101,Kalob SCOTT,594244,10,705
14102,Adir CASEY,1522907,6,689
14103,Maysen BERNARD,1094514,1,735
14104,Alissah FLOYD,1933250,11,728
14105,Rydge PATTON,574503,12,746
14106,Kenna IBARRA,1020034,49,739
14107,Connor BALL,2853515,8,708
14108,Kyrillos TYLER,937080,0,704
14109,Leylany SUAREZ,946124,5,693
14110,Jozie BOWERS,1658510,25,740
14111,Alanzo OROZCO,1654482,2,6480
14112,Kendle SALAS,1368266,30,715
14113,Ezell COBB,1495927,19,737
14114,Cj GIBBS,3340884,38,746
14115,Momoka ANDRADE,771400,49,735
14116,Arvind BAUER,1028356,34,703
14117,Calliana MARTINEZ,991971,4,7300
14118,Aadrit STUART,769120,3,738
14119,Arael CONNER,684760,36,737
14120,Acheron MOODY,722361,32,725
14121,Deidrick ESCOBAR,1261676,45,659
14122,Wasif ASHLEY,1654748,33,693
14123,Kinya MCGUIRE,1218850,12,668
14124,Glorianna LLOYD,805980,18,7200
14125,Bralen HERNANDEZ,2603266,40,738
14126,Baelyn LOPEZ,727472,35,662
14127,Charlese SANFORD,1780452,22,725
14128,Chibuikem MUELLER,2019738,0,746
14129,Gwenivere GONZALEZ,1621061,12,721
14130,Quin HARTMAN,2069518,46,729
14131,Amiela FRENCH,1853260,23,740
14132,Adair WILSON,1954264,12,717
14133,Navae KRAMER,892943,11,7250
14134,Annarae MCBRIDE,1319759,34,741
14135,Sabino POPE,2259024,42,734
14136,Stuti LINDSEY,971166,14,745
14137,Leighton VELAZQUEZ,1196620,7,733
14138,Agostino NORTON,2781315,43,737
14139,Brecker MCCORMICK,1927265,20,629
14140,Franklyn SPARKS,1228711,9,709
14141,Zanique ANDERSON,640414,45,732
14142,Maebry FLYNN,776188,8,712
14143,Edan YATES,662815,18,699
14144,Orlin TORRES,909777,14,640
14145,Ashyra THOMAS,1212713,39,712
14146,Lyn HOGAN,663898,16,747
14147,Gianny TURNER,1937240,31,724
14148,Aaniyah MARSH,910936,48,691
14149,Yancarlos MACIAS,534318,3,731
14150,Tex TAYLOR,1723433,38,715
14151,Aricella FRIEDMAN,1670157,37,720
14152,Mandie VILLANUEVA,1044734,34,731
14153,Siriyah ZAMORA,1053360,27,722
14154,Aviva PRATT,761007,23,668
14155,Elspeth STOKES,1505256,17,726
14156,Dmarion OWEN,1275071,11,7250
14157,Chole BALLARD,1795443,14,729
14158,Lochlan MOORE,639540,47,711
14159,Niah LANG,2520882,23,721
14160,Remi BROCK,459192,42,729
14161,Adrie VILLARREAL,982965,44,697
14162,Nimra CHARLES,1453500,40,721
14163,Nandini DRAKE,1076977,38,738
14164,Yoyo BARRERA,1475654,19,725
14165,Rishan CAIN,1106731,40,741
14166,Zerion WALLER,744192,29,741
14167,Ellinor PATRICK,2803830,31,732
14168,Maaria GONZALEZ,793250,9,7420
14169,Nala PINEDA,1532616,8,704
14170,Ainsley BURNETT,1742319,8,729
14171,Rilley MERCADO,661979,7,716
14172,Makila SANTANA,1419870,19,739
14173,Ora SHEPHERD,844569,35,718
14174,Magdelyn POTTS,3084384,39,746
14175,Sahriyah BAUTISTA,1145890,4,710
14176,Jasser ALI,1620586,37,663
14177,Jairy SHAFFER,1985234,39,707
14178,Trey LAMB,465082,13,740
14179,Zhyaire TRUONG,2543188,32,723
14180,Demmi TREVINO,728992,18,745
14181,Thayden JACKSON,1189419,29,707
14182,Javian MCKENZIE,798133,48,702
14183,Elajah HESS,732260,7,744
14184,Kosisochukwu BEIL,875444,4,654
14185,Olijah OLSEN,1145358,34,742
14186,Jr COCHRAN,1205607,43,699
14187,Yelena MORTON,951520,29,719
14188,Chaze NASH,887433,2,739
14189,Alicyn WILKINS,1144560,24,656
14190,Lior PETERSEN,2271336,4,718
14191,Anusha BRIGGS,2656542,28,714
14192,June SHAH,1706238,12,751
14193,Kutler ROTH,890625,3,662
14194,Whitley COSTA,759753,26,687
14195,Mahealani NICHOLSON,871112,20,709
14196,Ramond HOLLOWAY,1640517,21,741
14197,Lili LOZANO,1120848,48,738
14198,Taylan RANGEL,367327,24,702
14199,Larayna FLOWERS,452808,2,738
14200,Kairo HOOVER,1218014,9,7000
14201,Alexius SHORT,579215,44,745
14202,Yuki ARIAS,1155618,39,716
14203,Jadavion MORA,2352922,0,722
14204,Emily VALENZUELA,1118682,17,7350
14205,Kana VAUGHAN,655367,14,680
14206,Aiman BRYAN,985720,8,668
14207,Viraaj MEYERS,965865,19,710
14208,Paris LEWIS,922393,43,722
14209,Janani MARTIN,786410,43,701
14210,Thia WEISS,2248574,4,738
14211,Ricco UNDERWOOD,733229,19,706
14212,Dianne BASS,982661,44,707
14213,Jacobe GREER,1736163,10,716
14214,Keelie SUMMERS,1805551,11,722
14215,Boone HOUSTON,1255691,8,7330
14216,Miel CARSON,2753746,27,718
14217,Kymon MORROW,727928,0,746
14218,Marion CLAYTON,2330616,7,720
14219,Emyli WHITAKER,2411347,29,747
14220,Pypper DECKER,1862494,34,686
14221,Yissachar LEE,917016,47,741
14222,Jahmire CORREA,1521520,1,739
14223,Izibella YODER,1874920,0,725
14224,Noelan BLEVINS,564129,6,727
14225,Bentlie COLLIER,2254008,22,598
14226,Jaliel ZUNIGA,948214,29,732
14227,Janylah CAREY,1700424,17,682
14228,Naden WILCOX,616702,28,721
14229,Alexzander MELENDEZ,2647498,28,749
14230,Aunya POOLE,2152719,9,750
14231,Jahleah ROBERSON,1085033,3,712
14232,Kameyah LARSEN,1427090,7,720
14233,Amna CONLEY,1602897,19,708
14234,Halimah DAVENPORT,446899,8,713
14235,Langley COPELAND,1021174,11,747
14236,Issack PEREZ,2781885,2,6300
14237,Ronak MASSEY,438463,39,730
14238,Skilar FAULKNER,728061,39,701
14239,Kameran LAM,1114996,24,718
14240,Davidjames HUFF,871587,15,717
14241,Coty ROCHA,1276078,13,737
14242,Kasey CAMERON,1335909,13,719
14243,Laramie ROBINSON,1614335,32,741
14244,Marialuisa JEFFERSON,1124838,33,724
14245,Aariona HOOD,1058509,17,657
14246,Bibi MAYNARD,623675,19,730
14247,Alias MONROE,1677681,13,655
14248,Jordin THOMPSON,935199,32,723
14249,Tailon WHITE,1285274,43,718
14250,Nisreen HARRIS,606176,30,664
14251,Rylyn ANTHONY,1236235,21,740
14252,Zahriah PITTMAN,2160585,36,677
14253,Ayasha HUYNH,298680,7,691
14254,Izumi RANDALL,1060257,27,735
14255,Ringo SANCHEZ,865868,14,730
14256,Yocheved SINGLETON,1378526,35,723
14257,Aasir KIRK,762717,32,6520
14258,Corrie COMBS,965675,16,741
14259,Manar MATHIS,975004,47,740
14260,Zackarie CHRISTIAN,1225253,5,655
14261,Dain SKINNER,1024043,28,707
14262,Ivann BRADFORD,626487,6,735
14263,Lexani RICHARD,1168576,5,749
14264,Zoii NIXON,847742,19,738
14265,Rushi GALVAN,1017868,39,743
14266,California WALL,1527923,1,678
14267,Annastazia BOONE,842175,1,704
14268,Keeleigh KIRBY,1170552,8,717
14269,Dustyn WILKINSON,1045057,9,706
14270,Freeman BRIDGES,564642,41,735
14271,Alizeh CLARK,3665727,33,699
14272,Daymon BRUCE,1402200,34,684
14273,Fatima ATKINSON,1199736,45,722
14274,Koralyn VELEZ,1772700,42,722
14275,Arye MEZA,1826413,46,710
14276,Kalianna ROY,1239446,3,7260
14277,Ezariah VINCENT,786828,9,699
14278,Shlome YORK,1036773,27,692
14279,Rowe HODGE,1085983,26,648
14280,Jamira VILLA,2451323,1,747
14281,Taiga ABBOTT,1869030,47,665
14282,Suhani ALLISON,1122444,41,748
14283,Imogene TAPIA,1089118,23,714
14284,Zack GATES,1114692,11,713
14285,Alijah CHASE,950760,0,732
14286,Juma SOSA,2091938,14,746
14287,Bret SWEENEY,929328,39,732
14288,Giles FARRELL,1481563,0,680
14289,Kavaris CLEMENTS,1459770,29,720
14290,Zeynep GALINDO,6713460,10,723
14291,Hallee FRY,1867510,9,745
14292,Neymar WYATT,527060,5,735
14293,Adana RAMIREZ,986936,42,6840
14294,Terrin DALTON,1152901,15,737
14295,Karleigh LEWIS,731006,34,749
14296,Rain HORN,870314,6,729
14297,Chancelor BARRON,1428363,35,747
14298,Amiley PHELPS,1146042,18,7370
14299,Yoel WALKER,716414,45,705
14300,Brooklinn YU,1837129,24,676
14301,Adrita DICKERSON,762812,30,708
14302,Aliviah HEATH,3100192,12,736
14303,Enaya FOLEY,829977,13,747
14304,Akua ATKINS,743660,25,704
14305,Tristynn MATHEWS,1213264,22,717
14306,Draylin BONILLA,760247,21,739
14307,Raine ACEVEDO,771476,49,717
14308,Vaanya DELAROSA,2150762,47,748
14309,Brielynn BENITEZ,1822252,15,722
14310,Vandon ZAVALA,439470,35,6970
14311,Dea WILSON,2071627,1,741
14312,Alton HENSLEY,899574,48,7360
14313,Zeyden GLENN,2123858,14,738
14314,Quintus CISNEROS,163894,32,715
14315,Janiece HARRELL,1316434,14,751
14316,Zuleimy SHIELDS,1939520,26,743
14317,Shaeli RUBIO,768968,27,716
14318,Zytaevius HUFFMAN,859237,12,734
14319,Ailis CHOI,1479245,38,739
14320,Pierson BOYER,1854970,2,748
14321,Sahalie GARRISON,1559805,42,723
14322,Kaidyn ARROYO,756276,10,689
14323,Lijah BOND,1084919,7,674
14324,Kristy KANE,2309355,41,689
14325,Saniyha BEST,1310449,0,732
14326,Mihai HANCOCK,719169,0,739
14327,Fenway CALLAHAN,468217,5,722
14328,Laziyah DILLON,1520608,43,717
14329,Fabianna CLINE,879852,12,723
14330,Inaaya WIGGINS,1334199,0,6690
14331,Shia GRIMES,842517,46,706
14332,Rosalind ARELLANO,752096,4,720
14333,Zsofia MELTON,972610,39,729
14334,Corrinne ONEILL,1535200,43,746
14335,Jarielis ROBINSON,1407824,19,684
14336,Callon SAVAGE,700758,42,7380
14337,Deekshitha HO,1940850,13,708
14338,Ahava BELTRAN,1315237,25,722
14339,Yeraldi PITTS,1043233,3,735
14340,Rona PARRISH,1396785,25,728
14341,Annabel PONCE,436031,3,745
14342,Taran RICH,1854989,30,708
14343,Eusebio BOOTH,767904,45,688
14344,Mehdi KOCH,1890671,46,721
14345,Keani GOLDEN,989273,15,738
14346,Dania WARE,1814519,15,724
14347,Yanitza BRENNAN,1784936,2,730
14348,Ailie MCDOWELL,913691,48,716
14349,Elizabelle MARKS,1686402,15,749
14350,Anasofia WALKER,678395,2,703
14351,Tayven CANTU,1683666,16,724
14352,Eleah HUMPHREY,1516808,5,667
14353,Makailah BAXTER,460921,19,732
14354,Khole SAWYER,2052171,23,704
14355,Poe CLAY,1068370,7,747
14356,Reeya TANNER,556149,49,742
14357,Hans HUTCHINSON,4766644,15,740
14358,Kearie KAUR,754224,29,742
14359,Brannen BERG,1024936,11,715
14360,Keidyn YOUNG,794086,18,678
14361,Iven WILEY,1263367,15,718
14362,Graisyn YOUNG,352127,19,722
14363,Luan GILMORE,1630827,25,721
14364,Railey RUSSO,1391807,36,720
14365,Trigger VILLEGAS,570912,12,733
14366,Hollis HOBBS,965200,30,7240
14367,Halena KEITH,522633,0,714
14368,Vivienna WILKERSON,1208951,37,750
14369,Kallen ALLEN,1137492,35,736
14370,Abel AHMED,922222,31,705
14371,Liliana BEARD,1185961,46,732
14372,Mikaia MCCLAIN,1478808,5,731
14373,Kaedin BENTON,1266426,17,745
14374,Haeun LUGO,2352333,12,685
14375,Zandria MONTES,772692,35,741
14376,Jackie MATA,1541052,20,636
14377,Yarisbeth ROSARIO,1139316,7,727
14378,Xaine VANG,465690,11,743
14379,Kawika PORTILLO,452580,47,720
14380,Christina DOUGHERTY,906471,15,731
14381,Sahar KING,1122102,34,739
14382,Ashunti WALTER,948575,17,709
14383,Aizah HENSON,2193588,23,721
14384,Brindle PARRA,1988312,32,732
14385,Max ONEAL,2209909,21,739
14386,Ashmi MOSLEY,1015531,15,743
14387,Ranvir MCCLURE,2063457,10,742
14388,Zunairah BEASLEY,1669188,20,723
14389,Corrado STEPHENSON,2222373,19,696
14390,Jeric SNOW,4373971,24,740
14391,Brinna HUERTA,1039319,17,746
14392,Erron PRESTON,409906,5,714
14393,Dhilan WRIGHT,963889,15,713
14394,Rayann VANCE,3824320,25,714
14395,Ashlie BARRY,2347051,48,741
14396,Shiven JOHNS,1150849,13,719
14397,Cheri SCOTT,1317061,35,742
14398,Shirin EATON,1816381,4,739
14399,Keaghan BLACKWELL,823954,34,6670
14400,Isahi TORRES,1653437,22,715
14401,Terrielle DYER,2065338,15,732
14402,Elinore PRINCE,1423024,43,728
14403,Jubal MACDONALD,937935,11,7330
14404,Braylie ANDERSON,1064855,28,749
14405,Caoimhe SOLOMON,761520,30,709
14406,Haly GUEVARA,748144,40,638
14407,Bren STAFFORD,2914562,43,745
14408,Everett ENGLISH,1239579,43,745
14409,Whitlee CRANE,2699083,17,727
14410,Kalani HALEY,1551920,21,716
14411,Mana HURST,2528539,16,749
14412,Sanavi WOODARD,768968,45,675
14413,Sha CORTES,1022903,38,7500
14414,Nicollette SHANNON,1811175,30,699
14415,Kynadi KEMP,1167930,44,735
14416,Juelle NOLAN,799444,41,670
14417,Viona MCCULLOUGH,1240187,22,748
14418,Tysen MERRITT,1616140,47,716
14419,Sarrinah MURILLO,1037799,46,7130
14420,Aarohi MOON,1889455,5,735
14421,Taygen PHAN,2251728,36,725
14422,Jacquez SALGADO,3780240,17,672
14423,Alaney STRONG,849927,3,741
14424,Nyelle COFFEY,1265381,6,676
14425,Kevyn KLINE,938695,9,671
14426,Smaya CORDOVA,474392,5,645
14427,Ismaila THOMAS,1409895,48,748
14428,Daesean TAYLOR,572052,13,704
14429,Dajon VILLALOBOS,1830992,28,743
14430,Talon BARAJAS,1488384,3,717
14431,Haroon ROACH,1668371,44,628
14432,Jionni ROSAS,713051,2,705
14433,Zionah WINTERS,619134,19,7030
14434,Paesyn JACOBSON,2050499,25,717
14435,Kourtnee LESTER,1185714,37,665
14436,Cyaire KNOX,1043024,24,688
14437,Afrah BULLOCK,810692,25,732
14438,Kymiah KERR,1061625,42,715
14439,Kraig LEACH,1332926,17,7040
14440,Kedric MEADOWS,2867100,1,730
14441,Oracio ORR,2290488,6,707
14442,Brooklyn DAVILA,719207,26,720
14443,Itzell NGUYEN,1029534,47,686
14444,Jaryn WHITEHEAD,697946,29,673
14445,Dereonna PRUITT,947853,17,623
14446,Devika KENT,1183415,11,730
14447,Adelena CONWAY,1353503,41,702
14448,Mateen MCKEE,656488,38,740
14449,Himmat BARR,1300208,43,744
14450,Jamaine BLANCHARD,1332128,24,744
14451,Saphia HILL,2044685,45,681
14452,Bridget DAVID,2276580,3,716
14453,Keniel DEJESUS,1051232,36,745
14454,Ivori MARIN,1687162,40,725
14455,Natasia FLORES,1764435,24,735
14456,Raeghan BERGER,529872,6,747
14457,Kaniah GREEN,1795291,37,744
14458,Johari HORNE,1031833,19,734
14459,Owen MCINTYRE,669655,49,661
14460,Bristyl BLANKENSHIP,778202,7,712
14461,Jazari GAINES,1066679,38,719
14462,Cheikh PALACIOS,940310,8,738
14463,Craven CUEVAS,1390667,23,706
14464,Danniela BARTLETT,1816438,14,682
14465,Krystian DURHAM,2035109,3,731
14466,Adams DORSEY,1418312,20,723
14467,Laira MCCALL,1878340,43,721
14468,Jacody ODONNELL,2735639,7,660
14469,Nichole STEIN,2529090,48,706
14470,Ashvin BROWNING,851751,33,7220
14471,Manases FINLEY,1519563,32,6850
14472,Nadya STOUT,1685547,30,743
14473,Kevian ADAMS,1543408,20,751
14474,Lillien LOWERY,2433672,16,746
14475,Dazaria SLOAN,2078296,33,687
14476,Kayse MCLEAN,1574682,44,675
14477,Simon HENDRICKS,1050966,47,719
14478,Brent QUINTANA,1722825,19,701
14479,Tyger CALHOUN,1162458,0,697
14480,Henli SEXTON,950703,15,640
14481,Camaron LYNN,1229870,29,684
14482,Kierston CHUNG,1178665,23,727
14483,Sirena GENTRY,2660551,33,718
14484,Huxton HULL,2360522,30,748
14485,Tracey DUARTE,575985,0,682
14486,Jahnyla ELLISON,1855293,30,714
14487,Yadira NELSON,2092090,2,740
14488,Jesly NIELSEN,1362585,34,745
14489,Danahi GILLESPIE,378119,42,739
14490,Klaudia BUCK,751792,28,728
14491,Bradley MIDDLETON,1146498,46,745
14492,Travonte SELLERS,1957190,7,742
14493,Shuayb LEBLANC,3501738,1,742
14494,Francia ESPARZA,1994601,10,667
14495,Hanz HARDIN,834480,3,698
14496,Garrison ESQUIVEL,1888410,30,690
14497,Yerlin BRADSHAW,1310848,6,725
14498,Sloane MCINTOSH,1219192,12,751
14499,Ronin HOWE,1526840,33,711
14500,Arash BEAN,964820,32,722
14501,Zyier MCKAY,4855526,14,705
14502,Dominque MOORE,1333990,33,736
14503,Savanna LIVINGSTON,1903990,44,748
14504,Darcey DODSON,724546,29,727
14505,Adoni FROST,774934,46,737
14506,Amilah BAKER,953325,6,610
14507,Isobella HALL,1127574,28,6480
14508,Priscella MULLEN,1198976,16,705
14509,Anias GLASS,1233214,18,675
14510,Dangel JACKSON,2678354,40,691
14511,Karolyna RIVERA,1221985,39,742
14512,Kamrey MORSE,1715415,31,693
14513,Arelly KNAPP,956840,20,7420
14514,Jia HERMAN,1066223,14,696
14515,Vienne STARK,2003721,24,735
14516,Zariyha BRAVO,1482152,2,717
14517,Hayes NOBLE,2070563,26,744
14518,Jahlil CAMPBELL,1412935,13,735
14519,Mahari SPEARS,1680246,38,731
14520,Secora WEEKS,794808,25,727
14521,Ritesh CORONA,721506,47,716
14522,Etai FREDERICK,1422150,28,723
14523,Dayton NGUYEN,622896,7,748
14524,Sabastion BUCKLEY,1419794,43,715
14525,Mariam MITCHELL,1317954,44,714
14526,Yali MCFARLAND,799786,4,747
14527,Zemirah HEBERT,850136,30,718
14528,Claudine CARTER,1455172,39,710
14529,Lindon XIONG,809457,14,738
14530,Raciel ENRIQUEZ,1012396,2,698
14531,Jedd HICKMAN,1815241,5,739
14532,Fable QUINTERO,1114008,20,735
14533,Markeith RANDOLPH,1341951,35,660
14534,Kazmir HAYDEN,2718634,14,743
14535,Alessa ROBERTS,654037,17,694
14536,Mialynn SCHAEFER,1236615,32,7320
14537,Azlyn WALLS,1331330,15,695
14538,Siani TREJO,1255938,16,741
14539,Monico HOUSE,1976969,8,738
14540,Aroosh REILLY,2246940,23,746
14541,Nita PENNINGTON,675507,37,716
14542,Eion CANO,845766,2,707
14543,Ysabelle MICHAEL,1939330,29,697
14544,Minh GOMEZ,749740,27,746
14545,Ziair CONRAD,2050461,21,673
14546,Renad GILES,637089,42,745
14547,Joas BENJAMIN,2425597,30,698
14548,Rubyann CROSBY,1684350,33,673
14549,Jacobo FITZPATRICK,1676484,1,683
14550,Yunes DONOVAN,3182519,20,611
14551,Reese MAYS,2220758,9,747
14552,Alianna MAHONEY,597968,26,716
14553,Anayiah VALENTINE,813010,5,741
14554,Sem RAYMOND,2714473,42,739
14555,Alexandru MEDRANO,1375467,35,713
14556,Devonna HAHN,965580,7,729
14557,Romie MCMILLAN,1928310,42,724
14558,Jazion SMALL,1075761,8,678
14559,Mehr BENTLEY,2024925,12,716
15001,NMDC,294331,78,1042
15002,SAIL,896511,31,1195
15003,Tata Steel,283252,20,1155
15004,Vedanta,778474,60,1126
15005,Jindal Steel,407116,58,1018
15006,Hind Zinc,827221,7,1047
15007,Adani Trans,441235,70,1074
15008,Hindalco,653882,75,1048
15009,Glenmark,829350,52,1058
15010,JSW Steel,556354,53,1103
15011,Adani Ports,738564,24,1177
15012,Muthoot Finance,950145,93,1088
15013,Graphite India,443337,92,1012
15014,HEG,994942,75,1198
15015,SBI Life Insura,831442,96,1112
15016,DLF,328703,95,1043
15017,Abbott India,492979,24,1066
15018,HDFC,351435,41,1147
15019,M&M,430799,97,1192
15020,Bajaj Finserv,804779,20,1088
15021,LIC Housing Fin,948933,84,1162
15022,HPCL,234159,53,1096
15023,Bajaj Holdings,479538,85,1163
15024,TML-D,473525,66,1149
15025,BPCL,255383,4,1002
15026,IOC,546722,79,1086
15027,Oracle Fin Serv,793541,99,1101
15028,Zee Entertain,535217,91,1195
15029,NTPC,408843,10,1170
15030,L&T Finance,232489,91,1117
15031,Bharti Airtel,617229,28,1199
15032,Nippon,416570,59,1083
15033,Power Finance,226419,69,1170
15034,Alkem Lab,562461,30,1001
15035,Coal India,564021,12,1053
15036,ITC,436067,40,1081
15037,ONGC,593032,28,1187
15038,UltraTechCement,324193,40,1093
15039,Motilal Oswal,856550,5,1113
15040,Oil India,936953,33,1189
15041,PNB Housing Fin,834093,72,1183
15042,Sun TV Network,357701,62,1036
15043,Rajesh Exports,451043,3,1111
15044,HUL,912327,48,1127
15045,Ajanta Pharma,742183,11,1062
15046,United Brewerie,797540,6,1157
15047,HDFC Bank,524800,40,1157
15048,Adani Enterpris,272559,10,1128
15049,Pidilite Ind,593295,47,1105
15050,Dr Lal PathLab,518539,96,1011
15051,Sanofi India,725216,88,1074
15052,Torrent Power,456032,83,1048
15053,Bandhan Bank,520256,44,1066
15054,Adani Total Gas,245978,62,1181
15055,SBI,323361,15,1190
15056,RBL Bank,459986,72,1074
15057,Aditya Birla F,867949,68,1004
15058,TCS,579233,36,1125
15059,Canara Bank,584629,43,1046
15060,Quess Corp,369037,89,1143
15061,Maruti Suzuki,637011,84,1064
15062,Gillette India,991227,37,1154
15063,Tata Motors,463510,51,1091
15064,Tata Chemicals,884702,18,1190
15065,Wipro,229692,40,1049
15066,Varun Beverages,904304,43,1190
15067,Shree Cements,349088,43,1034
15068,Balkrishna Ind,410070,20,1067
15069,ACC,643623,66,1165
15070,Aurobindo Pharm,76043017,94,1053
15071,Colgate,29754893,88,1109
15072,NHPC,90040772,33,1033
15073,Biocon,27756607,47,1072
15074,P and G,82643243,33,1111
15075,REC,42586500,93,1057
15076,Avenue Supermar,93091814,41,1094
15077,Page Industries,75810059,97,1103
15078,Titan Company,46461803,53,1059
15079,Ashok Leyland,92831229,17,1184
15080,Adani Green Ene,91282219,52,1188
15081,IOB,37181590,79,1010
15082,Tech Mahindra,50681030,23,1151
15083,Britannia,84081621,7,1159
15084,Supreme Ind,96619586,39,1092
15085,Godrej Ind,68888252,61,1099
15086,Exide Ind,82710092,46,1187
15087,Torrent Pharma,77154654,45,1141
15088,GlaxoSmithKline,65561948,37,1046
15089,HDFC Life,77383514,11,1070
15090,Castrol,26876144,60,1004
15091,Larsen,86133919,37,1103
15092,Cadila Health,77948446,16,1073
15093,Hindustan Aeron,50845455,42,1150
15094,Grasim,71995350,85,1052
15095,Nestle,95144431,94,1065
15096,Adani Power,15472211,91,1152
15097,Dr Reddys Labs,3491727,14,1105
15098,Axis Bank,37297658,1,1114
15099,Pfizer,70986196,51,1040
15100,Asian Paints,83667015,62,1032
